t,tau,S_star,S_star_raw,K_minus_S_star,dS
0.0,1.0,80.8756289264018,80.875,19.124371073598198,0.125
0.00031249999999993783,0.9996875000000001,80.87706414355449,80.875,19.12293585644551,0.125
0.0006249999999999867,0.999375,80.87852317927056,80.875,19.12147682072944,0.125
0.0009374999999999245,0.9990625000000001,80.88000667859774,80.875,19.119993321402262,0.125
0.0012499999999999734,0.99875,80.88151531401682,80.875,19.118484685983177,0.125
0.0015625000000000222,0.9984375,80.88304978725577,80.875,19.11695021274423,0.125
0.00187499999999996,0.998125,80.88461083131763,80.875,19.11538916868237,0.125
0.002187500000000009,0.9978125,80.88619921267419,80.875,19.113800787325815,0.125
0.0024999999999999467,0.9975,80.88781573368986,80.875,19.112184266310138,0.125
0.0028124999999999956,0.9971875,80.88946123534761,80.875,19.11053876465239,0.125
0.0031249999999999334,0.9968750000000001,80.89113660027228,80.875,19.108863399727724,0.125
0.0034374999999999822,0.9965625,80.89284275599857,80.875,19.107157244001428,0.125
0.003750000000000031,0.99625,80.89458067888992,80.875,19.105419321110077,0.125
0.004062499999999969,0.9959375,80.89635139810652,80.875,19.103648601893482,0.125
0.004375000000000018,0.995625,80.89815600076881,80.875,19.101843999231193,0.125
0.004687499999999956,0.9953125,80.89999563672757,80.875,19.100004363272433,0.125
0.0050000000000000044,0.995,80.90187152572857,80.875,19.098128474271434,0.125
0.005312499999999942,0.9946875000000001,80.90378496286505,80.875,19.096215037134954,0.125
0.005624999999999991,0.994375,80.90573732909738,80.875,19.094262670902623,0.125
0.005937499999999929,0.9940625000000001,80.90773009689508,80.875,19.09226990310492,0.125
0.006249999999999978,0.99375,80.90976484678261,80.875,19.090235153217392,0.125
0.006562500000000027,0.9934375,80.91184327132656,80.875,19.08815672867344,0.125
0.0068749999999999645,0.993125,80.91396720352861,80.875,19.086032796471386,0.125
0.007187500000000013,0.9928125,80.91613861381121,80.875,19.083861386188786,0.125
0.007499999999999951,0.9925,80.91835966318664,80.875,19.081640336813365,0.125
0.0078125,0.9921875,80.92063267914347,80.875,19.079367320856534,0.125
0.008124999999999938,0.9918750000000001,80.92296026335903,80.875,19.07703973664097,0.125
0.008437499999999987,0.9915625,80.92534520997006,80.875,19.07465479002994,0.125
0.008749999999999925,0.9912500000000001,80.92779073862233,80.875,19.072209261377665,0.125
0.009062499999999973,0.9909375,80.93030026155114,80.875,19.06969973844886,0.125
0.009375000000000022,0.990625,80.93287791429317,80.875,19.067122085706828,0.125
0.00968749999999996,0.9903125,80.93552793173552,80.875,19.06447206826448,0.125
0.010000000000000009,0.99,80.93825590635032,80.875,19.06174409364968,0.125
0.010312499999999947,0.9896875,80.94106715120097,80.875,19.05893284879903,0.125
0.010624999999999996,0.989375,80.9439697887413,80.875,19.0560302112587,0.125
0.010937499999999933,0.9890625000000001,80.9469704552295,80.875,19.053029544770496,0.125
0.011249999999999982,0.98875,80.95008214563236,80.875,19.049917854367635,0.125
0.011562500000000031,0.9884375,80.95331277843766,80.875,19.046687221562337,0.125
0.011874999999999969,0.988125,80.95668589803877,80.875,19.04331410196123,0.125
0.012187500000000018,0.9878125,80.96020937440018,80.875,19.03979062559982,0.125
0.012499999999999956,0.9875,80.9639328219155,80.875,19.036067178084494,0.125
0.012812500000000004,0.9871875,80.96785799994791,80.875,19.03214200005209,0.125
0.013124999999999942,0.9868750000000001,80.97211045368466,80.875,19.027889546315336,0.125
0.013437499999999991,0.9865625,80.97666451137546,80.875,19.02333548862454,0.125
0.013749999999999929,0.9862500000000001,80.98193460575153,80.875,19.018065394248467,0.125
0.014062499999999978,0.9859375,80.98786702759223,80.875,19.01213297240777,0.125
0.014375000000000027,0.985625,80.95385490076268,81.0,19.04614509923732,0.125
0.014687499999999964,0.9853125,80.95465533699301,81.0,19.045344663006986,0.125
0.015000000000000013,0.985,80.95546554486796,81.0,19.044534455132037,0.125
0.015312499999999951,0.9846875,80.95628570512514,81.0,19.04371429487486,0.125
0.015625,0.984375,80.9571160030746,81.0,19.042883996925397,0.125
0.015937499999999938,0.9840625000000001,80.95795662877161,81.0,19.042043371228388,0.125
0.016249999999999987,0.98375,80.95880777715401,81.0,19.041192222845993,0.125
0.016562499999999925,0.9834375000000001,80.95966964822608,81.0,19.040330351773918,0.125
0.016874999999999973,0.983125,80.96054244722275,81.0,19.03945755277725,0.125
0.017187500000000022,0.9828125,80.96142638478565,81.0,19.038573615214347,0.125
0.01749999999999996,0.9825,80.96232167717005,81.0,19.037678322829947,0.125
0.01781250000000001,0.9821875,80.96322854641383,81.0,19.03677145358617,0.125
0.018124999999999947,0.981875,80.9641472205827,81.0,19.035852779417297,0.125
0.018437499999999996,0.9815625,80.96507793393873,81.0,19.03492206606127,0.125
0.018749999999999933,0.9812500000000001,80.96602092721571,81.0,19.03397907278429,0.125
0.019062499999999982,0.9809375,80.96697644782161,81.0,19.033023552178392,0.125
0.01937500000000003,0.980625,80.96794475009865,81.0,19.032055249901347,0.125
0.01968749999999997,0.9803125,80.96892609560157,81.0,19.031073904398426,0.125
0.020000000000000018,0.98,80.96992075332302,81.0,19.030079246676976,0.125
0.020312499999999956,0.9796875,80.97092900005993,81.0,19.029070999940075,0.125
0.020625000000000004,0.979375,80.9719511206292,81.0,19.0280488793708,0.125
0.020937499999999942,0.9790625000000001,80.97298740825929,81.0,19.027012591740714,0.125
0.02124999999999999,0.97875,80.97403816488323,81.0,19.025961835116775,0.125
0.02156249999999993,0.9784375000000001,80.97510370151544,81.0,19.024896298484563,0.125
0.021874999999999978,0.978125,80.97618433860318,81.0,19.023815661396824,0.125
0.022187500000000027,0.9778125,80.97728040646265,81.0,19.022719593537346,0.125
0.022499999999999964,0.9775,80.97839224563958,81.0,19.021607754360417,0.125
0.022812500000000013,0.9771875,80.9795202074114,81.0,19.020479792588603,0.125
0.02312499999999995,0.976875,80.98066465420163,81.0,19.019335345798368,0.125
0.0234375,0.9765625,80.98182596012457,81.0,19.018174039875433,0.125
0.023749999999999938,0.9762500000000001,80.98300451148188,81.0,19.01699548851812,0.125
0.024062499999999987,0.9759375,80.9842007073196,81.0,19.0157992926804,0.125
0.024374999999999925,0.9756250000000001,80.98541496007195,81.0,19.01458503992805,0.125
0.024687499999999973,0.9753125,80.98664769613335,81.0,19.013352303866654,0.125
0.025000000000000022,0.975,80.98789935658365,81.0,19.012100643416346,0.125
0.02531249999999996,0.9746875,80.98917039789723,81.0,19.010829602102774,0.125
0.02562500000000001,0.974375,80.9904612927274,81.0,19.009538707272597,0.125
0.025937499999999947,0.9740625,80.99177253073086,81.0,19.008227469269144,0.125
0.026249999999999996,0.97375,80.99310461947258,81.0,19.006895380527425,0.125
0.026562499999999933,0.9734375000000001,80.99445808537301,81.0,19.00554191462699,0.125
0.026874999999999982,0.973125,80.99583347477855,81.0,19.00416652522145,0.125
0.02718750000000003,0.9728125,80.99723135504657,81.0,19.002768644953434,0.125
0.02749999999999997,0.9725,80.99865231577246,81.0,19.00134768422754,0.125
0.027812500000000018,0.9721875,81.00009697011154,81.0,18.999903029888458,0.125
0.028124999999999956,0.971875,81.00156595619987,81.0,18.99843404380013,0.125
0.028437500000000004,0.9715625,81.00305993870778,81.0,18.99694006129222,0.125
0.028749999999999942,0.9712500000000001,81.00457961055149,81.0,18.995420389448512,0.125
0.02906249999999999,0.9709375,81.00612569473373,81.0,18.993874305266274,0.125
0.02937499999999993,0.9706250000000001,81.00769894641353,81.0,18.992301053586473,0.125
0.029687499999999978,0.9703125,81.0093001551005,81.0,18.990699844899495,0.125
0.030000000000000027,0.97,81.01093014722927,81.0,18.989069852770726,0.125
0.030312499999999964,0.9696875,81.0125897887643,81.0,18.987410211235698,0.125
0.030625000000000013,0.969375,81.01427998843249,81.0,18.98572001156751,0.125
0.03093749999999995,0.9690625,81.01600170089716,81.0,18.983998299102836,0.125
0.03125,0.96875,81.01775593086055,81.0,18.982244069139455,0.125
0.03156249999999994,0.9684375000000001,81.01954373691092,81.0,18.98045626308908,0.125
0.03187499999999999,0.968125,81.02136623698544,81.0,18.978633763014557,0.125
0.032187499999999925,0.9678125000000001,81.02322461283764,81.0,18.976775387162363,0.125
0.03249999999999997,0.9675,81.0251201177614,81.0,18.974879882238596,0.125
0.03281250000000002,0.9671875,81.02705408134747,81.0,18.972945918652528,0.125
0.03312499999999996,0.966875,81.02902792121117,81.0,18.970972078788833,0.125
0.03343750000000001,0.9665625,81.0310431469229,81.0,18.968956853077103,0.125
0.03374999999999995,0.96625,81.03310137933991,81.0,18.96689862066009,0.125
0.034062499999999996,0.9659375,81.03520435039349,81.0,18.964795649606515,0.125
0.03437499999999993,0.9656250000000001,81.03735393812006,81.0,18.962646061879937,0.125
0.03468749999999998,0.9653125,81.03955215355727,81.0,18.960447846442733,0.125
0.03500000000000003,0.965,81.04180120952577,81.0,18.958198790474228,0.125
0.03531249999999997,0.9646875,81.0441034724582,81.0,18.955896527541796,0.125
0.03562500000000002,0.964375,81.04646160739236,81.0,18.95353839260764,0.125
0.035937499999999956,0.9640625,81.0488784383282,81.0,18.951121561671798,0.125
0.036250000000000004,0.96375,81.05135727119531,81.0,18.948642728804685,0.125
0.03656249999999994,0.9634375000000001,81.05390152033158,81.0,18.94609847966842,0.125
0.03687499999999999,0.963125,81.05651545880102,81.0,18.943484541198984,0.125
0.03718749999999993,0.9628125000000001,81.05920324825655,81.0,18.94079675174345,0.125
0.03749999999999998,0.9625,81.0619707423591,81.0,18.938029257640906,0.125
0.03781250000000003,0.9621875,81.06482298257107,81.0,18.935177017428927,0.125
0.038124999999999964,0.961875,81.06776866650699,81.0,18.932231333493007,0.125
0.03843750000000001,0.9615625,81.0708136324608,81.0,18.929186367539202,0.125
0.03874999999999995,0.96125,81.07397228337696,81.0,18.92602771662304,0.125
0.0390625,0.9609375,81.0772503005062,81.0,18.922749699493806,0.125
0.03937499999999994,0.9606250000000001,81.08067495594155,81.0,18.919325044058453,0.125
0.03968749999999999,0.9603125,81.08424773599586,81.0,18.91575226400414,0.125
0.040000000000000036,0.96,81.08802889400137,81.0,18.91197110599863,0.125
0.04031249999999997,0.9596875,81.09200078789,81.0,18.90799921211,0.125
0.04062500000000002,0.959375,81.09632255081277,81.0,18.903677449187228,0.125
0.04093749999999996,0.9590625,81.10090125147305,81.0,18.899098748526953,0.125
0.04125000000000001,0.95875,81.10627924770165,81.0,18.89372075229835,0.125
0.04156249999999995,0.9584375,81.11207166081599,81.0,18.887928339184015,0.125
0.041874999999999996,0.958125,81.0787989141794,81.125,18.9212010858206,0.125
0.04218749999999993,0.9578125000000001,81.07962272821452,81.125,18.920377271785483,0.125
0.04249999999999998,0.9575,81.08045689153629,81.125,18.919543108463714,0.125
0.04281250000000003,0.9571875,81.08130160110355,81.125,18.918698398896453,0.125
0.04312499999999997,0.956875,81.08215705900835,81.125,18.917842940991648,0.125
0.04343750000000002,0.9565625,81.08302347265716,81.125,18.91697652734284,0.125
0.043749999999999956,0.95625,81.08390105495421,81.125,18.91609894504579,0.125
0.044062500000000004,0.9559375,81.08479002448966,81.125,18.915209975510336,0.125
0.04437499999999994,0.9556250000000001,81.08569060574926,81.125,18.914309394250736,0.125
0.04468749999999999,0.9553125,81.08660302930508,81.125,18.91339697069492,0.125
0.04499999999999993,0.9550000000000001,81.0875275320585,81.125,18.912472467941498,0.125
0.04531249999999998,0.9546875,81.08846435745286,81.125,18.911535642547136,0.125
0.04562500000000003,0.954375,81.08941375572316,81.125,18.910586244276843,0.125
0.045937499999999964,0.9540625,81.09037598413843,81.125,18.909624015861567,0.125
0.04625000000000001,0.95375,81.09135130727586,81.125,18.908648692724142,0.125
0.04656249999999995,0.9534375,81.09233999730087,81.125,18.90766000269913,0.125
0.046875,0.953125,81.0933423342421,81.125,18.906657665757905,0.125
0.04718749999999994,0.9528125000000001,81.09435860631481,81.125,18.905641393685187,0.125
0.04749999999999999,0.9525,81.09538911023883,81.125,18.904610889761173,0.125
0.047812500000000036,0.9521875,81.09643415157467,81.125,18.90356584842533,0.125
0.04812499999999997,0.951875,81.0974940450789,81.125,18.902505954921097,0.125
0.04843750000000002,0.9515625,81.09856911509334,81.125,18.90143088490666,0.125
0.04874999999999996,0.95125,81.09965969593127,81.125,18.900340304068735,0.125
0.04906250000000001,0.9509375,81.10076613230082,81.125,18.89923386769918,0.125
0.04937499999999995,0.950625,81.10188877975499,81.125,18.898111220245013,0.125
0.049687499999999996,0.9503125,81.10302800515589,81.125,18.896971994844108,0.125
0.04999999999999993,0.9500000000000001,81.10418418717522,81.125,18.89581581282478,0.125
0.05031249999999998,0.9496875,81.10535771682584,81.125,18.894642283174164,0.125
0.05062500000000003,0.949375,81.1065489980227,81.125,18.893451001977297,0.125
0.05093749999999997,0.9490625,81.10775844817893,81.125,18.892241551821073,0.125
0.05125000000000002,0.94875,81.10898649883869,81.125,18.89101350116131,0.125
0.051562499999999956,0.9484375,81.11023359636917,81.125,18.88976640363083,0.125
0.051875000000000004,0.948125,81.1115002026627,81.125,18.888499797337303,0.125
0.05218749999999994,0.9478125000000001,81.11278679592826,81.125,18.88721320407174,0.125
0.05249999999999999,0.9475,81.11409387151825,81.125,18.88590612848175,0.125
0.05281249999999993,0.9471875000000001,81.11542194280106,81.125,18.884578057198937,0.125
0.05312499999999998,0.946875,81.11677154213854,81.125,18.883228457861463,0.125
0.05343750000000003,0.9465625,81.11814322189183,81.125,18.881856778108173,0.125
0.053749999999999964,0.94625,81.11953755554028,81.125,18.880462444459724,0.125
0.05406250000000001,0.9459375,81.12095513887814,81.125,18.879044861121855,0.125
0.05437499999999995,0.945625,81.12239659128976,81.125,18.877603408710243,0.125
0.0546875,0.9453125,81.12386255718825,81.125,18.876137442811753,0.125
0.05499999999999994,0.9450000000000001,81.12535370748951,81.125,18.87464629251049,0.125
0.05531249999999999,0.9446875,81.12687074133602,81.125,18.87312925866398,0.125
0.055625000000000036,0.944375,81.12841438784355,81.125,18.87158561215645,0.125
0.05593749999999997,0.9440625,81.1299854081519,81.125,18.870014591848104,0.125
0.05625000000000002,0.94375,81.13158459756019,81.125,18.86841540243981,0.125
0.05656249999999996,0.9434375,81.13321278794963,81.125,18.86678721205037,0.125
0.05687500000000001,0.943125,81.13487085042479,81.125,18.86512914957521,0.125
0.05718749999999995,0.9428125,81.13655969829006,81.125,18.863440301709943,0.125
0.057499999999999996,0.9425,81.1382802902407,81.125,18.8617197097593,0.125
0.05781249999999993,0.9421875000000001,81.14003363413043,81.125,18.859966365869568,0.125
0.05812499999999998,0.941875,81.14182079086258,81.125,18.85817920913742,0.125
0.05843750000000003,0.9415625,81.14364287928373,81.125,18.856357120716268,0.125
0.05874999999999997,0.94125,81.14550108088628,81.125,18.854498919113723,0.125
0.05906250000000002,0.9409375,81.14739664642892,81.125,18.852603353571084,0.125
0.059374999999999956,0.940625,81.14933090145963,81.125,18.850669098540365,0.125
0.059687500000000004,0.9403125,81.15130525576704,81.125,18.848694744232958,0.125
0.05999999999999994,0.9400000000000001,81.15332120943543,81.125,18.846678790564567,0.125
0.06031249999999999,0.9396875,81.15538036725309,81.125,18.844619632746912,0.125
0.06062499999999993,0.9393750000000001,81.15748444407377,81.125,18.842515555926227,0.125
0.06093749999999998,0.9390625,81.15963528869713,81.125,18.84036471130287,0.125
0.06125000000000003,0.93875,81.16183488478585,81.125,18.838165115214153,0.125
0.061562499999999964,0.9384375,81.16408539410334,81.125,18.83591460589666,0.125
0.06187500000000001,0.938125,81.16638914287756,81.125,18.833610857122437,0.125
0.06218749999999995,0.9378125,81.16874870692259,81.125,18.831251293077415,0.125
0.0625,0.9375,81.17116685678636,81.125,18.828833143213643,0.125
0.06281249999999994,0.9371875000000001,81.17364673820944,81.125,18.82635326179056,0.125
0.06312499999999999,0.936875,81.17619170701958,81.125,18.823808292980416,0.125
0.06343750000000004,0.9365625,81.1788057348419,81.125,18.8211942651581,0.125
0.06374999999999997,0.93625,81.18149295492984,81.125,18.818507045070163,0.125
0.06406250000000002,0.9359375,81.18425861846777,81.125,18.815741381532234,0.125
0.06437499999999996,0.935625,81.18710788252773,81.125,18.812892117472273,0.125
0.06468750000000001,0.9353125,81.19004815675662,81.125,18.809951843243383,0.125
0.06499999999999995,0.935,81.19308587808698,81.125,18.806914121913024,0.125
0.0653125,0.9346875,81.196232496402,81.125,18.803767503597996,0.125
0.06562499999999993,0.9343750000000001,81.19949576186994,81.125,18.80050423813006,0.125
0.06593749999999998,0.9340625,81.20289566647382,81.125,18.79710433352618,0.125
0.06625000000000003,0.93375,81.20644014563416,81.125,18.79355985436584,0.125
0.06656249999999997,0.9334375,81.21016997448176,81.125,18.789830025518242,0.125
0.06687500000000002,0.933125,81.21408724279523,81.125,18.78591275720477,0.125
0.06718749999999996,0.9328125,81.21829281743256,81.125,18.781707182567445,0.125
0.0675,0.9325,81.22275539321983,81.125,18.777244606780172,0.125
0.06781249999999994,0.9321875000000001,81.22780120842607,81.125,18.772198791573928,0.125
0.06812499999999999,0.931875,81.2332193343766,81.125,18.7667806656234,0.125
0.06843749999999993,0.9315625000000001,81.24098461397968,81.125,18.759015386020323,0.125
0.06874999999999998,0.93125,81.2041639909382,81.25,18.7958360090618,0.125
0.06906250000000003,0.9309375,81.20501717504331,81.25,18.79498282495669,0.125
0.06937499999999996,0.930625,81.20588142327618,81.25,18.794118576723818,0.125
0.06968750000000001,0.9303125,81.20675695302721,81.25,18.79324304697279,0.125
0.06999999999999995,0.93,81.2076439875373,81.25,18.792356012462704,0.125
0.0703125,0.9296875,81.20854275612668,81.25,18.791457243873325,0.125
0.07062499999999994,0.9293750000000001,81.209453494371,81.25,18.790546505628996,0.125
0.07093749999999999,0.9290625,81.21037644437286,81.25,18.789623555627145,0.125
0.07125000000000004,0.92875,81.21131185497907,81.25,18.788688145020927,0.125
0.07156249999999997,0.9284375,81.21225998202,81.25,18.78774001798,0.125
0.07187500000000002,0.928125,81.21322108858196,81.25,18.78677891141804,0.125
0.07218749999999996,0.9278125,81.21419544528815,81.25,18.785804554711845,0.125
0.07250000000000001,0.9275,81.21518333056186,81.25,18.784816669438143,0.125
0.07281249999999995,0.9271875,81.21618503095928,81.25,18.78381496904072,0.125
0.073125,0.926875,81.21720084144457,81.25,18.782799158555434,0.125
0.07343749999999993,0.9265625000000001,81.21823106576572,81.25,18.78176893423428,0.125
0.07374999999999998,0.92625,81.21927601678027,81.25,18.78072398321973,0.125
0.07406250000000003,0.9259375,81.22033601682705,81.25,18.779663983172952,0.125
0.07437499999999997,0.925625,81.22141139811755,81.25,18.778588601882447,0.125
0.07468750000000002,0.9253125,81.2225025031489,81.25,18.777497496851097,0.125
0.07499999999999996,0.925,81.2236096851341,81.25,18.776390314865907,0.125
0.0753125,0.9246875,81.22473330845988,81.25,18.775266691540125,0.125
0.07562499999999994,0.9243750000000001,81.22587374918014,81.25,18.77412625081986,0.125
0.07593749999999999,0.9240625,81.2270313955062,81.25,18.772968604493798,0.125
0.07624999999999993,0.9237500000000001,81.22820664838625,81.25,18.771793351613752,0.125
0.07656249999999998,0.9234375,81.22939992204215,81.25,18.77060007795785,0.125
0.07687500000000003,0.923125,81.23061164462244,81.25,18.769388355377558,0.125
0.07718749999999996,0.9228125,81.23184225883027,81.25,18.76815774116973,0.125
0.07750000000000001,0.9225,81.23309222263153,81.25,18.766907777368473,0.125
0.07781249999999995,0.9221875,81.2343620099823,81.25,18.765637990017694,0.125
0.078125,0.921875,81.23565211164922,81.25,18.764347888350784,0.125
0.07843749999999994,0.9215625000000001,81.23696303602753,81.25,18.763036963972468,0.125
0.07874999999999999,0.92125,81.23829531006788,81.25,18.761704689932117,0.125
0.07906250000000004,0.9209375,81.23964948026085,81.25,18.76035051973915,0.125
0.07937499999999997,0.920625,81.24102611365011,81.25,18.758973886349892,0.125
0.07968750000000002,0.9203125,81.24242579900825,81.25,18.757574200991755,0.125
0.07999999999999996,0.92,81.24384914802239,81.25,18.75615085197761,0.125
0.08031250000000001,0.9196875,81.24529679662304,81.25,18.754703203376963,0.125
0.08062499999999995,0.919375,81.24676940642549,81.25,18.753230593574514,0.125
0.0809375,0.9190625,81.24826766625455,81.25,18.75173233374545,0.125
0.08124999999999993,0.9187500000000001,81.24979229385457,81.25,18.75020770614543,0.125
0.08156249999999998,0.9184375,81.25134403771656,81.25,18.748655962283436,0.125
0.08187500000000003,0.918125,81.25292367911095,81.25,18.74707632088905,0.125
0.08218749999999997,0.9178125,81.25453203426183,81.25,18.74546796573817,0.125
0.08250000000000002,0.9175,81.25616995682154,81.25,18.743830043178463,0.125
0.08281249999999996,0.9171875,81.25783834050931,81.25,18.74216165949069,0.125
0.083125,0.916875,81.25953812210665,81.25,18.740461877893352,0.125
0.08343749999999994,0.9165625000000001,81.26127028472771,81.25,18.738729715272285,0.125
0.08374999999999999,0.91625,81.26303586150743,81.25,18.736964138492567,0.125
0.08406249999999993,0.9159375000000001,81.2648359396658,81.25,18.7351640603342,0.125
0.08437499999999998,0.915625,81.26667166518325,81.25,18.733328334816747,0.125
0.08468750000000003,0.9153125,81.26854424788351,81.25,18.73145575211649,0.125
0.08499999999999996,0.915,81.2704549674578,81.25,18.729545032542205,0.125
0.08531250000000001,0.9146875,81.27240517992581,81.25,18.727594820074188,0.125
0.08562499999999995,0.914375,81.27439632561334,81.25,18.72560367438666,0.125
0.0859375,0.9140625,81.27642993740471,81.25,18.723570062595286,0.125
0.08624999999999994,0.9137500000000001,81.27850765165735,81.25,18.72149234834265,0.125
0.08656249999999999,0.9134375,81.28063121879659,81.25,18.719368781203414,0.125
0.08687500000000004,0.913125,81.2828025188693,81.25,18.717197481130697,0.125
0.08718749999999997,0.9128125,81.28502357495735,81.25,18.71497642504265,0.125
0.08750000000000002,0.9125,81.28729657669403,81.25,18.712703423305967,0.125
0.08781249999999996,0.9121875,81.28962389639838,81.25,18.710376103601618,0.125
0.08812500000000001,0.911875,81.29200812724541,81.25,18.70799187275459,0.125
0.08843749999999995,0.9115625,81.29445210008363,81.25,18.70554789991637,0.125
0.08875,0.91125,81.29695895079078,81.25,18.70304104920922,0.125
0.08906249999999993,0.9109375000000001,81.29953212932121,81.25,18.700467870678793,0.125
0.08937499999999998,0.910625,81.30217552989636,81.25,18.69782447010364,0.125
0.08968750000000003,0.9103125,81.3048934652707,81.25,18.695106534729305,0.125
0.08999999999999997,0.91,81.30769094168176,81.25,18.692309058318244,0.125
0.09031250000000002,0.9096875,81.31057351719994,81.25,18.68942648280006,0.125
0.09062499999999996,0.909375,81.31354793314188,81.25,18.686452066858124,0.125
0.0909375,0.9090625,81.31662161533576,81.25,18.683378384664238,0.125
0.09124999999999994,0.9087500000000001,81.31980424152134,81.25,18.68019575847866,0.125
0.09156249999999999,0.9084375,81.32310615625757,81.25,18.676893843742434,0.125
0.09187499999999993,0.9081250000000001,81.32654257288252,81.25,18.673457427117484,0.125
0.09218749999999998,0.9078125,81.33012859313303,81.25,18.669871406866974,0.125
0.09250000000000003,0.9075,81.33389149506824,81.25,18.666108504931756,0.125
0.09281249999999996,0.9071875,81.33785444194572,81.25,18.662145558054277,0.125
0.09312500000000001,0.906875,81.34207689119047,81.25,18.657923108809527,0.125
0.09343749999999995,0.9065625,81.3465959906588,81.25,18.6534040093412,0.125
0.09375,0.90625,81.35158872049668,81.25,18.64841127950332,0.125
0.09406249999999994,0.9059375000000001,81.35711648403027,81.25,18.64288351596973,0.125
0.09437499999999999,0.905625,81.36423057493231,81.25,18.635769425067693,0.125
0.09468750000000004,0.9053125,81.3290443766896,81.375,18.670955623310405,0.125
0.09499999999999997,0.905,81.32992138014046,81.375,18.670078619859538,0.125
0.09531250000000002,0.9046875,81.33081007810328,81.375,18.669189921896717,0.125
0.09562499999999996,0.904375,81.33171070681102,81.375,18.668289293188977,0.125
0.09593750000000001,0.9040625,81.33262350903641,81.375,18.66737649096359,0.125
0.09624999999999995,0.90375,81.3335487343402,81.375,18.666451265659802,0.125
0.0965625,0.9034375,81.33448663929663,81.375,18.665513360703372,0.125
0.09687499999999993,0.9031250000000001,81.33543748779925,81.375,18.664562512200746,0.125
0.09718749999999998,0.9028125,81.33640155126771,81.375,18.663598448732287,0.125
0.09750000000000003,0.9025,81.3373791090153,81.375,18.662620890984698,0.125
0.09781249999999997,0.9021875,81.33837044846597,81.375,18.661629551534034,0.125
0.09812500000000002,0.901875,81.3393758655473,81.375,18.660624134452704,0.125
0.09843749999999996,0.9015625,81.34039566496136,81.375,18.659604335038637,0.125
0.09875,0.90125,81.34143016058275,81.375,18.658569839417254,0.125
0.09906249999999994,0.9009375000000001,81.34247967578351,81.375,18.65752032421649,0.125
0.09937499999999999,0.900625,81.34354454385449,81.375,18.65645545614551,0.125
0.09968749999999993,0.9003125000000001,81.34462510840325,81.375,18.65537489159675,0.125
0.09999999999999998,0.9,81.34572172377035,81.375,18.654278276229647,0.125
0.10031250000000003,0.8996875,81.34683475551378,81.375,18.653165244486217,0.125
0.10062499999999996,0.899375,81.34796458085543,81.375,18.652035419144568,0.125
0.10093750000000001,0.8990625,81.34911158922341,81.375,18.650888410776588,0.125
0.10124999999999995,0.89875,81.35027618276727,81.375,18.649723817232726,0.125
0.1015625,0.8984375,81.35145877694454,81.375,18.64854122305546,0.125
0.10187499999999994,0.8981250000000001,81.35265980111276,81.375,18.647340198887235,0.125
0.10218749999999999,0.8978125,81.35387969918493,81.375,18.64612030081507,0.125
0.10250000000000004,0.8975,81.35511893032833,81.375,18.64488106967167,0.125
0.10281249999999997,0.8971875,81.3563779696416,81.375,18.6436220303584,0.125
0.10312500000000002,0.896875,81.35765730902136,81.375,18.642342690978637,0.125
0.10343749999999996,0.8965625,81.35895745790079,81.375,18.641042542099214,0.125
0.10375000000000001,0.89625,81.36027894421322,81.375,18.63972105578678,0.125
0.10406249999999995,0.8959375,81.3616223152978,81.375,18.638377684702206,0.125
0.104375,0.895625,81.36298813895104,81.375,18.63701186104896,0.125
0.10468749999999993,0.8953125000000001,81.3643770045119,81.375,18.635622995488106,0.125
0.10499999999999998,0.895,81.3657895240502,81.375,18.6342104759498,0.125
0.10531250000000003,0.8946875,81.36722633365727,81.375,18.63277366634273,0.125
0.10562499999999997,0.894375,81.36868809478712,81.375,18.631311905212883,0.125
0.10593750000000002,0.8940625,81.37017549581763,81.375,18.629824504182366,0.125
0.10624999999999996,0.89375,81.37168925359758,81.375,18.62831074640242,0.125
0.1065625,0.8934375,81.37323011528309,81.375,18.626769884716907,0.125
0.10687499999999994,0.8931250000000001,81.37479886021443,81.375,18.625201139785574,0.125
0.10718749999999999,0.8928125,81.37639630205109,81.375,18.62360369794891,0.125
0.10749999999999993,0.8925000000000001,81.37802329107262,81.375,18.621976708927377,0.125
0.10781249999999998,0.8921875,81.37968071672303,81.375,18.62031928327697,0.125
0.10812500000000003,0.891875,81.38136951038912,81.375,18.61863048961088,0.125
0.10843749999999996,0.8915625,81.38309064856385,81.375,18.61690935143615,0.125
0.10875000000000001,0.89125,81.38484515617773,81.375,18.615154843822268,0.125
0.10906249999999995,0.8909375,81.38663411060047,81.375,18.61336588939953,0.125
0.109375,0.890625,81.38845864564368,81.375,18.61154135435632,0.125
0.10968749999999994,0.8903125000000001,81.3903199568449,81.375,18.609680043155095,0.125
0.10999999999999999,0.89,81.3922193061516,81.375,18.607780693848397,0.125
0.11031250000000004,0.8896875,81.39415802916719,81.375,18.605841970832813,0.125
0.11062499999999997,0.889375,81.39613754048335,81.375,18.603862459516648,0.125
0.11093750000000002,0.8890625,81.39815934415373,81.375,18.601840655846274,0.125
0.11124999999999996,0.88875,81.40022503905871,81.375,18.59977496094129,0.125
0.11156250000000001,0.8884375,81.40233633535652,81.375,18.597663664643477,0.125
0.11187499999999995,0.888125,81.404495057809,81.375,18.595504942191,0.125
0.1121875,0.8878125,81.40670317398742,81.375,18.593296826012576,0.125
0.11249999999999993,0.8875000000000001,81.40896279005928,81.375,18.591037209940723,0.125
0.11281249999999998,0.8871875,81.41127620349252,81.375,18.58872379650748,0.125
0.11312500000000003,0.886875,81.41364587684144,81.375,18.586354123158557,0.125
0.11343749999999997,0.8865625,81.4160745444674,81.375,18.583925455532594,0.125
0.11375000000000002,0.88625,81.41856512721223,81.375,18.581434872787767,0.125
0.11406249999999996,0.8859375,81.42112096314844,81.375,18.57887903685156,0.125
0.114375,0.885625,81.42374556879727,81.375,18.576254431202727,0.125
0.11468749999999994,0.8853125000000001,81.4264431641962,81.375,18.5735568358038,0.125
0.11499999999999999,0.885,81.42921803953345,81.375,18.570781960466547,0.125
0.11531249999999993,0.8846875000000001,81.43207579955177,81.375,18.567924200448232,0.125
0.11562499999999998,0.884375,81.43502171097047,81.375,18.564978289029526,0.125
0.11593750000000003,0.8840625,81.43806375765708,81.375,18.561936242342924,0.125
0.11624999999999996,0.88375,81.44120831422035,81.375,18.558791685779653,0.125
0.11656250000000001,0.8834375,81.44446791458272,81.375,18.555532085417283,0.125
0.11687499999999995,0.883125,81.44784972053765,81.375,18.552150279462353,0.125
0.1171875,0.8828125,81.45137608915662,81.375,18.548623910843375,0.125
0.11749999999999994,0.8825000000000001,81.45505280783176,81.375,18.544947192168237,0.125
0.11781249999999999,0.8821875,81.45892652673271,81.375,18.54107347326729,0.125
0.11812500000000004,0.881875,81.46299240819988,81.375,18.53700759180012,0.125
0.11843749999999997,0.8815625,81.46736797029006,81.375,18.532632029709944,0.125
0.11875000000000002,0.88125,81.471998850661,81.375,18.528001149339005,0.125
0.11906249999999996,0.8809375,81.47726843857888,81.375,18.522731561421125,0.125
0.11937500000000001,0.880625,81.48287458516674,81.375,18.51712541483326,0.125
0.11968749999999995,0.8803125,81.49115212938887,81.375,18.508847870611135,0.125
0.12,0.88,81.45422127982866,81.5,18.54577872017134,0.125
0.12031249999999993,0.8796875000000001,81.4551267024183,81.5,18.544873297581702,0.125
0.12062499999999998,0.879375,81.45604456658648,81.5,18.543955433413515,0.125
0.12093750000000003,0.8790625,81.45697513134913,81.5,18.543024868650875,0.125
0.12124999999999997,0.87875,81.45791866307388,81.5,18.542081336926117,0.125
0.12156250000000002,0.8784375,81.45887543584337,81.5,18.541124564156632,0.125
0.12187499999999996,0.878125,81.45984573166406,81.5,18.54015426833594,0.125
0.1221875,0.8778125,81.46082984084963,81.5,18.539170159150373,0.125
0.12249999999999994,0.8775000000000001,81.46182806223669,81.5,18.53817193776331,0.125
0.12281249999999999,0.8771875,81.46284070370132,81.5,18.537159296298682,0.125
0.12312499999999993,0.8768750000000001,81.46386808220169,81.5,18.536131917798315,0.125
0.12343749999999998,0.8765625,81.46491052460544,81.5,18.535089475394557,0.125
0.12375000000000003,0.87625,81.46596836761742,81.5,18.53403163238258,0.125
0.12406249999999996,0.8759375,81.46704195847151,81.5,18.532958041528488,0.125
0.12437500000000001,0.875625,81.4681316552689,81.5,18.531868344731095,0.125
0.12468749999999995,0.8753125,81.46923782748209,81.5,18.53076217251791,0.125
0.125,0.875,81.47036085640434,81.5,18.52963914359566,0.125
0.12531249999999994,0.8746875000000001,81.47150113567598,81.5,18.52849886432402,0.125
0.125625,0.874375,81.47265907183422,81.5,18.527340928165785,0.125
0.12593750000000004,0.8740625,81.47383508487154,81.5,18.52616491512846,0.125
0.12624999999999997,0.87375,81.47502960886125,81.5,18.52497039113875,0.125
0.12656250000000002,0.8734375,81.47624309259544,81.5,18.52375690740456,0.125
0.12687499999999996,0.873125,81.47747600027326,81.5,18.522523999726744,0.125
0.1271875,0.8728125,81.47872881224437,81.5,18.52127118775563,0.125
0.12749999999999995,0.8725,81.48000202575979,81.5,18.519997974240212,0.125
0.1278125,0.8721875,81.48129615585196,81.5,18.518703844148035,0.125
0.12812499999999993,0.8718750000000001,81.48261173616825,81.5,18.517388263831748,0.125
0.12843749999999998,0.8715625,81.48394931996306,81.5,18.51605068003694,0.125
0.12875000000000003,0.87125,81.48530948111002,81.5,18.514690518889978,0.125
0.12906249999999997,0.8709375,81.48669281517118,81.5,18.513307184828818,0.125
0.12937500000000002,0.870625,81.48809994060268,81.5,18.51190005939732,0.125
0.12968749999999996,0.8703125,81.48953150000823,81.5,18.510468499991774,0.125
0.13,0.87,81.49098816150547,81.5,18.50901183849453,0.125
0.13031249999999994,0.8696875000000001,81.49247062020862,81.5,18.50752937979138,0.125
0.130625,0.869375,81.49397959981668,81.5,18.506020400183317,0.125
0.13093749999999993,0.8690625000000001,81.49551585438178,81.5,18.50448414561822,0.125
0.13124999999999998,0.86875,81.49708017016782,81.5,18.50291982983218,0.125
0.13156250000000003,0.8684375,81.49867336773134,81.5,18.501326632268658,0.125
0.13187499999999996,0.868125,81.50029630419581,81.5,18.499703695804186,0.125
0.1321875,0.8678125,81.50194987568108,81.5,18.498050124318922,0.125
0.13249999999999995,0.8675,81.50363502012083,81.5,18.496364979879175,0.125
0.1328125,0.8671875,81.50535272012404,81.5,18.494647279875963,0.125
0.13312499999999994,0.8668750000000001,81.50710400653993,81.5,18.492895993460067,0.125
0.1334375,0.8665625,81.50888996179685,81.5,18.491110038203146,0.125
0.13375000000000004,0.86625,81.51071172457144,81.5,18.489288275428564,0.125
0.13406249999999997,0.8659375,81.51257049360832,81.5,18.487429506391678,0.125
0.13437500000000002,0.865625,81.51446753408645,81.5,18.48553246591355,0.125
0.13468749999999996,0.8653125,81.5164041817105,81.5,18.4835958182895,0.125
0.135,0.865,81.51838185202057,81.5,18.481618147979432,0.125
0.13531249999999995,0.8646875,81.52040204388797,81.5,18.47959795611203,0.125
0.135625,0.864375,81.52246635438868,81.5,18.477533645611317,0.125
0.13593749999999993,0.8640625000000001,81.52457647925587,81.5,18.47542352074413,0.125
0.13624999999999998,0.86375,81.52673423894116,81.5,18.47326576105884,0.125
0.13656250000000003,0.8634375,81.52894156990261,81.5,18.471058430097386,0.125
0.13687499999999997,0.863125,81.53120057421783,81.5,18.468799425782166,0.125
0.13718750000000002,0.8628125,81.53351348625412,81.5,18.466486513745878,0.125
0.13749999999999996,0.8625,81.53588277466699,81.5,18.464117225333013,0.125
0.1378125,0.8621875,81.53831104587407,81.5,18.461688954125933,0.125
0.13812499999999994,0.8618750000000001,81.54080126607222,81.5,18.459198733927778,0.125
0.1384375,0.8615625,81.54335650663646,81.5,18.456643493363543,0.125
0.13874999999999993,0.8612500000000001,81.54598044797326,81.5,18.454019552026736,0.125
0.13906249999999998,0.8609375,81.54867673134449,81.5,18.451323268655514,0.125
0.13937500000000003,0.860625,81.55145013993939,81.5,18.44854986006061,0.125
0.13968749999999996,0.8603125,81.554304966287,81.5,18.445695033712994,0.125
0.14,0.86,81.55724785673155,81.5,18.44275214326845,0.125
0.14031249999999995,0.8596875,81.56028368741492,81.5,18.439716312585077,0.125
0.140625,0.859375,81.56342259425199,81.5,18.43657740574801,0.125
0.14093749999999994,0.8590625000000001,81.56666942132402,81.5,18.433330578675978,0.125
0.14125,0.85875,81.57004159471524,81.5,18.429958405284765,0.125
0.14156250000000004,0.8584375,81.57354151465212,81.5,18.42645848534788,0.125
0.14187499999999997,0.858125,81.57720362719637,81.5,18.42279637280363,0.125
0.14218750000000002,0.8578125,81.58101964932386,81.5,18.418980350676136,0.125
0.14249999999999996,0.8575,81.58506871894349,81.5,18.41493128105651,0.125
0.1428125,0.8571875,81.58930370829971,81.5,18.41069629170029,0.125
0.14312499999999995,0.856875,81.59393948632096,81.5,18.406060513679037,0.125
0.1434375,0.8565625,81.59878485526572,81.5,18.40121514473428,0.125
0.14374999999999993,0.8562500000000001,81.6045807061418,81.5,18.395419293858197,0.125
0.14406249999999998,0.8559375,81.61050355797029,81.5,18.38949644202971,0.125
0.14437500000000003,0.855625,81.57872701916955,81.625,18.42127298083045,0.125
0.14468749999999997,0.8553125,81.57965220935212,81.625,18.42034779064788,0.125
0.14500000000000002,0.855,81.58059043113249,81.625,18.419409568867508,0.125
0.14531249999999996,0.8546875,81.58154196246872,81.625,18.41845803753128,0.125
0.145625,0.854375,81.58250708945339,81.625,18.417492910546613,0.125
0.14593749999999994,0.8540625000000001,81.58348610661845,81.625,18.41651389338155,0.125
0.14625,0.85375,81.58447931725058,81.625,18.415520682749417,0.125
0.14656249999999993,0.8534375000000001,81.58548703375901,81.625,18.41451296624099,0.125
0.14687499999999998,0.853125,81.58650957801292,81.625,18.413490421987078,0.125
0.14718750000000003,0.8528125,81.58754728174519,81.625,18.412452718254812,0.125
0.14749999999999996,0.8525,81.58860048691739,81.625,18.411399513082614,0.125
0.1478125,0.8521875,81.58966954618765,81.625,18.41033045381235,0.125
0.14812499999999995,0.851875,81.5907548233147,81.625,18.409245176685303,0.125
0.1484375,0.8515625,81.59185669364112,81.625,18.40814330635888,0.125
0.14874999999999994,0.8512500000000001,81.59297554460349,81.625,18.40702445539651,0.125
0.1490625,0.8509375,81.59411177621043,81.625,18.405888223789574,0.125
0.14937500000000004,0.850625,81.59526580165586,81.625,18.404734198344144,0.125
0.14968749999999997,0.8503125,81.59643804785179,81.625,18.40356195214821,0.125
0.15000000000000002,0.85,81.5976289560768,81.625,18.402371043923196,0.125
0.15031249999999996,0.8496875,81.5988389826253,81.625,18.401161017374704,0.125
0.150625,0.849375,81.60006859950718,81.625,18.399931400492818,0.125
0.15093749999999995,0.8490625,81.6013182951845,81.625,18.398681704815502,0.125
0.15125,0.84875,81.60258857537669,81.625,18.397411424623314,0.125
0.15156249999999993,0.8484375000000001,81.6038799639,81.625,18.3961200361,0.125
0.15187499999999998,0.848125,81.60519300354414,81.625,18.394806996455856,0.125
0.15218750000000003,0.8478125,81.6065282570718,81.625,18.3934717429282,0.125
0.15249999999999997,0.8475,81.60788630822279,81.625,18.39211369177721,0.125
0.15281250000000002,0.8471875,81.60926776281603,81.625,18.39073223718397,0.125
0.15312499999999996,0.846875,81.61067324996026,81.625,18.389326750039743,0.125
0.1534375,0.8465625,81.61210342330219,81.625,18.387896576697813,0.125
0.15374999999999994,0.8462500000000001,81.61355896240987,81.625,18.38644103759013,0.125
0.1540625,0.8459375,81.6150405742683,81.625,18.384959425731694,0.125
0.15437499999999993,0.8456250000000001,81.61654899487665,81.625,18.383451005123348,0.125
0.15468749999999998,0.8453125,81.6180849909663,81.625,18.381915009033705,0.125
0.15500000000000003,0.845,81.6196493619571,81.625,18.3803506380429,0.125
0.15531249999999996,0.8446875,81.62124294193595,81.625,18.378757058064053,0.125
0.155625,0.844375,81.62286660198602,81.625,18.37713339801398,0.125
0.15593749999999995,0.8440625,81.62452125257954,81.625,18.37547874742046,0.125
0.15625,0.84375,81.62620784637556,81.625,18.373792153624436,0.125
0.15656249999999994,0.8434375000000001,81.62792738107352,81.625,18.37207261892648,0.125
0.156875,0.843125,81.62968090289039,81.625,18.370319097109615,0.125
0.15718750000000004,0.8428125,81.63146950995056,81.625,18.368530490049437,0.125
0.15749999999999997,0.8425,81.63329435672492,81.625,18.366705643275083,0.125
0.15781250000000002,0.8421875,81.63515665803473,81.625,18.36484334196527,0.125
0.15812499999999996,0.841875,81.63705769490656,81.625,18.36294230509344,0.125
0.1584375,0.8415625,81.63899881915002,81.625,18.361001180849982,0.125
0.15874999999999995,0.84125,81.640981461576,81.625,18.359018538423996,0.125
0.1590625,0.8409375,81.643007136702,81.625,18.356992863298004,0.125
0.15937499999999993,0.8406250000000001,81.64507745517324,81.625,18.354922544826763,0.125
0.15968749999999998,0.8403125,81.6471941272701,81.625,18.352805872729903,0.125
0.16000000000000003,0.84,81.64935898340337,81.625,18.350641016596626,0.125
0.16031249999999997,0.8396875,81.6515739727205,81.625,18.3484260272795,0.125
0.16062500000000002,0.839375,81.65384120010754,81.625,18.346158799892464,0.125
0.16093749999999996,0.8390625,81.65616291039339,81.625,18.34383708960661,0.125
0.16125,0.83875,81.65854156097545,81.625,18.34145843902455,0.125
0.16156249999999994,0.8384375000000001,81.66097976762973,81.625,18.339020232370274,0.125
0.161875,0.838125,81.66348045726215,81.625,18.336519542737847,0.125
0.16218749999999993,0.8378125000000001,81.66604671545211,81.625,18.33395328454789,0.125
0.16249999999999998,0.8375,81.66868212528159,81.625,18.33131787471841,0.125
0.16281250000000003,0.8371875,81.6713903670909,81.625,18.328609632909107,0.125
0.16312499999999996,0.836875,81.67417600098466,81.625,18.32582399901534,0.125
0.1634375,0.8365625,81.67704344223344,81.625,18.32295655776656,0.125
0.16374999999999995,0.83625,81.67999882828052,81.625,18.320001171719483,0.125
0.1640625,0.8359375,81.68304740633889,81.625,18.316952593661114,0.125
0.16437499999999994,0.8356250000000001,81.68619812179676,81.625,18.313801878203236,0.125
0.1646875,0.8353125,81.68945689470875,81.625,18.310543105291245,0.125
0.16500000000000004,0.835,81.6928382513201,81.625,18.307161748679903,0.125
0.16531249999999997,0.8346875,81.69634765743594,81.625,18.303652342564064,0.125
0.16562500000000002,0.834375,81.700012119562,81.625,18.299987880437996,0.125
0.16593749999999996,0.8340625,81.70383216088064,81.625,18.296167839119363,0.125
0.16625,0.83375,81.70786648270254,81.625,18.292133517297458,0.125
0.16656249999999995,0.8334375,81.7120942050745,81.625,18.287905794925507,0.125
0.166875,0.833125,81.71666790238149,81.625,18.283332097618512,0.125
0.16718749999999993,0.8328125000000001,81.7214809662262,81.625,18.278519033773804,0.125
0.16749999999999998,0.8325,81.72703958994937,81.625,18.27296041005063,0.125
0.16781250000000003,0.8321875,81.73283548057921,81.625,18.26716451942079,0.125
0.16812499999999997,0.831875,81.74205416070988,81.625,18.257945839290116,0.125
0.16843750000000002,0.8315625,81.70433177269815,81.75,18.295668227301846,0.125
0.16874999999999996,0.83125,81.70529290324102,81.75,18.294707096758984,0.125
0.1690625,0.8309375,81.70626802694554,81.75,18.293731973054463,0.125
0.16937499999999994,0.8306250000000001,81.70725745241245,81.75,18.29274254758755,0.125
0.1696875,0.8303125,81.70826149759716,81.75,18.291738502402836,0.125
0.16999999999999993,0.8300000000000001,81.70928049014226,81.75,18.290719509857738,0.125
0.17031249999999998,0.8296875,81.71031476779991,81.75,18.289685232200085,0.125
0.17062500000000003,0.829375,81.71136467882945,81.75,18.288635321170545,0.125
0.17093749999999996,0.8290625,81.71243058242585,81.75,18.287569417574147,0.125
0.17125,0.82875,81.71351284918714,81.75,18.28648715081286,0.125
0.17156249999999995,0.8284375,81.71461186158258,81.75,18.285388138417417,0.125
0.171875,0.828125,81.71572801447161,81.75,18.28427198552839,0.125
0.17218749999999994,0.8278125000000001,81.71686171562986,81.75,18.28313828437014,0.125
0.1725,0.8275,81.7180133863249,81.75,18.2819866136751,0.125
0.17281250000000004,0.8271875,81.71918346190732,81.75,18.28081653809268,0.125
0.17312499999999997,0.826875,81.72037239245459,81.75,18.279627607545407,0.125
0.17343750000000002,0.8265625,81.72158064343104,81.75,18.27841935656896,0.125
0.17374999999999996,0.82625,81.72280869643072,81.75,18.277191303569282,0.125
0.1740625,0.8259375,81.72405704989245,81.75,18.27594295010755,0.125
0.17437499999999995,0.825625,81.72532621996588,81.75,18.27467378003412,0.125
0.1746875,0.8253125,81.72661674131447,81.75,18.273383258685527,0.125
0.17499999999999993,0.8250000000000001,81.72792916807882,81.75,18.272070831921184,0.125
0.17531249999999998,0.8246875,81.72926407484297,81.75,18.270735925157027,0.125
0.17562500000000003,0.824375,81.73062205766432,81.75,18.26937794233568,0.125
0.17593749999999997,0.8240625,81.73200373524537,81.75,18.26799626475463,0.125
0.17625000000000002,0.82375,81.73340975008375,81.75,18.26659024991625,0.125
0.17656249999999996,0.8234375,81.73484076981732,81.75,18.265159230182675,0.125
0.176875,0.823125,81.73629748859383,81.75,18.263702511406166,0.125
0.17718749999999994,0.8228125000000001,81.7377806285837,81.75,18.262219371416293,0.125
0.1775,0.8225,81.73929094161106,81.75,18.26070905838894,0.125
0.17781249999999993,0.8221875000000001,81.74082921091349,81.75,18.25917078908651,0.125
0.17812499999999998,0.821875,81.7423962530611,81.75,18.257603746938898,0.125
0.17843750000000003,0.8215625,81.74399292003024,81.75,18.256007079969763,0.125
0.17874999999999996,0.82125,81.74562010148698,81.75,18.254379898513022,0.125
0.1790625,0.8209375,81.74727872725876,81.75,18.25272127274124,0.125
0.17937499999999995,0.820625,81.74896977006594,81.75,18.25103022993406,0.125
0.1796875,0.8203125,81.75069424850106,81.75,18.249305751498937,0.125
0.17999999999999994,0.8200000000000001,81.75245323037024,81.75,18.247546769629764,0.125
0.1803125,0.8196875,81.75424783628628,81.75,18.245752163713718,0.125
0.18062500000000004,0.819375,81.75607924381512,81.75,18.243920756184878,0.125
0.18093749999999997,0.8190625,81.75794869187287,81.75,18.24205130812713,0.125
0.18125000000000002,0.81875,81.75985748598791,81.75,18.240142514012092,0.125
0.18156249999999996,0.8184375,81.76180700369186,81.75,18.238192996308143,0.125
0.181875,0.818125,81.76379870136735,81.75,18.23620129863265,0.125
0.18218749999999995,0.8178125,81.76583412091938,81.75,18.23416587908062,0.125
0.1825,0.8175,81.76791489895417,81.75,18.232085101045826,0.125
0.18281249999999993,0.8171875000000001,81.7700427749418,81.75,18.2299572250582,0.125
0.18312499999999998,0.816875,81.77221960419968,81.75,18.227780395800323,0.125
0.18343750000000003,0.8165625,81.77444736743308,81.75,18.225552632566917,0.125
0.18374999999999997,0.81625,81.77672819032364,81.75,18.223271809676362,0.125
0.18406250000000002,0.8159375,81.77906435347536,81.75,18.220935646524637,0.125
0.18437499999999996,0.815625,81.78145832435213,81.75,18.21854167564787,0.125
0.1846875,0.8153125,81.78391276405196,81.75,18.216087235948038,0.125
0.18499999999999994,0.8150000000000001,81.78643058404869,81.75,18.213569415951312,0.125
0.1853125,0.8146875,81.78901493929287,81.75,18.21098506070713,0.125
0.18562499999999993,0.8143750000000001,81.7916693380363,81.75,18.2083306619637,0.125
0.18593749999999998,0.8140625,81.7943975922268,81.75,18.2056024077732,0.125
0.18625000000000003,0.81375,81.79720404750124,81.75,18.20279595249876,0.125
0.18656249999999996,0.8134375,81.80009341274376,81.75,18.199906587256237,0.125
0.186875,0.813125,81.80307127533244,81.75,18.196928724667558,0.125
0.18718749999999995,0.8128125,81.80614359980305,81.75,18.19385640019695,0.125
0.1875,0.8125,81.80931795086568,81.75,18.190682049134324,0.125
0.18781249999999994,0.8121875000000001,81.81260208776465,81.75,18.187397912235355,0.125
0.188125,0.811875,81.81600702520792,81.75,18.183992974792076,0.125
0.18843750000000004,0.8115625,81.81954310856932,81.75,18.18045689143068,0.125
0.18874999999999997,0.81125,81.82322810968003,81.75,18.17677189031997,0.125
0.18906250000000002,0.8109375,81.82707600173251,81.75,18.172923998267493,0.125
0.18937499999999996,0.810625,81.83111986512341,81.75,18.168880134876588,0.125
0.1896875,0.8103125,81.8353780468562,81.75,18.164621953143794,0.125
0.18999999999999995,0.81,81.83992560448901,81.75,18.16007439551099,0.125
0.1903125,0.8096875,81.84478200638466,81.75,18.155217993615338,0.125
0.19062499999999993,0.8093750000000001,81.850176185512,81.75,18.149823814488002,0.125
0.19093749999999998,0.8090625,81.85609700434469,81.75,18.14390299565531,0.125
0.19125000000000003,0.80875,81.8638885601295,81.75,18.136111439870504,0.125
0.19156249999999997,0.8084375,81.82910870051361,81.875,18.170891299486385,0.125
0.19187500000000002,0.808125,81.83009462758008,81.875,18.16990537241992,0.125
0.19218749999999996,0.8078125,81.83109529575215,81.875,18.16890470424785,0.125
0.1925,0.8075,81.83211103882357,81.875,18.16788896117643,0.125
0.19281249999999994,0.8071875000000001,81.83314220095545,81.875,18.16685779904455,0.125
0.193125,0.806875,81.83418913709633,81.875,18.16581086290367,0.125
0.19343749999999993,0.8065625000000001,81.83525221343837,81.875,18.164747786561634,0.125
0.19374999999999998,0.80625,81.83633180786008,81.875,18.163668192139923,0.125
0.19406250000000003,0.8059375,81.83742831045119,81.875,18.162571689548813,0.125
0.19437499999999996,0.805625,81.83854212401609,81.875,18.161457875983913,0.125
0.1946875,0.8053125,81.83967366463227,81.875,18.160326335367728,0.125
0.19499999999999995,0.805,81.84082336222824,81.875,18.159176637771765,0.125
0.1953125,0.8046875,81.84199166121286,81.875,18.15800833878714,0.125
0.19562499999999994,0.8043750000000001,81.84317902110466,81.875,18.15682097889534,0.125
0.1959375,0.8040625,81.84438591725096,81.875,18.15561408274904,0.125
0.19625000000000004,0.80375,81.8456128415433,81.875,18.1543871584567,0.125
0.19656249999999997,0.8034375,81.84686030321004,81.875,18.153139696789964,0.125
0.19687500000000002,0.803125,81.84812882963189,81.875,18.15187117036811,0.125
0.19718749999999996,0.8028125,81.84941896724756,81.875,18.15058103275244,0.125
0.1975,0.8025,81.85073128246925,81.875,18.149268717530745,0.125
0.19781249999999995,0.8021875,81.85206636270925,81.875,18.14793363729075,0.125
0.198125,0.801875,81.85342481745121,81.875,18.146575182548787,0.125
0.19843749999999993,0.8015625000000001,81.85480727938244,81.875,18.14519272061756,0.125
0.19874999999999998,0.80125,81.85621440566158,81.875,18.143785594338425,0.125
0.19906250000000003,0.8009375,81.85764687921235,81.875,18.142353120787647,0.125
0.19937499999999997,0.800625,81.85910541016821,81.875,18.140894589831788,0.125
0.19968750000000002,0.8003125,81.86059073739307,81.875,18.139409262606932,0.125
0.19999999999999996,0.8,81.86210363015685,81.875,18.137896369843148,0.125
0.2003125,0.7996875,81.86364488992241,81.875,18.136355110077588,0.125
0.20062499999999994,0.7993750000000001,81.86521535229558,81.875,18.13478464770442,0.125
0.2009375,0.7990625,81.86681588912776,81.875,18.133184110872236,0.125
0.20124999999999993,0.7987500000000001,81.86844741083578,81.875,18.131552589164215,0.125
0.20156249999999998,0.7984375,81.87011086891415,81.875,18.129889131085847,0.125
0.20187500000000003,0.798125,81.87180725867965,81.875,18.128192741320348,0.125
0.20218749999999996,0.7978125,81.87353762233029,81.875,18.12646237766971,0.125
0.2025,0.7975,81.87530305220847,81.875,18.124696947791534,0.125
0.20281249999999995,0.7971875,81.87710469460116,81.875,18.122895305398842,0.125
0.203125,0.796875,81.87894375365677,81.875,18.12105624634323,0.125
0.20343749999999994,0.7965625000000001,81.88082149617902,81.875,18.119178503820976,0.125
0.20375,0.79625,81.88273925632036,81.875,18.117260743679637,0.125
0.20406250000000004,0.7959375,81.88469844186535,81.875,18.115301558134647,0.125
0.20437499999999997,0.795625,81.88670053976209,81.875,18.11329946023791,0.125
0.20468750000000002,0.7953125,81.88874712470799,81.875,18.11125287529201,0.125
0.20499999999999996,0.795,81.8908398654215,81.875,18.109160134578502,0.125
0.2053125,0.7946875,81.89298053706415,81.875,18.107019462935853,0.125
0.20562499999999995,0.794375,81.89517102758192,81.875,18.104828972418076,0.125
0.2059375,0.7940625,81.89741335710637,81.875,18.102586642893627,0.125
0.20624999999999993,0.7937500000000001,81.89970968209731,81.875,18.10029031790269,0.125
0.20656249999999998,0.7934375,81.90206232841048,81.875,18.09793767158952,0.125
0.20687500000000003,0.793125,81.90447378707998,81.875,18.09552621292002,0.125
0.20718749999999997,0.7928125,81.90694677560306,81.875,18.09305322439694,0.125
0.20750000000000002,0.7925,81.90948420959789,81.875,18.090515790402108,0.125
0.20781249999999996,0.7921875,81.91208932517381,81.875,18.08791067482619,0.125
0.208125,0.791875,81.91476558682592,81.875,18.085234413174078,0.125
0.20843749999999994,0.7915625000000001,81.91751694717905,81.875,18.082483052820947,0.125
0.20875,0.79125,81.92034759231497,81.875,18.079652407685032,0.125
0.20906249999999993,0.7909375000000001,81.92326252021924,81.875,18.07673747978076,0.125
0.20937499999999998,0.790625,81.92626687708933,81.875,18.073733122910667,0.125
0.20968750000000003,0.7903125,81.9293672944519,81.875,18.070632705548107,0.125
0.20999999999999996,0.79,81.93257019556624,81.875,18.067429804433758,0.125
0.2103125,0.7896875,81.93588499012563,81.875,18.06411500987437,0.125
0.21062499999999995,0.789375,81.93931975826548,81.875,18.060680241734516,0.125
0.2109375,0.7890625,81.94288912303205,81.875,18.057110876967954,0.125
0.21124999999999994,0.7887500000000001,81.94660313526474,81.875,18.053396864735262,0.125
0.2115625,0.7884375,81.95048735400064,81.875,18.049512645999357,0.125
0.21187500000000004,0.788125,81.95455358405154,81.875,18.04544641594846,0.125
0.21218749999999997,0.7878125,81.95885341831186,81.875,18.04114658168814,0.125
0.21250000000000002,0.7875,81.96339852167804,81.875,18.036601478321955,0.125
0.21281249999999996,0.7871875,81.96831315810265,81.875,18.031686841897354,0.125
0.213125,0.786875,81.97360734520011,81.875,18.026392654799892,0.125
0.21343749999999995,0.7865625,81.97966961171842,81.875,18.02033038828158,0.125
0.21375,0.78625,81.98667364203631,81.875,18.01332635796369,0.125
0.21406249999999993,0.7859375000000001,81.9539233325967,82.0,18.046076667403298,0.125
0.21437499999999998,0.785625,81.95493515755048,82.0,18.04506484244952,0.125
0.21468750000000003,0.7853125,81.95596252148476,82.0,18.044037478515236,0.125
0.21499999999999997,0.785,81.95700578573722,82.0,18.042994214262777,0.125
0.21531250000000002,0.7846875,81.95806532318782,82.0,18.041934676812176,0.125
0.21562499999999996,0.784375,81.9591415187066,82.0,18.040858481293398,0.125
0.2159375,0.7840625,81.96023476967827,82.0,18.039765230321734,0.125
0.21624999999999994,0.7837500000000001,81.96134548654825,82.0,18.038654513451746,0.125
0.2165625,0.7834375,81.96247409336112,82.0,18.037525906638876,0.125
0.21687499999999993,0.7831250000000001,81.96362102839429,82.0,18.036378971605714,0.125
0.21718749999999998,0.7828125,81.9647867447721,82.0,18.0352132552279,0.125
0.21750000000000003,0.7825,81.96597171111839,82.0,18.034028288881615,0.125
0.21781249999999996,0.7821875,81.96717641232888,82.0,18.032823587671118,0.125
0.218125,0.781875,81.96840135024097,82.0,18.031598649759033,0.125
0.21843749999999995,0.7815625,81.96964704451204,82.0,18.030352955487956,0.125
0.21875,0.78125,81.97091403342071,82.0,18.029085966579288,0.125
0.21906249999999994,0.7809375000000001,81.97220287479394,82.0,18.027797125206064,0.125
0.219375,0.780625,81.97351414696749,82.0,18.02648585303251,0.125
0.21968750000000004,0.7803125,81.97484844982156,82.0,18.025151550178435,0.125
0.21999999999999997,0.78,81.97620640585983,82.0,18.023793594140173,0.125
0.22031250000000002,0.7796875,81.97758866142742,82.0,18.02241133857258,0.125
0.22062499999999996,0.779375,81.9789958879208,82.0,18.021004112079197,0.125
0.2209375,0.7790625,81.98042878319025,82.0,18.01957121680975,0.125
0.22124999999999995,0.77875,81.98188807295831,82.0,18.018111927041687,0.125
0.2215625,0.7784375,81.98337451240766,82.0,18.016625487592336,0.125
0.22187499999999993,0.7781250000000001,81.98488888786474,82.0,18.01511111213526,0.125
0.22218749999999998,0.7778125,81.98643201862467,82.0,18.01356798137533,0.125
0.22250000000000003,0.7775,81.98800475892745,82.0,18.011995241072555,0.125
0.22281249999999997,0.7771875,81.98960800012293,82.0,18.010391999877072,0.125
0.22312500000000002,0.776875,81.9912426729739,82.0,18.008757327026103,0.125
0.22343749999999996,0.7765625,81.99290975026749,82.0,18.007090249732514,0.125
0.22375,0.77625,81.99461024950281,82.0,18.005389750497187,0.125
0.22406249999999994,0.7759375000000001,81.99634523610045,82.0,18.003654763899547,0.125
0.224375,0.775625,81.99811582654007,82.0,18.001884173459928,0.125
0.22468749999999993,0.7753125000000001,81.99992319240835,82.0,18.000076807591654,0.125
0.22499999999999998,0.775,82.00176856402506,82.0,17.998231435974944,0.125
0.22531250000000003,0.7746875,82.00365323570153,82.0,17.996346764298465,0.125
0.22562499999999996,0.774375,82.0055785698033,82.0,17.994421430196695,0.125
0.2259375,0.7740625,82.00754600401302,82.0,17.992453995986978,0.125
0.22624999999999995,0.77375,82.0095570553564,82.0,17.990442944643604,0.125
0.2265625,0.7734375,82.01161333106872,82.0,17.988386668931284,0.125
0.22687499999999994,0.7731250000000001,82.01371653131204,82.0,17.986283468687958,0.125
0.2271875,0.7728125,82.01586846688907,82.0,17.984131533110926,0.125
0.22750000000000004,0.7725,82.01807105736522,82.0,17.98192894263478,0.125
0.22781249999999997,0.7721875,82.02032636263074,82.0,17.97967363736926,0.125
0.22812500000000002,0.771875,82.02263656822882,82.0,17.97736343177118,0.125
0.22843749999999996,0.7715625,82.02500404645097,82.0,17.974995953549026,0.125
0.22875,0.77125,82.02743130865173,82.0,17.972568691348272,0.125
0.22906249999999995,0.7709375,82.02992113201265,82.0,17.970078867987354,0.125
0.229375,0.770625,82.03247642942345,82.0,17.967523570576546,0.125
0.22968749999999993,0.7703125000000001,82.03510052648406,82.0,17.964899473515942,0.125
0.22999999999999998,0.77,82.03779682869649,82.0,17.962203171303514,0.125
0.23031250000000003,0.7696875,82.04056944970178,82.0,17.959430550298222,0.125
0.23062499999999997,0.769375,82.04342238137633,82.0,17.95657761862367,0.125
0.23093750000000002,0.7690625,82.04636095988626,82.0,17.953639040113742,0.125
0.23124999999999996,0.76875,82.04938980929477,82.0,17.950610190705234,0.125
0.2315625,0.7684375,82.05251634740377,82.0,17.947483652596233,0.125
0.23187499999999994,0.7681250000000001,82.05574566485693,82.0,17.94425433514307,0.125
0.2321875,0.7678125,82.05908911222843,82.0,17.940910887771565,0.125
0.23249999999999993,0.7675000000000001,82.06255137318226,82.0,17.93744862681774,0.125
0.23281249999999998,0.7671875,82.06615206940647,82.0,17.93384793059353,0.125
0.23312500000000003,0.766875,82.06989238820591,82.0,17.930107611794085,0.125
0.23343749999999996,0.7665625,82.07381130868714,82.0,17.92618869131286,0.125
0.23375,0.76625,82.07789645462705,82.0,17.92210354537295,0.125
0.23406249999999995,0.7659375,82.08223749907998,82.0,17.91776250092002,0.125
0.234375,0.765625,82.08677510922199,82.0,17.91322489077801,0.125
0.23468749999999994,0.7653125000000001,82.09175172973396,82.0,17.908248270266043,0.125
0.235,0.765,82.09693900396746,82.0,17.903060996032536,0.125
0.23531250000000004,0.7646875,82.1031638854572,82.0,17.896836114542793,0.125
0.23562499999999997,0.764375,82.10946955890475,82.0,17.89053044109525,0.125
0.23593750000000002,0.7640625,82.07871230368194,82.125,17.92128769631806,0.125
0.23624999999999996,0.76375,82.07975019094935,82.125,17.920249809050645,0.125
0.2365625,0.7634375,82.0808044451846,82.125,17.919195554815403,0.125
0.23687499999999995,0.763125,82.08187545712809,82.125,17.918124542871908,0.125
0.2371875,0.7628125,82.08296363029869,82.125,17.917036369701307,0.125
0.23749999999999993,0.7625000000000001,82.08406938157228,82.125,17.915930618427723,0.125
0.23781249999999998,0.7621875,82.08519314171681,82.125,17.914806858283185,0.125
0.23812500000000003,0.761875,82.08633535605283,82.125,17.913664643947172,0.125
0.23843749999999997,0.7615625,82.08749648507012,82.125,17.91250351492988,0.125
0.23875000000000002,0.76125,82.08867700512371,82.125,17.911322994876286,0.125
0.23906249999999996,0.7609375,82.08987740916653,82.125,17.910122590833467,0.125
0.239375,0.760625,82.09109820750533,82.125,17.908901792494675,0.125
0.23968749999999994,0.7603125000000001,82.09233992864043,82.125,17.907660071359572,0.125
0.24,0.76,82.09360312011185,82.125,17.90639687988815,0.125
0.24031249999999993,0.7596875000000001,82.0948883494391,82.125,17.905111650560897,0.125
0.24062499999999998,0.759375,82.09619620510556,82.125,17.903803794894444,0.125
0.24093750000000003,0.7590625,82.0975272975991,82.125,17.9024727024009,0.125
0.24124999999999996,0.75875,82.09888226053903,82.125,17.90111773946097,0.125
0.2415625,0.7584375,82.10026175187818,82.125,17.89973824812182,0.125
0.24187499999999995,0.758125,82.10166645517913,82.125,17.898333544820872,0.125
0.2421875,0.7578125,82.10309708098984,82.125,17.89690291901016,0.125
0.24249999999999994,0.7575000000000001,82.1045543683328,82.125,17.8954456316672,0.125
0.2428125,0.7571875,82.10603908627509,82.125,17.89396091372491,0.125
0.24312500000000004,0.756875,82.10755203565849,82.125,17.892447964341514,0.125
0.24343749999999997,0.7565625,82.10909405094729,82.125,17.89090594905271,0.125
0.24375000000000002,0.75625,82.11066600221316,82.125,17.889333997786835,0.125
0.24406249999999996,0.7559375,82.11226879733182,82.125,17.887731202668178,0.125
0.244375,0.755625,82.11390338430465,82.125,17.88609661569535,0.125
0.24468749999999995,0.7553125,82.11557075388251,82.125,17.88442924611749,0.125
0.245,0.755,82.11727194228608,82.125,17.88272805771392,0.125
0.24531249999999993,0.7546875000000001,82.1190080343978,82.125,17.880991965602206,0.125
0.24562499999999998,0.754375,82.12078016695851,82.125,17.87921983304149,0.125
0.24593750000000003,0.7540625,82.12258953253975,82.125,17.87741046746025,0.125
0.24624999999999997,0.75375,82.1244373832755,82.125,17.875562616724494,0.125
0.24656250000000002,0.7534375,82.12632503596224,82.125,17.87367496403776,0.125
0.24687499999999996,0.753125,82.12825387630342,82.125,17.87174612369658,0.125
0.2471875,0.7528125,82.13022536580827,82.125,17.869774634191728,0.125
0.24749999999999994,0.7525000000000001,82.13224104626967,82.125,17.86775895373033,0.125
0.2478125,0.7521875,82.13430254976291,82.125,17.865697450237093,0.125
0.24812499999999993,0.7518750000000001,82.13641160244934,82.125,17.863588397550657,0.125
0.24843749999999998,0.7515625,82.13857004028957,82.125,17.861429959710435,0.125
0.24875000000000003,0.75125,82.1407798097935,82.125,17.8592201902065,0.125
0.24906249999999996,0.7509375,82.14304299501964,82.125,17.85695700498036,0.125
0.249375,0.750625,82.14536180905816,82.125,17.85463819094184,0.125
0.24968749999999995,0.7503125,82.14773864479669,82.125,17.85226135520331,0.125
0.25,0.75,82.15017604171071,82.125,17.849823958289292,0.125
0.25031249999999994,0.7496875000000001,82.15267678877706,82.125,17.847323211222943,0.125
0.250625,0.749375,82.15524382877457,82.125,17.844756171225427,0.125
0.25093750000000004,0.7490625,82.15788047941729,82.125,17.842119520582713,0.125
0.25125,0.74875,82.16059018289604,82.125,17.839409817103956,0.125
0.2515625,0.7484375,82.16337700175558,82.125,17.836622998244422,0.125
0.25187499999999996,0.748125,82.16624498725481,82.125,17.833755012745186,0.125
0.2521875,0.7478125,82.16919932811768,82.125,17.830800671882315,0.125
0.25249999999999995,0.7475,82.17224477613851,82.125,17.827755223861487,0.125
0.2528125,0.7471875,82.17538838020346,82.125,17.824611619796542,0.125
0.25312499999999993,0.7468750000000001,82.17863555323726,82.125,17.821364446762743,0.125
0.2534375,0.7465625,82.18199674802888,82.125,17.81800325197112,0.125
0.25375000000000003,0.74625,82.18547751110198,82.125,17.81452248889802,0.125
0.25406249999999997,0.7459375,82.18909524612843,82.125,17.81090475387157,0.125
0.254375,0.745625,82.19285350630668,82.125,17.807146493693324,0.125
0.25468749999999996,0.7453125,82.19678557330224,82.125,17.803214426697764,0.125
0.255,0.745,82.20088571370219,82.125,17.799114286297808,0.125
0.25531249999999994,0.7446875000000001,82.2052280300347,82.125,17.794771969965296,0.125
0.255625,0.744375,82.20977262596504,82.125,17.790227374034956,0.125
0.25593750000000004,0.7440625,82.21471482119138,82.125,17.78528517880862,0.125
0.25625,0.74375,82.21988759460798,82.125,17.780112405392018,0.125
0.2565625,0.7434375,82.22594045964755,82.125,17.774059540352454,0.125
0.25687499999999996,0.743125,82.23213563212227,82.125,17.767864367877735,0.125
0.2571875,0.7428125,82.24266574640355,82.125,17.757334253596454,0.125
0.25749999999999995,0.7425,82.20447147272183,82.25,17.795528527278165,0.125
0.2578125,0.7421875,82.20555168688836,82.25,17.794448313111644,0.125
0.25812499999999994,0.7418750000000001,82.20664952140423,82.25,17.79335047859577,0.125
0.2584375,0.7415625,82.20776541157348,82.25,17.792234588426524,0.125
0.25875000000000004,0.74125,82.20889980747415,82.25,17.791100192525846,0.125
0.2590625,0.7409375,82.21005317457971,82.25,17.789946825420287,0.125
0.259375,0.740625,82.21122599449673,82.25,17.78877400550327,0.125
0.25968749999999996,0.7403125,82.2124187656635,82.25,17.7875812343365,0.125
0.26,0.74,82.21363200415661,82.25,17.786367995843392,0.125
0.26031249999999995,0.7396875,82.21486624451542,82.25,17.78513375548458,0.125
0.260625,0.739375,82.21612204061576,82.25,17.78387795938424,0.125
0.26093749999999993,0.7390625000000001,82.21739996661424,82.25,17.782600033385762,0.125
0.26125,0.73875,82.21870061793362,82.25,17.78129938206638,0.125
0.26156250000000003,0.7384375,82.22002461234229,82.25,17.779975387657714,0.125
0.26187499999999997,0.738125,82.22137259106806,82.25,17.77862740893194,0.125
0.2621875,0.7378125,82.22274522001895,82.25,17.77725477998105,0.125
0.26249999999999996,0.7375,82.2241431910754,82.25,17.7758568089246,0.125
0.2628125,0.7371875,82.22556722346975,82.25,17.774432776530247,0.125
0.26312499999999994,0.7368750000000001,82.22701806528622,82.25,17.772981934713783,0.125
0.2634375,0.7365625,82.22849649505153,82.25,17.77150350494847,0.125
0.26375000000000004,0.73625,82.23000332344644,82.25,17.76999667655356,0.125
0.2640625,0.7359375,82.2315393951839,82.25,17.7684606048161,0.125
0.264375,0.735625,82.23310559098844,82.25,17.766894409011556,0.125
0.26468749999999996,0.7353125,82.23470282978425,82.25,17.765297170215746,0.125
0.265,0.735,82.23633207103622,82.25,17.763667928963784,0.125
0.26531249999999995,0.7346875,82.23799431733028,82.25,17.762005682669724,0.125
0.265625,0.734375,82.23969061713473,82.25,17.760309382865273,0.125
0.26593749999999994,0.7340625000000001,82.24142206787833,82.25,17.758577932121668,0.125
0.26625,0.73375,82.24318981927621,82.25,17.75681018072379,0.125
0.26656250000000004,0.7334375,82.24499507702002,82.25,17.75500492297998,0.125
0.266875,0.733125,82.24683910681375,82.25,17.753160893186248,0.125
0.2671875,0.7328125,82.24872323885751,82.25,17.751276761142492,0.125
0.26749999999999996,0.7325,82.25064887286939,82.25,17.74935112713061,0.125
0.2678125,0.7321875,82.25261748350347,82.25,17.74738251649653,0.125
0.26812499999999995,0.731875,82.25463062680127,82.25,17.745369373198727,0.125
0.2684375,0.7315625,82.25668994677484,82.25,17.74331005322516,0.125
0.26874999999999993,0.7312500000000001,82.2587971838515,82.25,17.7412028161485,0.125
0.2690625,0.7309375,82.26095418296076,82.25,17.73904581703924,0.125
0.26937500000000003,0.730625,82.26316290499379,82.25,17.73683709500621,0.125
0.26968749999999997,0.7303125,82.2654254365504,82.25,17.7345745634496,0.125
0.27,0.73,82.26774400633657,82.25,17.73225599366343,0.125
0.27031249999999996,0.7296875,82.27012099638078,82.25,17.729879003619217,0.125
0.270625,0.729375,82.27255896701912,82.25,17.727441032980877,0.125
0.27093749999999994,0.7290625000000001,82.27506066830678,82.25,17.72493933169322,0.125
0.27125,0.72875,82.27762908090521,82.25,17.722370919094786,0.125
0.27156250000000004,0.7284375,82.28026742345526,82.25,17.719732576544743,0.125
0.271875,0.728125,82.282979224784,82.25,17.717020775216,0.125
0.2721875,0.7278125,82.28576831547262,82.25,17.714231684527377,0.125
0.27249999999999996,0.7275,82.28863896492763,82.25,17.711361035072372,0.125
0.2728125,0.7271875,82.29159582666172,82.25,17.70840417333828,0.125
0.27312499999999995,0.726875,82.29464421541493,82.25,17.705355784585066,0.125
0.2734375,0.7265625,82.29778993011494,82.25,17.702210069885055,0.125
0.27374999999999994,0.7262500000000001,82.30103984319308,82.25,17.69896015680692,0.125
0.2740625,0.7259375,82.30440141552421,82.25,17.69559858447579,0.125
0.27437500000000004,0.725625,82.30788400042701,82.25,17.69211599957299,0.125
0.2746875,0.7253125,82.31149760362325,82.25,17.688502396376748,0.125
0.275,0.725,82.31525586037024,82.25,17.684744139629757,0.125
0.27531249999999996,0.7246875,82.3191729904089,82.25,17.6808270095911,0.125
0.275625,0.724375,82.32327076422503,82.25,17.67672923577497,0.125
0.27593749999999995,0.7240625,82.32757134589453,82.25,17.672428654105474,0.125
0.27625,0.72375,82.33211387191297,82.25,17.667886128087034,0.125
0.27656249999999993,0.7234375000000001,82.33693943013319,82.25,17.663060569866815,0.125
0.276875,0.723125,82.34213043296174,82.25,17.65786956703826,0.125
0.27718750000000003,0.7228125,82.34779676547332,82.25,17.65220323452668,0.125
0.27749999999999997,0.7225,82.35416228687305,82.25,17.64583771312695,0.125
0.2778125,0.7221875,82.3619250788497,82.25,17.638074921150306,0.125
0.27812499999999996,0.721875,82.32902714011855,82.375,17.670972859881445,0.125
0.2784375,0.7215625,82.33013108378218,82.375,17.669868916217823,0.125
0.27874999999999994,0.7212500000000001,82.33125348175523,82.375,17.668746518244774,0.125
0.2790625,0.7209375,82.33239480111507,82.375,17.667605198884928,0.125
0.27937500000000004,0.720625,82.33355552513628,82.375,17.666444474863724,0.125
0.2796875,0.7203125,82.33473615406142,82.375,17.665263845938583,0.125
0.28,0.72,82.33593720585179,82.375,17.664062794148208,0.125
0.28031249999999996,0.7196875,82.33715921705608,82.375,17.662840782943917,0.125
0.280625,0.719375,82.33840274366251,82.375,17.661597256337487,0.125
0.28093749999999995,0.7190625,82.33966836204281,82.375,17.660331637957185,0.125
0.28125,0.71875,82.34095666996558,82.375,17.65904333003442,0.125
0.28156249999999994,0.7184375000000001,82.34226828763373,82.375,17.65773171236627,0.125
0.281875,0.718125,82.34360385882785,82.375,17.656396141172152,0.125
0.28218750000000004,0.7178125,82.34496405210871,82.375,17.655035947891292,0.125
0.2825,0.7175,82.34634956211379,82.375,17.653650437886213,0.125
0.2828125,0.7171875,82.3477611109254,82.375,17.652238889074596,0.125
0.28312499999999996,0.716875,82.3491994495592,82.375,17.650800550440806,0.125
0.2834375,0.7165625,82.35066535954493,82.375,17.649334640455066,0.125
0.28374999999999995,0.71625,82.35215965463416,82.375,17.647840345365836,0.125
0.2840625,0.7159375,82.35368318262084,82.375,17.64631681737916,0.125
0.28437499999999993,0.7156250000000001,82.35523682736967,82.375,17.644763172630334,0.125
0.2846875,0.7153125,82.35682151088639,82.375,17.64317848911361,0.125
0.28500000000000003,0.715,82.35843819570124,82.375,17.64156180429876,0.125
0.28531249999999997,0.7146875,82.36008788733147,82.375,17.639912112668526,0.125
0.285625,0.714375,82.36177163707511,82.375,17.63822836292489,0.125
0.28593749999999996,0.7140625,82.36349054492182,82.375,17.636509455078183,0.125
0.28625,0.71375,82.36524576291872,82.375,17.63475423708128,0.125
0.28656249999999994,0.7134375000000001,82.36703849859656,82.375,17.632961501403443,0.125
0.286875,0.713125,82.36887001913038,82.375,17.631129980869616,0.125
0.28718750000000004,0.7128125,82.37074165533579,82.375,17.62925834466421,0.125
0.2875,0.7125,82.37265480700444,82.375,17.627345192995563,0.125
0.2878125,0.7121875,82.37461094740846,82.375,17.625389052591544,0.125
0.28812499999999996,0.711875,82.37661163053235,82.375,17.623388369467648,0.125
0.2884375,0.7115625,82.37865849577787,82.375,17.62134150422213,0.125
0.28874999999999995,0.71125,82.38075327842806,82.375,17.61924672157194,0.125
0.2890625,0.7109375,82.3828978136007,82.375,17.617102186399293,0.125
0.28937499999999994,0.7106250000000001,82.38509405268977,82.375,17.614905947310234,0.125
0.2896875,0.7103125,82.38734406400796,82.375,17.612655935992038,0.125
0.29000000000000004,0.71,82.38965006101377,82.375,17.610349938986232,0.125
0.2903125,0.7096875,82.39201439319608,82.375,17.607985606803922,0.125
0.290625,0.709375,82.39443959890735,82.375,17.605560401092646,0.125
0.29093749999999996,0.7090625,82.39692837060961,82.375,17.603071629390385,0.125
0.29125,0.70875,82.39948366139414,82.375,17.600516338605857,0.125
0.29156249999999995,0.7084375,82.40210858594372,82.375,17.597891414056278,0.125
0.291875,0.708125,82.4048066472798,82.375,17.5951933527202,0.125
0.29218749999999993,0.7078125000000001,82.40758148321586,82.375,17.592418516784136,0.125
0.2925,0.7075,82.41043736494818,82.375,17.58956263505182,0.125
0.29281250000000003,0.7071875,82.41337856734737,82.375,17.586621432652635,0.125
0.29312499999999997,0.706875,82.41641051493048,82.375,17.583589485069524,0.125
0.2934375,0.7065625,82.41953821931129,82.375,17.580461780688708,0.125
0.29374999999999996,0.70625,82.42276899268845,82.375,17.577231007311553,0.125
0.2940625,0.7059375,82.4261085618764,82.375,17.573891438123596,0.125
0.29437499999999994,0.7056250000000001,82.42956766001456,82.375,17.570432339985445,0.125
0.2946875,0.7053125,82.43315224696711,82.375,17.56684775303289,0.125
0.29500000000000004,0.705,82.43687997390165,82.375,17.563120026098346,0.125
0.2953125,0.7046875,82.44075503754269,82.375,17.559244962457313,0.125
0.295625,0.704375,82.44481074468153,82.375,17.555189255318467,0.125
0.29593749999999996,0.7040625,82.4490426496623,82.375,17.550957350337697,0.125
0.29625,0.70375,82.4535239527381,82.375,17.546476047261905,0.125
0.29656249999999995,0.7034375,82.45821813411311,82.375,17.54178186588689,0.125
0.296875,0.703125,82.46331584492063,82.375,17.53668415507937,0.125
0.29718749999999994,0.7028125000000001,82.46866134650277,82.375,17.53133865349723,0.125
0.2975,0.7025,82.47488128398946,82.375,17.52511871601054,0.125
0.29781250000000004,0.7021875,82.48128848082442,82.375,17.518711519175582,0.125
0.298125,0.701875,82.49178801469354,82.375,17.50821198530646,0.125
0.2984375,0.7015625,82.45446701979273,82.5,17.54553298020727,0.125
0.29874999999999996,0.70125,82.45561022705245,82.5,17.544389772947554,0.125
0.2990625,0.7009375,82.45677315024908,82.5,17.543226849750923,0.125
0.29937499999999995,0.700625,82.45795630430068,82.5,17.54204369569932,0.125
0.2996875,0.7003125,82.45916022258093,82.5,17.540839777419066,0.125
0.29999999999999993,0.7000000000000001,82.46038545779916,82.5,17.539614542200837,0.125
0.3003125,0.6996875,82.46163258289562,82.5,17.538367417104382,0.125
0.30062500000000003,0.699375,82.46290219206105,82.5,17.53709780793895,0.125
0.30093749999999997,0.6990625,82.46419490176237,82.5,17.53580509823763,0.125
0.30125,0.69875,82.46551135183608,82.5,17.534488648163915,0.125
0.30156249999999996,0.6984375,82.4668522067219,82.5,17.533147793278104,0.125
0.301875,0.698125,82.46821815667681,82.5,17.531781843323188,0.125
0.30218749999999994,0.6978125000000001,82.4696099191586,82.5,17.5303900808414,0.125
0.3025,0.6975,82.47102824026501,82.5,17.528971759734986,0.125
0.30281250000000004,0.6971875,82.47247389627402,82.5,17.527526103725975,0.125
0.303125,0.696875,82.47394769531431,82.5,17.52605230468569,0.125
0.3034375,0.6965625,82.47545047915769,82.5,17.524549520842314,0.125
0.30374999999999996,0.69625,82.47698312512864,82.5,17.52301687487136,0.125
0.3040625,0.6959375,82.47854654820246,82.5,17.52145345179754,0.125
0.30437499999999995,0.695625,82.48014170321302,82.5,17.51985829678698,0.125
0.3046875,0.6953125,82.48176958732759,82.5,17.51823041267241,0.125
0.30499999999999994,0.6950000000000001,82.48343124262524,82.5,17.516568757374756,0.125
0.3053125,0.6946875,82.48512775903518,82.5,17.51487224096482,0.125
0.30562500000000004,0.694375,82.4868602773571,82.5,17.513139722642904,0.125
0.3059375,0.6940625,82.48862999283291,82.5,17.511370007167088,0.125
0.30625,0.69375,82.49043815863912,82.5,17.509561841360878,0.125
0.30656249999999996,0.6934375,82.49228609039548,82.5,17.50771390960452,0.125
0.306875,0.693125,82.49417517010569,82.5,17.50582482989431,0.125
0.30718749999999995,0.6928125,82.49610685204648,82.5,17.50389314795352,0.125
0.3075,0.6925,82.49808266706812,82.5,17.501917332931882,0.125
0.30781249999999993,0.6921875000000001,82.50010423070155,82.5,17.499895769298448,0.125
0.308125,0.691875,82.50217324725621,82.5,17.49782675274379,0.125
0.30843750000000003,0.6915625,82.50429152195068,82.5,17.495708478049323,0.125
0.30874999999999997,0.69125,82.50646096322227,82.5,17.493539036777733,0.125
0.3090625,0.6909375,82.50868360259926,82.5,17.491316397400738,0.125
0.30937499999999996,0.690625,82.5109615912596,82.5,17.4890384087404,0.125
0.3096875,0.6903125,82.51329723565141,82.5,17.486702764348593,0.125
0.30999999999999994,0.6900000000000001,82.51569297860676,82.5,17.484307021393235,0.125
0.3103125,0.6896875,82.51815146865765,82.5,17.48184853134235,0.125
0.31062500000000004,0.689375,82.52067550209834,82.5,17.479324497901658,0.125
0.3109375,0.6890625,82.52326816712414,82.5,17.476731832875856,0.125
0.31125,0.68875,82.52593269000407,82.5,17.47406730999593,0.125
0.31156249999999996,0.6884375,82.52867274958142,82.5,17.471327250418582,0.125
0.311875,0.688125,82.53149209085186,82.5,17.468507909148144,0.125
0.31218749999999995,0.6878125,82.53439523524088,82.5,17.46560476475912,0.125
0.3125,0.6875,82.537386530287,82.5,17.462613469713006,0.125
0.31281249999999994,0.6871875000000001,82.54047179736648,82.5,17.45952820263352,0.125
0.313125,0.686875,82.54365600450595,82.5,17.456343995494052,0.125
0.31343750000000004,0.6865625,82.54694717841775,82.5,17.453052821582247,0.125
0.31375,0.68625,82.5503506721242,82.5,17.449649327875804,0.125
0.3140625,0.6859375,82.5538786681638,82.5,17.446121331836196,0.125
0.31437499999999996,0.685625,82.55753586091498,82.5,17.44246413908502,0.125
0.3146875,0.6853125,82.56134314858508,82.5,17.43865685141492,0.125
0.31499999999999995,0.685,82.56530106144493,82.5,17.434698938555073,0.125
0.3153125,0.6846875,82.56945080433952,82.5,17.430549195660475,0.125
0.31562499999999993,0.6843750000000001,82.57377762183906,82.5,17.426222378160944,0.125
0.3159375,0.6840625,82.57837551397401,82.5,17.42162448602599,0.125
0.31625000000000003,0.68375,82.58317814713453,82.5,17.416821852865468,0.125
0.31656249999999997,0.6834375,82.58843680671099,82.5,17.411563193289012,0.125
0.316875,0.683125,82.59390183120094,82.5,17.406098168799062,0.125
0.31718749999999996,0.6828125,82.6004130278303,82.5,17.3995869721697,0.125
0.3175,0.6825,82.60691926829912,82.5,17.393080731700877,0.125
0.31781249999999994,0.6821875000000001,82.61924581176261,82.5,17.38075418823739,0.125
0.318125,0.681875,82.57964234249049,82.625,17.420357657509513,0.125
0.31843750000000004,0.6815625,82.5808213894844,82.625,17.4191786105156,0.125
0.31875,0.68125,82.58202137026922,82.625,17.417978629730783,0.125
0.3190625,0.6809375,82.5832428477305,82.625,17.416757152269497,0.125
0.31937499999999996,0.680625,82.58448640552048,82.625,17.41551359447952,0.125
0.3196875,0.6803125,82.58575264908544,82.625,17.414247350914565,0.125
0.31999999999999995,0.68,82.58704220673837,82.625,17.412957793261626,0.125
0.3203125,0.6796875,82.58835573078287,82.625,17.411644269217135,0.125
0.32062499999999994,0.6793750000000001,82.58969389876096,82.625,17.410306101239044,0.125
0.3209375,0.6790625,82.59105741472403,82.625,17.408942585275966,0.125
0.32125000000000004,0.67875,82.59244701064452,82.625,17.40755298935548,0.125
0.3215625,0.6784375,82.59386344789367,82.625,17.406136552106332,0.125
0.321875,0.678125,82.59530751881978,82.625,17.40469248118022,0.125
0.32218749999999996,0.6778125,82.59678004847675,82.625,17.403219951523255,0.125
0.3225,0.6775,82.59828189644692,82.625,17.40171810355308,0.125
0.32281249999999995,0.6771875,82.59981395879717,82.625,17.40018604120283,0.125
0.323125,0.676875,82.60137717023632,82.625,17.39862282976368,0.125
0.32343749999999993,0.6765625000000001,82.60297250638011,82.625,17.397027493619888,0.125
0.32375,0.67625,82.60460098625994,82.625,17.39539901374006,0.125
0.32406250000000003,0.6759375,82.60626367498466,82.625,17.39373632501534,0.125
0.32437499999999997,0.675625,82.60796168671482,82.625,17.392038313285184,0.125
0.3246875,0.6753125,82.60969618776866,82.625,17.390303812231338,0.125
0.32499999999999996,0.675,82.61146840021847,82.625,17.38853159978153,0.125
0.3253125,0.6746875,82.61327960553018,82.625,17.38672039446982,0.125
0.32562499999999994,0.6743750000000001,82.61513114899124,82.625,17.38486885100876,0.125
0.3259375,0.6740625,82.61702444393879,82.625,17.38297555606121,0.125
0.32625000000000004,0.67375,82.6189609774225,82.625,17.381039022577497,0.125
0.3265625,0.6734375,82.62094231496506,82.625,17.379057685034937,0.125
0.326875,0.673125,82.62297010817024,82.625,17.377029891829764,0.125
0.32718749999999996,0.6728125,82.62504609974026,82.625,17.37495390025974,0.125
0.3275,0.6725,82.62717213432175,82.625,17.372827865678246,0.125
0.32781249999999995,0.6721875,82.62935016292889,82.625,17.370649837071113,0.125
0.328125,0.671875,82.63158225968854,82.625,17.368417740311457,0.125
0.32843749999999994,0.6715625000000001,82.63387062318606,82.625,17.366129376813944,0.125
0.32875,0.67125,82.63621760487572,82.625,17.363782395124275,0.125
0.32906250000000004,0.6709375,82.63862570100292,82.625,17.361374298997077,0.125
0.329375,0.670625,82.64109760537217,82.625,17.358902394627833,0.125
0.3296875,0.6703125,82.64363617628449,82.625,17.356363823715512,0.125
0.32999999999999996,0.67,82.6462445421939,82.625,17.353755457806102,0.125
0.3303125,0.6696875,82.6489260060164,82.625,17.351073993983604,0.125
0.33062499999999995,0.669375,82.65168426943958,82.625,17.348315730560415,0.125
0.3309375,0.6690625,82.65452318336602,82.625,17.345476816633976,0.125
0.33124999999999993,0.6687500000000001,82.65744724547108,82.625,17.342552754528924,0.125
0.3315625,0.6684375,82.6604609747512,82.625,17.339539025248797,0.125
0.33187500000000003,0.668125,82.66357005242033,82.625,17.336429947579674,0.125
0.33218749999999997,0.6678125,82.66677977484784,82.625,17.33322022515216,0.125
0.3325,0.6675,82.67009774174738,82.625,17.329902258252616,0.125
0.33281249999999996,0.6671875,82.67353002469581,82.625,17.326469975304192,0.125
0.333125,0.666875,82.67708766477351,82.625,17.32291233522649,0.125
0.33343749999999994,0.6665625000000001,82.6807770742083,82.625,17.319222925791706,0.125
0.33375,0.66625,82.68461618309702,82.625,17.31538381690298,0.125
0.33406250000000004,0.6659375,82.68860988173974,82.625,17.311390118260263,0.125
0.334375,0.665625,82.69279154123758,82.625,17.307208458762418,0.125
0.3346875,0.6653125,82.69715806479601,82.625,17.302841935203986,0.125
0.33499999999999996,0.665,82.70178182204094,82.625,17.298218177959058,0.125
0.3353125,0.6646875,82.70662971548995,82.625,17.293370284510047,0.125
0.33562499999999995,0.664375,82.71188797852494,82.625,17.288112021475058,0.125
0.3359375,0.6640625,82.71741198098229,82.625,17.28258801901771,0.125
0.33624999999999994,0.6637500000000001,82.72380701423417,82.625,17.27619298576583,0.125
0.3365625,0.6634375,82.73043443290314,82.625,17.269565567096862,0.125
0.33687500000000004,0.663125,82.74095918539535,82.625,17.259040814604646,0.125
0.3371875,0.6628125,82.70446352814287,82.75,17.295536471857133,0.125
0.3375,0.6625,82.70567299631936,82.75,17.294327003680635,0.125
0.33781249999999996,0.6621875,82.70690451063517,82.75,17.29309548936483,0.125
0.338125,0.661875,82.70815867958007,82.75,17.291841320419934,0.125
0.33843749999999995,0.6615625,82.70943613468543,82.75,17.290563865314567,0.125
0.33875,0.66125,82.71073753169723,82.75,17.289262468302766,0.125
0.33906249999999993,0.6609375000000001,82.71206355177362,82.75,17.287936448226375,0.125
0.339375,0.660625,82.71341490281631,82.75,17.28658509718369,0.125
0.33968750000000003,0.6603125,82.714792320847,82.75,17.285207679153004,0.125
0.33999999999999997,0.66,82.71619657151048,82.75,17.28380342848952,0.125
0.3403125,0.6596875,82.7176284516575,82.75,17.282371548342496,0.125
0.34062499999999996,0.659375,82.7190887910545,82.75,17.280911208945497,0.125
0.3409375,0.6590625,82.72057845422633,82.75,17.279421545773673,0.125
0.34124999999999994,0.6587500000000001,82.72209834243282,82.75,17.277901657567185,0.125
0.3415625,0.6584375,82.72364939574655,82.75,17.27635060425345,0.125
0.34187500000000004,0.658125,82.72523259541983,82.75,17.274767404580174,0.125
0.3421875,0.6578125,82.72684896625542,82.75,17.273151033744583,0.125
0.3425,0.6575,82.72849957938568,82.75,17.271500420614316,0.125
0.34281249999999996,0.6571875,82.73018555509067,82.75,17.26981444490933,0.125
0.343125,0.656875,82.73190806601538,82.75,17.26809193398462,0.125
0.34343749999999995,0.6565625,82.73366834054752,82.75,17.266331659452476,0.125
0.34375,0.65625,82.73546766667357,82.75,17.26453233332643,0.125
0.34406249999999994,0.6559375000000001,82.73730739591723,82.75,17.262692604082773,0.125
0.344375,0.655625,82.73918894815273,82.75,17.26081105184727,0.125
0.34468750000000004,0.6553125,82.74111381613919,82.75,17.25888618386081,0.125
0.345,0.655,82.74308357172188,82.75,17.256916428278117,0.125
0.3453125,0.6546875,82.74509987089452,82.75,17.25490012910548,0.125
0.34562499999999996,0.654375,82.74716446219023,82.75,17.252835537809773,0.125
0.3459375,0.6540625,82.74927919196345,82.75,17.250720808036547,0.125
0.34624999999999995,0.65375,82.75144601644091,82.75,17.24855398355909,0.125
0.3465625,0.6534375,82.7536670061394,82.75,17.246332993860605,0.125
0.34687499999999993,0.6531250000000001,82.755944364742,82.75,17.244055635257993,0.125
0.3471875,0.6528125,82.75828042968577,82.75,17.24171957031423,0.125
0.34750000000000003,0.6525,82.76067770452083,82.75,17.23932229547917,0.125
0.34781249999999997,0.6521875,82.76313884827323,82.75,17.23686115172677,0.125
0.348125,0.651875,82.7656667359296,82.75,17.2343332640704,0.125
0.34843749999999996,0.6515625,82.76826441855643,82.75,17.231735581443573,0.125
0.34875,0.65125,82.7709352448158,82.75,17.229064755184197,0.125
0.34906249999999994,0.6509375000000001,82.77368274843697,82.75,17.22631725156303,0.125
0.349375,0.650625,82.77651090625737,82.75,17.22348909374263,0.125
0.34968750000000004,0.6503125,82.77942384876262,82.75,17.22057615123738,0.125
0.35,0.65,82.78242643089531,82.75,17.217573569104687,0.125
0.3503125,0.6496875,82.78552351399713,82.75,17.214476486002866,0.125
0.35062499999999996,0.649375,82.78872126817254,82.75,17.211278731827463,0.125
0.3509375,0.6490625,82.79202541243333,82.75,17.207974587566667,0.125
0.35124999999999995,0.64875,82.79544426297339,82.75,17.20455573702661,0.125
0.3515625,0.6484375,82.79898441528383,82.75,17.201015584716174,0.125
0.35187499999999994,0.6481250000000001,82.80265805151083,82.75,17.197341948489168,0.125
0.3521875,0.6478125,82.80647223598952,82.75,17.193527764010483,0.125
0.35250000000000004,0.6475,82.81044689158149,82.75,17.189553108418508,0.125
0.3528125,0.6471875,82.81458775053208,82.75,17.185412249467916,0.125
0.353125,0.646875,82.81893200891608,82.75,17.18106799108392,0.125
0.35343749999999996,0.6465625,82.82347790423155,82.75,17.176522095768448,0.125
0.35375,0.64625,82.82830588635976,82.75,17.171694113640243,0.125
0.35406249999999995,0.6459375,82.83338660674247,82.75,17.166613393257535,0.125
0.354375,0.645625,82.83892552014782,82.75,17.161074479852175,0.125
0.35468749999999993,0.6453125000000001,82.84479857907921,82.75,17.15520142092079,0.125
0.355,0.645,82.8516721013987,82.75,17.148327898601295,0.125
0.35531250000000003,0.6446875,82.85912820880367,82.75,17.140871791196332,0.125
0.35562499999999997,0.644375,82.82884073891938,82.875,17.171159261080618,0.125
0.3559375,0.6440625,82.8300730605389,82.875,17.169926939461106,0.125
0.35624999999999996,0.64375,82.83132836395981,82.875,17.168671636040187,0.125
0.3565625,0.6434375,82.8326072978629,82.875,17.167392702137093,0.125
0.35687499999999994,0.6431250000000001,82.83391053603638,82.875,17.166089463963615,0.125
0.3571875,0.6428125,82.83523877867479,82.875,17.164761221325207,0.125
0.35750000000000004,0.6425,82.83659275370353,82.875,17.163407246296472,0.125
0.3578125,0.6421875,82.83797321828699,82.875,17.16202678171301,0.125
0.358125,0.641875,82.83938096033681,82.875,17.16061903966319,0.125
0.35843749999999996,0.6415625,82.84081680020677,82.875,17.159183199793233,0.125
0.35875,0.64125,82.84228159246915,82.875,17.15771840753085,0.125
0.35906249999999995,0.6409375,82.84377622782566,82.875,17.156223772174343,0.125
0.359375,0.640625,82.84530163516722,82.875,17.154698364832782,0.125
0.35968749999999994,0.6403125000000001,82.84685878379301,82.875,17.15314121620699,0.125
0.36,0.64,82.84844868580016,82.875,17.151551314199835,0.125
0.36031250000000004,0.6396875,82.85007239864436,82.875,17.149927601355643,0.125
0.360625,0.639375,82.85173102796736,82.875,17.14826897203264,0.125
0.3609375,0.6390625,82.85342573058382,82.875,17.146574269416178,0.125
0.36124999999999996,0.63875,82.85515771781809,82.875,17.144842282181912,0.125
0.3615625,0.6384375,82.85692825903085,82.875,17.143071740969148,0.125
0.36187499999999995,0.638125,82.85873868562142,82.875,17.141261314378582,0.125
0.3621875,0.6378125,82.86059039518223,82.875,17.13940960481777,0.125
0.36249999999999993,0.6375000000000001,82.8624848564157,82.875,17.137515143584295,0.125
0.3628125,0.6371875,82.86442361400103,82.875,17.135576385998974,0.125
0.36312500000000003,0.636875,82.86640829480793,82.875,17.133591705192075,0.125
0.36343749999999997,0.6365625,82.86844061354009,82.875,17.131559386459912,0.125
0.36375,0.63625,82.87052238088238,82.875,17.129477619117623,0.125
0.36406249999999996,0.6359375,82.87265550980298,82.875,17.127344490197018,0.125
0.364375,0.635625,82.8748420268732,82.875,17.125157973126804,0.125
0.36468749999999994,0.6353125000000001,82.8770840786093,82.875,17.1229159213907,0.125
0.365,0.635,82.87938394839733,82.875,17.120616051602667,0.125
0.36531250000000004,0.6346875,82.88174406104243,82.875,17.118255938957574,0.125
0.365625,0.634375,82.88416701033283,82.875,17.11583298966717,0.125
0.3659375,0.6340625,82.88665555698498,82.875,17.113344443015023,0.125
0.36624999999999996,0.63375,82.88921267759018,82.875,17.11078732240982,0.125
0.3665625,0.6334375,82.89184154403611,82.875,17.10815845596389,0.125
0.36687499999999995,0.633125,82.89454561755193,82.875,17.105454382448073,0.125
0.3671875,0.6328125,82.89732858051383,82.875,17.10267141948617,0.125
0.36749999999999994,0.6325000000000001,82.9001945293275,82.875,17.099805470672493,0.125
0.3678125,0.6321875,82.90314778826611,82.875,17.09685221173389,0.125
0.36812500000000004,0.631875,82.9061933253189,82.875,17.093806674681105,0.125
0.3684375,0.6315625,82.90933627823182,82.875,17.09066372176818,0.125
0.36875,0.63125,82.91258288507076,82.875,17.087417114929238,0.125
0.36906249999999996,0.6309375,82.91593931006666,82.875,17.084060689933338,0.125
0.369375,0.630625,82.91941378850848,82.875,17.08058621149152,0.125
0.36968749999999995,0.6303125,82.92301373835707,82.875,17.07698626164293,0.125
0.37,0.63,82.9267508351815,82.875,17.073249164818506,0.125
0.37031249999999993,0.6296875000000001,82.93063387153947,82.875,17.06936612846053,0.125
0.370625,0.629375,82.93468108741178,82.875,17.065318912588225,0.125
0.37093750000000003,0.6290625,82.93890226076874,82.875,17.061097739231258,0.125
0.37124999999999997,0.62875,82.94332961262447,82.875,17.056670387375533,0.125
0.3715625,0.6284375,82.94797178059322,82.875,17.05202821940678,0.125
0.37187499999999996,0.628125,82.9528945651209,82.875,17.0471054348791,0.125
0.3721875,0.6278125,82.95809817227375,82.875,17.04190182772625,0.125
0.37249999999999994,0.6275000000000001,82.96374206386642,82.875,17.03625793613358,0.125
0.3728125,0.6271875,82.9697997886246,82.875,17.0302002113754,0.125
0.37312500000000004,0.626875,82.97676699869945,82.875,17.023233001300554,0.125
0.3734375,0.6265625,82.9846931175035,82.875,17.015306882496503,0.125
0.37375,0.62625,82.95393468817952,83.0,17.046065311820485,0.125
0.37406249999999996,0.6259375,82.95520380997513,83.0,17.04479619002487,0.125
0.374375,0.625625,82.95649727769803,83.0,17.043502722301966,0.125
0.37468749999999995,0.6253125,82.95781579821818,83.0,17.042184201781822,0.125
0.375,0.625,82.95916010657406,83.0,17.04083989342594,0.125
0.37531249999999994,0.6246875000000001,82.96053096741642,83.0,17.039469032583582,0.125
0.375625,0.624375,82.9619291766193,83.0,17.038070823380707,0.125
0.37593750000000004,0.6240625,82.96335556294436,83.0,17.036644437055642,0.125
0.37625,0.62375,82.96481098985856,83.0,17.035189010141437,0.125
0.3765625,0.6234375,82.96629635746741,83.0,17.033703642532586,0.125
0.37687499999999996,0.623125,82.9678126046014,83.0,17.032187395398594,0.125
0.3771875,0.6228125,82.96936071103435,83.0,17.030639288965645,0.125
0.37749999999999995,0.6225,82.97094169992707,83.0,17.029058300072933,0.125
0.3778125,0.6221875,82.97255664038813,83.0,17.027443359611866,0.125
0.37812499999999993,0.6218750000000001,82.97420665033775,83.0,17.02579334966225,0.125
0.3784375,0.6215625,82.97589289948529,83.0,17.024107100514712,0.125
0.37875000000000003,0.62125,82.97761661274014,83.0,17.022383387259865,0.125
0.37906249999999997,0.6209375,82.97937907364245,83.0,17.02062092635755,0.125
0.379375,0.620625,82.9811816285505,83.0,17.0188183714495,0.125
0.37968749999999996,0.6203125,82.98302569054536,83.0,17.01697430945464,0.125
0.38,0.62,82.98491274468401,83.0,17.01508725531599,0.125
0.38031249999999994,0.6196875000000001,82.98684435238175,83.0,17.013155647618248,0.125
0.380625,0.619375,82.98882215826623,83.0,17.01117784173377,0.125
0.38093750000000004,0.6190625,82.9908478947923,83.0,17.009152105207704,0.125
0.38125,0.61875,82.99292339178746,83.0,17.007076608212543,0.125
0.3815625,0.6184375,82.99505058048098,83.0,17.004949419519022,0.125
0.38187499999999996,0.618125,82.9972315079365,83.0,17.002768492063495,0.125
0.3821875,0.6178125,82.99946833838322,83.0,17.000531661616776,0.125
0.38249999999999995,0.6175,83.00176337716752,83.0,16.99823662283248,0.125
0.3828125,0.6171875,83.0041190641058,83.0,16.995880935894206,0.125
0.38312499999999994,0.6168750000000001,83.00653801704817,83.0,16.99346198295183,0.125
0.3834375,0.6165625,83.00902300458,83.0,16.99097699542,0.125
0.38375000000000004,0.61625,83.01157703170773,83.0,16.98842296829227,0.125
0.3840625,0.6159375,83.01420326170869,83.0,16.985796738291313,0.125
0.384375,0.615625,83.0169051951258,83.0,16.9830948048742,0.125
0.38468749999999996,0.6153125,83.01968646910659,83.0,16.98031353089341,0.125
0.385,0.615,83.022551247969,83.0,16.977448752030995,0.125
0.38531249999999995,0.6146875,83.02550372944039,83.0,16.974496270559612,0.125
0.385625,0.614375,83.02854902401435,83.0,16.971450975985647,0.125
0.38593749999999993,0.6140625000000001,83.0316919592069,83.0,16.968308040793104,0.125
0.38625,0.61375,83.03493910821233,83.0,16.965060891787672,0.125
0.38656250000000003,0.6134375,83.0382958998045,83.0,16.961704100195504,0.125
0.38687499999999997,0.613125,83.04177139927845,83.0,16.958228600721554,0.125
0.3871875,0.6128125,83.04537127555025,83.0,16.954628724449748,0.125
0.38749999999999996,0.6125,83.04910931272754,83.0,16.950890687272462,0.125
0.3878125,0.6121875,83.05299005289682,83.0,16.947009947103183,0.125
0.38812499999999994,0.6118750000000001,83.05703720627935,83.0,16.942962793720653,0.125
0.3884375,0.6115625,83.06124985545304,83.0,16.938750144546958,0.125
0.38875000000000004,0.61125,83.06567482467612,83.0,16.934325175323877,0.125
0.3890625,0.6109375,83.07029245023638,83.0,16.92970754976362,0.125
0.389375,0.610625,83.0752093622901,83.0,16.924790637709904,0.125
0.38968749999999996,0.6103125,83.08034487599902,83.0,16.919655124000982,0.125
0.39,0.61,83.08598217989746,83.0,16.914017820102544,0.125
0.39031249999999995,0.6096875,83.09182940350186,83.0,16.908170596498138,0.125
0.390625,0.609375,83.09882166255674,83.0,16.901178337443255,0.125
0.39093749999999994,0.6090625000000001,83.10576541257602,83.0,16.89423458742398,0.125
0.39125,0.60875,83.11904717505472,83.0,16.880952824945282,0.125
0.39156250000000004,0.6084375,83.07974895762742,83.125,16.920251042372584,0.125
0.391875,0.608125,83.08107006645577,83.125,16.918929933544234,0.125
0.3921875,0.6078125,83.08241738524158,83.125,16.917582614758416,0.125
0.39249999999999996,0.6075,83.08379170138703,83.125,16.916208298612972,0.125
0.3928125,0.6071875,83.08519383477883,83.125,16.914806165221165,0.125
0.39312499999999995,0.606875,83.08662463955558,83.125,16.91337536044442,0.125
0.3934375,0.6065625,83.08808500600604,83.125,16.91191499399396,0.125
0.39374999999999993,0.6062500000000001,83.08957586260568,83.125,16.910424137394315,0.125
0.3940625,0.6059375,83.09109817818903,83.125,16.90890182181097,0.125
0.39437500000000003,0.605625,83.09265296429136,83.125,16.90734703570864,0.125
0.39468749999999997,0.6053125,83.09424127770482,83.125,16.905758722295175,0.125
0.395,0.605,83.09586422317166,83.125,16.90413577682834,0.125
0.39531249999999996,0.6046875,83.09752295636682,83.125,16.902477043633183,0.125
0.395625,0.604375,83.09921868704622,83.125,16.900781312953782,0.125
0.39593749999999994,0.6040625000000001,83.10095268260976,83.125,16.89904731739024,0.125
0.39625,0.60375,83.10272627170012,83.125,16.89727372829988,0.125
0.39656250000000004,0.6034375,83.10454084860656,83.125,16.89545915139344,0.125
0.396875,0.603125,83.1063978773127,83.125,16.893602122687298,0.125
0.3971875,0.6028125,83.10829889710446,83.125,16.89170110289554,0.125
0.39749999999999996,0.6025,83.11024552696892,83.125,16.889754473031076,0.125
0.3978125,0.6021875,83.11223947309404,83.125,16.887760526905964,0.125
0.39812499999999995,0.601875,83.11428253320933,83.125,16.885717466790666,0.125
0.3984375,0.6015625,83.11637660731128,83.125,16.88362339268872,0.125
0.39874999999999994,0.6012500000000001,83.11852370078788,83.125,16.881476299212125,0.125
0.3990625,0.6009375,83.12072594114856,83.125,16.879274058851436,0.125
0.39937500000000004,0.600625,83.12298557697271,83.125,16.87701442302729,0.125
0.3996875,0.6003125,83.12530500660971,83.125,16.874694993390293,0.125
0.4,0.6,83.12768676572982,83.125,16.87231323427018,0.125
0.40031249999999996,0.5996875,83.13013358110953,83.125,16.869866418890467,0.125
0.400625,0.599375,83.13264832966044,83.125,16.86735167033956,0.125
0.40093749999999995,0.5990625,83.13523414665038,83.125,16.864765853349624,0.125
0.40125,0.59875,83.1378943158416,83.125,16.862105684158394,0.125
0.40156249999999993,0.5984375000000001,83.14063249899975,83.125,16.85936750100025,0.125
0.401875,0.598125,83.14345246195785,83.125,16.85654753804215,0.125
0.40218750000000003,0.5978125,83.14635857987166,83.125,16.85364142012834,0.125
0.40249999999999997,0.5975,83.14935517384113,83.125,16.85064482615887,0.125
0.4028125,0.5971875,83.15244765378614,83.125,16.84755234621386,0.125
0.40312499999999996,0.596875,83.15564092772514,83.125,16.844359072274855,0.125
0.4034375,0.5965625,83.15894204287771,83.125,16.84105795712229,0.125
0.40374999999999994,0.5962500000000001,83.16235636769655,83.125,16.837643632303454,0.125
0.4040625,0.5959375,83.16589381506878,83.125,16.834106184931215,0.125
0.40437500000000004,0.595625,83.16955960193538,83.125,16.830440398064624,0.125
0.4046875,0.5953125,83.17336921245985,83.125,16.826630787540154,0.125
0.405,0.595,83.17732569965216,83.125,16.822674300347842,0.125
0.40531249999999996,0.5946875,83.18145652806442,83.125,16.818543471935584,0.125
0.405625,0.594375,83.1857565531312,83.125,16.8142434468688,0.125
0.40593749999999995,0.5940625,83.19028158370593,83.125,16.809718416294075,0.125
0.40625,0.59375,83.19500030604432,83.125,16.80499969395568,0.125
0.40656249999999994,0.5934375000000001,83.20004260301582,83.125,16.799957396984183,0.125
0.406875,0.593125,83.205294806869,83.125,16.794705193130994,0.125
0.40718750000000004,0.5928125,83.21110675054257,83.125,16.78889324945743,0.125
0.4075,0.5925,83.2170849478378,83.125,16.782915052162195,0.125
0.4078125,0.5921875,83.22439709915503,83.125,16.775602900844973,0.125
0.40812499999999996,0.591875,83.23146403486739,83.125,16.768535965132614,0.125
0.4084375,0.5915625,83.20361131726166,83.25,16.79638868273834,0.125
0.40874999999999995,0.59125,83.20494678001073,83.25,16.79505321998927,0.125
0.4090625,0.5909375,83.20630923920467,83.25,16.79369076079533,0.125
0.40937499999999993,0.5906250000000001,83.20769952058649,83.25,16.792300479413512,0.125
0.4096875,0.5903125,83.2091184845518,83.25,16.790881515448206,0.125
0.41000000000000003,0.59,83.21056702802754,83.25,16.78943297197246,0.125
0.41031249999999997,0.5896875,83.21204608656362,83.25,16.787953913436382,0.125
0.410625,0.589375,83.21355663651006,83.25,16.786443363489937,0.125
0.41093749999999996,0.5890625,83.21509969737238,83.25,16.78490030262762,0.125
0.41125,0.58875,83.21667633439398,83.25,16.78332366560602,0.125
0.41156249999999994,0.5884375000000001,83.21828766126227,83.25,16.781712338737734,0.125
0.411875,0.588125,83.21993484310246,83.25,16.780065156897535,0.125
0.41218750000000004,0.5878125,83.22161909966793,83.25,16.778380900332067,0.125
0.4125,0.5875,83.22334170884221,83.25,16.776658291157787,0.125
0.4128125,0.5871875,83.22510401037134,83.25,16.77489598962866,0.125
0.41312499999999996,0.586875,83.226907410071,83.25,16.773092589929007,0.125
0.4134375,0.5865625,83.22875338416756,83.25,16.77124661583244,0.125
0.41374999999999995,0.58625,83.23064348443316,83.25,16.76935651556684,0.125
0.4140625,0.5859375,83.23257934326364,83.25,16.767420656736363,0.125
0.41437499999999994,0.5856250000000001,83.23456268009026,83.25,16.765437319909736,0.125
0.4146875,0.5853125,83.2365953071873,83.25,16.7634046928127,0.125
0.41500000000000004,0.585,83.23867913807598,83.25,16.76132086192402,0.125
0.4153125,0.5846875,83.24081619387952,83.25,16.759183806120475,0.125
0.415625,0.584375,83.24300861489773,83.25,16.756991385102268,0.125
0.41593749999999996,0.5840625,83.24525866685626,83.25,16.75474133314374,0.125
0.41625,0.58375,83.24756875809003,83.25,16.752431241909974,0.125
0.41656249999999995,0.5834375,83.24994144370507,83.25,16.75005855629493,0.125
0.416875,0.583125,83.2523794533792,83.25,16.747620546620794,0.125
0.41718749999999993,0.5828125000000001,83.25488568835205,83.25,16.745114311647953,0.125
0.4175,0.5825,83.2574632707192,83.25,16.7425367292808,0.125
0.41781250000000003,0.5821875,83.26011552063015,83.25,16.73988447936985,0.125
0.41812499999999997,0.581875,83.26284605117618,83.25,16.737153948823817,0.125
0.4184375,0.5815625,83.26565869521875,83.25,16.734341304781253,0.125
0.41874999999999996,0.58125,83.26855770073995,83.25,16.731442299260053,0.125
0.4190625,0.5809375,83.27154753350341,83.25,16.72845246649659,0.125
0.41937499999999994,0.5806250000000001,83.2746333001294,83.25,16.725366699870605,0.125
0.4196875,0.5803125,83.2778202481598,83.25,16.7221797518402,0.125
0.42000000000000004,0.58,83.28111471816301,83.25,16.71888528183699,0.125
0.4203125,0.5796875,83.28452290557934,83.25,16.715477094420663,0.125
0.420625,0.579375,83.28805307013147,83.25,16.71194692986853,0.125
0.42093749999999996,0.5790625,83.29171248015719,83.25,16.708287519842813,0.125
0.42125,0.57875,83.2955126833884,83.25,16.704487316611605,0.125
0.42156249999999995,0.5784375,83.299461899286,83.25,16.700538100714,0.125
0.421875,0.578125,83.30357796249741,83.25,16.696422037502586,0.125
0.42218749999999994,0.5778125000000001,83.30786901037139,83.25,16.69213098962861,0.125
0.4225,0.5775,83.31236639911978,83.25,16.68763360088022,0.125
0.42281250000000004,0.5771875,83.31707408276971,83.25,16.682925917230293,0.125
0.423125,0.576875,83.32205642433493,83.25,16.67794357566507,0.125
0.4234375,0.5765625,83.32729855488158,83.25,16.67270144511842,0.125
0.42374999999999996,0.57625,83.33295871362847,83.25,16.66704128637153,0.125
0.4240625,0.5759375,83.33894815931043,83.25,16.661051840689566,0.125
0.42437499999999995,0.575625,83.34576391294453,83.25,16.654236087055466,0.125
0.4246875,0.5753125,83.35298721740965,83.25,16.64701278259035,0.125
0.42499999999999993,0.5750000000000001,83.36344635062127,83.25,16.636553649378726,0.125
0.4253125,0.5746875,83.32940839594706,83.375,16.670591604052944,0.125
0.42562500000000003,0.574375,83.33079805657707,83.375,16.669201943422934,0.125
0.42593749999999997,0.5740625,83.33221676281096,83.375,16.66778323718904,0.125
0.42625,0.57375,83.33366543365567,83.375,16.666334566344332,0.125
0.42656249999999996,0.5734375,83.33514502804121,83.375,16.66485497195879,0.125
0.426875,0.573125,83.33665654711038,83.375,16.66334345288962,0.125
0.42718749999999994,0.5728125000000001,83.33820103666987,83.375,16.661798963330128,0.125
0.4275,0.5725,83.33977958985119,83.375,16.66022041014881,0.125
0.42781250000000004,0.5721875,83.34139334995406,83.375,16.65860665004594,0.125
0.428125,0.571875,83.34304351352843,83.375,16.65695648647157,0.125
0.4284375,0.5715625,83.34473133370581,83.375,16.65526866629419,0.125
0.42874999999999996,0.57125,83.34645812383759,83.375,16.653541876162407,0.125
0.4290625,0.5709375,83.3482252613665,83.375,16.651774738633506,0.125
0.42937499999999995,0.570625,83.35003419218975,83.375,16.649965807810247,0.125
0.4296875,0.5703125,83.35188643516722,83.375,16.648113564832784,0.125
0.42999999999999994,0.5700000000000001,83.35378358746703,83.375,16.646216412532965,0.125
0.4303125,0.5696875,83.35572732978146,83.375,16.64427267021854,0.125
0.43062500000000004,0.569375,83.35771943303013,83.375,16.642280566969873,0.125
0.4309375,0.5690625,83.3597617643281,83.375,16.6402382356719,0.125
0.43125,0.56875,83.36185629571271,83.375,16.638143704287288,0.125
0.43156249999999996,0.5684375,83.36400511065898,83.375,16.63599488934102,0.125
0.431875,0.568125,83.3662104161575,83.375,16.6337895838425,0.125
0.43218749999999995,0.5678125,83.36847454895806,83.375,16.631525451041938,0.125
0.4325,0.5675,83.37079999360914,83.375,16.62920000639086,0.125
0.43281249999999993,0.5671875000000001,83.37318938624568,83.375,16.626810613754316,0.125
0.433125,0.566875,83.37564554396143,83.375,16.624354456038574,0.125
0.43343750000000003,0.5665625,83.37817146055538,83.375,16.62182853944462,0.125
0.43374999999999997,0.56625,83.38077035888054,83.375,16.61922964111946,0.125
0.4340625,0.5659375,83.38344566482476,83.375,16.616554335175238,0.125
0.43437499999999996,0.565625,83.38620110849497,83.375,16.613798891505027,0.125
0.4346875,0.5653125,83.38904064326651,83.375,16.61095935673349,0.125
0.43499999999999994,0.5650000000000001,83.39196865464439,83.375,16.608031345355613,0.125
0.4353125,0.5646875,83.39498974472122,83.375,16.605010255278785,0.125
0.43562500000000004,0.564375,83.39810918505945,83.375,16.601890814940546,0.125
0.4359375,0.5640625,83.401332374502,83.375,16.598667625497995,0.125
0.43625,0.56375,83.40466585834582,83.375,16.595334141654178,0.125
0.43656249999999996,0.5634375,83.40811599234834,83.375,16.591884007651657,0.125
0.436875,0.563125,83.41169130533835,83.375,16.58830869466165,0.125
0.43718749999999995,0.5628125,83.41539921552148,83.375,16.584600784478525,0.125
0.4375,0.5625,83.41925165727233,83.375,16.580748342727674,0.125
0.43781249999999994,0.5621875000000001,83.42325693536117,83.375,16.576743064638833,0.125
0.438125,0.561875,83.42743351177377,83.375,16.57256648822623,0.125
0.43843750000000004,0.5615625,83.43178939973258,83.375,16.56821060026742,0.125
0.43875,0.56125,83.43635712819577,83.375,16.563642871804234,0.125
0.4390625,0.5609375,83.44113992561076,83.375,16.558860074389244,0.125
0.43937499999999996,0.560625,83.4462046864421,83.375,16.5537953135579,0.125
0.4396875,0.5603125,83.45153409770747,83.375,16.548465902292534,0.125
0.43999999999999995,0.56,83.45729271649294,83.375,16.542707283507056,0.125
0.4403125,0.5596875,83.46338408727254,83.375,16.536615912727456,0.125
0.44062499999999993,0.5593750000000001,83.4703243058271,83.375,16.529675694172894,0.125
0.4409375,0.5590625,83.47766723620572,83.375,16.52233276379428,0.125
0.44125000000000003,0.55875,83.48833991365032,83.375,16.51166008634968,0.125
0.44156249999999997,0.5584375,83.45443148326267,83.5,16.545568516737333,0.125
0.441875,0.558125,83.45586075188962,83.5,16.544139248110383,0.125
0.44218749999999996,0.5578125,83.45732072568181,83.5,16.54267927431819,0.125
0.4425,0.5575,83.45881240320534,83.5,16.541187596794657,0.125
0.44281249999999994,0.5571875000000001,83.46033682759536,83.5,16.539663172404644,0.125
0.443125,0.556875,83.46189508922457,83.5,16.53810491077543,0.125
0.44343750000000004,0.5565625,83.46348832851154,83.5,16.536511671488455,0.125
0.44375,0.55625,83.4651177389704,83.5,16.534882261029594,0.125
0.4440625,0.5559375,83.46678457054503,83.5,16.53321542945497,0.125
0.44437499999999996,0.555625,83.46849013310388,83.5,16.531509866896116,0.125
0.4446875,0.5553125,83.47023580044842,83.5,16.52976419955158,0.125
0.44499999999999995,0.555,83.47202301429658,83.5,16.527976985703418,0.125
0.4453125,0.5546875,83.4738532892257,83.5,16.5261467107743,0.125
0.44562499999999994,0.5543750000000001,83.47572821713547,83.5,16.52427178286453,0.125
0.4459375,0.5540625,83.47764947351497,83.5,16.522350526485027,0.125
0.44625000000000004,0.55375,83.47961882228937,83.5,16.520381177710632,0.125
0.4465625,0.5534375,83.48163812417609,83.5,16.518361875823913,0.125
0.446875,0.553125,83.48370934136129,83.5,16.51629065863871,0.125
0.44718749999999996,0.5528125,83.48583454952971,83.5,16.514165450470287,0.125
0.4475,0.5525,83.48801594095717,83.5,16.51198405904283,0.125
0.44781249999999995,0.5521875,83.49025584339718,83.5,16.50974415660282,0.125
0.448125,0.551875,83.49255671806975,83.5,16.50744328193025,0.125
0.44843749999999993,0.5515625000000001,83.49492119223785,83.5,16.505078807762146,0.125
0.44875,0.55125,83.49735204371402,83.5,16.502647956285983,0.125
0.44906250000000003,0.5509375,83.49985226203474,83.5,16.500147737965264,0.125
0.44937499999999997,0.550625,83.50242499975936,83.5,16.497575000240644,0.125
0.4496875,0.5503125,83.50507369559733,83.5,16.494926304402668,0.125
0.44999999999999996,0.55,83.50780194630147,83.5,16.49219805369853,0.125
0.4503125,0.5496875,83.51061376738315,83.5,16.48938623261685,0.125
0.45062499999999994,0.5493750000000001,83.51351327758972,83.5,16.486486722410277,0.125
0.4509375,0.5490625,83.51650527094576,83.5,16.483494729054243,0.125
0.45125000000000004,0.54875,83.51959445996707,83.5,16.480405540032933,0.125
0.4515625,0.5484375,83.52278676385512,83.5,16.477213236144877,0.125
0.451875,0.548125,83.52608750860651,83.5,16.47391249139349,0.125
0.45218749999999996,0.5478125,83.52950438841424,83.5,16.47049561158576,0.125
0.4525,0.5475,83.53304317879102,83.5,16.46695682120898,0.125
0.45281249999999995,0.5471875,83.53671467275247,83.5,16.463285327247533,0.125
0.453125,0.546875,83.5405243846137,83.5,16.459475615386296,0.125
0.45343749999999994,0.5465625000000001,83.54448911657309,83.5,16.45551088342691,0.125
0.45375,0.54625,83.54861186417476,83.5,16.45138813582524,0.125
0.45406250000000004,0.5459375,83.55292230755991,83.5,16.44707769244009,0.125
0.454375,0.545625,83.55741429071992,83.5,16.44258570928008,0.125
0.4546875,0.5453125,83.5621478110507,83.5,16.437852188949293,0.125
0.45499999999999996,0.545,83.56708811016652,83.5,16.432911889833477,0.125
0.4553125,0.5446875,83.57237386808983,83.5,16.427626131910174,0.125
0.45562499999999995,0.544375,83.5778817575464,83.5,16.422118242453607,0.125
0.4559375,0.5440625,83.58398191855213,83.5,16.416018081447874,0.125
0.45624999999999993,0.5437500000000001,83.59025456082499,83.5,16.409745439175012,0.125
0.4565625,0.5434375,83.59791919608341,83.5,16.40208080391659,0.125
0.45687500000000003,0.543125,83.60531897811676,83.5,16.394681021883244,0.125
0.45718749999999997,0.5428125,83.62231538556894,83.5,16.37768461443106,0.125
0.4575,0.5425,83.5800049976757,83.625,16.4199950023243,0.125
0.45781249999999996,0.5421875,83.58148703442455,83.625,16.418512965575445,0.125
0.458125,0.541875,83.58300193037137,83.625,16.416998069628633,0.125
0.45843749999999994,0.5415625000000001,83.58455078872068,83.625,16.415449211279324,0.125
0.45875,0.54125,83.58613476360509,83.625,16.413865236394912,0.125
0.45906250000000004,0.5409375,83.58775506314488,83.625,16.412244936855117,0.125
0.459375,0.540625,83.5894129528387,83.625,16.4105870471613,0.125
0.4596875,0.5403125,83.59110975915829,83.625,16.408890240841714,0.125
0.45999999999999996,0.54,83.59284687353106,83.625,16.40715312646894,0.125
0.4603125,0.5396875,83.59462575650252,83.625,16.405374243497477,0.125
0.46062499999999995,0.539375,83.59644794257169,83.625,16.403552057428314,0.125
0.4609375,0.5390625,83.59831504495553,83.625,16.401684955044473,0.125
0.46124999999999994,0.5387500000000001,83.60022876157751,83.625,16.39977123842249,0.125
0.4615625,0.5384375,83.6021908804672,83.625,16.397809119532795,0.125
0.46187500000000004,0.538125,83.60420328741917,83.625,16.395796712580832,0.125
0.4621875,0.5378125,83.60626797187851,83.625,16.39373202812149,0.125
0.4625,0.5375,83.60838703726114,83.625,16.39161296273886,0.125
0.46281249999999996,0.5371875,83.6105627067244,83.625,16.389437293275606,0.125
0.463125,0.536875,83.61279733805577,83.625,16.38720266194423,0.125
0.46343749999999995,0.5365625,83.6150934277138,83.625,16.384906572286198,0.125
0.46375,0.53625,83.61745363426576,83.625,16.382546365734242,0.125
0.46406249999999993,0.5359375000000001,83.61988077647312,83.625,16.380119223526876,0.125
0.464375,0.535625,83.62237787380207,83.625,16.377622126197934,0.125
0.46468750000000003,0.5353125,83.62494812840917,83.625,16.375051871590827,0.125
0.46499999999999997,0.535,83.62759500138625,83.625,16.372404998613746,0.125
0.4653125,0.5346875,83.63032215451616,83.625,16.369677845483835,0.125
0.46562499999999996,0.534375,83.63313360407086,83.625,16.366866395929137,0.125
0.4659375,0.5340625,83.63603356533343,83.625,16.363966434666565,0.125
0.46624999999999994,0.5337500000000001,83.63902677938816,83.625,16.36097322061184,0.125
0.4665625,0.5334375,83.64211812554063,83.625,16.357881874459366,0.125
0.46687500000000004,0.533125,83.64531334234763,83.625,16.354686657652366,0.125
0.4671875,0.5328125,83.64861808695287,83.625,16.351381913047135,0.125
0.4675,0.5325,83.65203957182256,83.625,16.347960428177444,0.125
0.46781249999999996,0.5321875,83.65558429865654,83.625,16.344415701343465,0.125
0.468125,0.531875,83.65926186282485,83.625,16.34073813717515,0.125
0.46843749999999995,0.5315625,83.66307947367035,83.625,16.33692052632965,0.125
0.46875,0.53125,83.66705100076415,83.625,16.332948999235853,0.125
0.46906249999999994,0.5309375000000001,83.67118356107213,83.625,16.328816438927873,0.125
0.469375,0.530625,83.67549957779995,83.625,16.324500422200046,0.125
0.46968750000000004,0.5303125,83.68000326420855,83.625,16.31999673579145,0.125
0.47,0.53,83.68473614112659,83.625,16.315263858873408,0.125
0.4703125,0.5296875,83.68969058155113,83.625,16.310309418448867,0.125
0.47062499999999996,0.529375,83.69495586542412,83.625,16.30504413457588,0.125
0.4709375,0.5290625,83.7004838112192,83.625,16.2995161887808,0.125
0.47124999999999995,0.52875,83.70650077958754,83.625,16.293499220412457,0.125
0.4715625,0.5284375,83.71281658346808,83.625,16.287183416531917,0.125
0.47187500000000004,0.528125,83.72014961369457,83.625,16.279850386305426,0.125
0.4721875,0.5278125,83.72771205799128,83.625,16.272287942008717,0.125
0.47250000000000003,0.5275,83.73967363507627,83.625,16.260326364923728,0.125
0.47281249999999997,0.5271875,83.70461490275115,83.75,16.295385097248854,0.125
0.473125,0.526875,83.70612966937819,83.75,16.293870330621814,0.125
0.47343749999999996,0.5265625,83.70767884536171,83.75,16.292321154638287,0.125
0.47375,0.52625,83.70926361401266,83.75,16.290736385987344,0.125
0.47406249999999994,0.5259375000000001,83.71088521450692,83.75,16.289114785493084,0.125
0.474375,0.525625,83.71254494544294,83.75,16.287455054557057,0.125
0.47468750000000004,0.5253125,83.7142441685501,83.75,16.285755831449904,0.125
0.475,0.525,83.71598431286782,83.75,16.284015687132182,0.125
0.4753125,0.5246875,83.7177668790375,83.75,16.282233120962502,0.125
0.47562499999999996,0.524375,83.71959344437954,83.75,16.28040655562046,0.125
0.4759375,0.5240625,83.72146566778669,83.75,16.27853433221331,0.125
0.47624999999999995,0.52375,83.72338529601964,83.75,16.276614703980357,0.125
0.4765625,0.5234375,83.72535416924669,83.75,16.274645830753315,0.125
0.47687499999999994,0.5231250000000001,83.72737422909235,83.75,16.272625770907652,0.125
0.4771875,0.5228125,83.7294475246141,83.75,16.270552475385898,0.125
0.47750000000000004,0.5225,83.73157622320977,83.75,16.26842377679023,0.125
0.4778125,0.5221875,83.7337626163214,83.75,16.2662373836786,0.125
0.478125,0.521875,83.73600913528973,83.75,16.263990864710266,0.125
0.47843749999999996,0.5215625,83.73831835490476,83.75,16.261681645095237,0.125
0.47875,0.52125,83.74069301861738,83.75,16.259306981382622,0.125
0.47906249999999995,0.5209375,83.7431360351269,83.75,16.256863964873105,0.125
0.479375,0.520625,83.74565052238198,83.75,16.25434947761802,0.125
0.47968750000000004,0.5203125,83.7482397857557,83.75,16.2517602142443,0.125
0.48,0.52,83.75090740152643,83.75,16.249092598473567,0.125
0.48031250000000003,0.5196875,83.75365714950777,83.75,16.246342850492226,0.125
0.48062499999999997,0.519375,83.75649318244855,83.75,16.24350681755145,0.125
0.4809375,0.5190625,83.75941984927164,83.75,16.240580150728363,0.125
0.48124999999999996,0.51875,83.76244205628639,83.75,16.23755794371361,0.125
0.4815625,0.5184375,83.76556483054387,83.75,16.234435169456134,0.125
0.48187499999999994,0.5181250000000001,83.76879411797891,83.75,16.231205882021086,0.125
0.4821875,0.5178125,83.77213572995504,83.75,16.22786427004496,0.125
0.48250000000000004,0.5175,83.77559715499658,83.75,16.224402845003425,0.125
0.4828125,0.5171875,83.77918503230781,83.75,16.220814967692192,0.125
0.483125,0.516875,83.78290935864128,83.75,16.217090641358723,0.125
0.48343749999999996,0.5165625,83.78677740196,83.75,16.213222598040005,0.125
0.48375,0.51625,83.79080368719698,83.75,16.209196312803016,0.125
0.48406249999999995,0.5159375,83.7949951503676,83.75,16.205004849632402,0.125
0.484375,0.515625,83.79937543195902,83.75,16.20062456804098,0.125
0.48468749999999994,0.5153125000000001,83.80394790816807,83.75,16.19605209183193,0.125
0.485,0.515,83.80875665757524,83.75,16.191243342424755,0.125
0.48531250000000004,0.5146875,83.81379144644488,83.75,16.18620855355512,0.125
0.485625,0.514375,83.81914756411577,83.75,16.180852435884233,0.125
0.4859375,0.5140625,83.82476928089908,83.75,16.175230719100924,0.125
0.48624999999999996,0.51375,83.83089881300357,83.75,16.16910118699643,0.125
0.4865625,0.5134375,83.83732329152551,83.75,16.162676708474493,0.125
0.48687499999999995,0.513125,83.84481098497263,83.75,16.155189015027375,0.125
0.4871875,0.5128125,83.85249366031567,83.75,16.147506339684327,0.125
0.48750000000000004,0.5125,83.86484383043793,83.75,16.135156169562066,0.125
0.4878125,0.5121875,83.82966391661193,83.875,16.170336083388065,0.125
0.48812500000000003,0.511875,83.83122223311392,83.875,16.16877776688608,0.125
0.48843749999999997,0.5115625,83.83281693605996,83.875,16.167183063940044,0.125
0.48875,0.51125,83.83444931164804,83.875,16.165550688351956,0.125
0.48906249999999996,0.5109375,83.83612070860045,83.875,16.163879291399553,0.125
0.489375,0.510625,83.8378325420539,83.875,16.162167457946097,0.125
0.48968749999999994,0.5103125000000001,83.83958629808645,83.875,16.160413701913555,0.125
0.49,0.51,83.84138353816351,83.875,16.158616461836488,0.125
0.49031250000000004,0.5096875,83.84322590471217,83.875,16.15677409528783,0.125
0.490625,0.509375,83.84511512607398,83.875,16.154884873926022,0.125
0.4909375,0.5090625,83.84705302361985,83.875,16.15294697638015,0.125
0.49124999999999996,0.50875,83.84904151700039,83.875,16.150958482999613,0.125
0.4915625,0.5084375,83.85108263373218,83.875,16.148917366267824,0.125
0.49187499999999995,0.508125,83.8531785140515,83.875,16.146821485948493,0.125
0.4921875,0.5078125,83.855331424842,83.875,16.144668575157993,0.125
0.49249999999999994,0.5075000000000001,83.85754376227061,83.875,16.14245623772939,0.125
0.4928125,0.5071875,83.85981807390522,83.875,16.140181926094783,0.125
0.49312500000000004,0.506875,83.86215705474908,83.875,16.137842945250924,0.125
0.4934375,0.5065625,83.8645635857632,83.875,16.135436414236807,0.125
0.49375,0.50625,83.86704071293615,83.875,16.132959287063855,0.125
0.49406249999999996,0.5059375,83.8695917201997,83.875,16.130408279800307,0.125
0.494375,0.505625,83.87222006739105,83.875,16.127779932608945,0.125
0.49468749999999995,0.5053125,83.87492953762032,83.875,16.125070462379682,0.125
0.495,0.505,83.87772407817835,83.875,16.122275921821654,0.125
0.49531250000000004,0.5046875,83.88060811277383,83.875,16.119391887226172,0.125
0.495625,0.504375,83.88358615548005,83.875,16.116413844519954,0.125
0.49593750000000003,0.5040625,83.88666349477977,83.875,16.113336505220232,0.125
0.49624999999999997,0.50375,83.8898452773849,83.875,16.110154722615107,0.125
0.4965625,0.5034375,83.89313804352719,83.875,16.106861956472812,0.125
0.49687499999999996,0.503125,83.89654756717144,83.875,16.10345243282856,0.125
0.4971875,0.5028125,83.90008236924292,83.875,16.099917630757076,0.125
0.49749999999999994,0.5025000000000001,83.90374861466633,83.875,16.096251385333673,0.125
0.4978125,0.5021875,83.9075582956315,83.875,16.092441704368497,0.125
0.49812500000000004,0.501875,83.91151707021318,83.875,16.08848292978682,0.125
0.4984375,0.5015625,83.91564368365842,83.875,16.084356316341584,0.125
0.49875,0.50125,83.91994056097006,83.875,16.080059439029938,0.125
0.49906249999999996,0.5009375,83.92444093698477,83.875,16.075559063015234,0.125
0.499375,0.500625,83.92913619554491,83.875,16.070863804455087,0.125
0.49968749999999995,0.5003125,83.9340936289617,83.875,16.065906371038295,0.125
0.5,0.5,83.93927110298122,83.875,16.060728897018777,0.125
0.5003124999999999,0.49968750000000006,83.94482389608228,83.875,16.055176103917717,0.125
0.500625,0.499375,83.9506081429532,83.875,16.0493918570468,0.125
0.5009375,0.49906249999999996,83.95703601806409,83.875,16.042963981935912,0.125
0.50125,0.49875,83.9636288779269,83.875,16.036371122073106,0.125
0.5015624999999999,0.4984375000000001,83.97173217202455,83.875,16.028267827975455,0.125
0.5018750000000001,0.49812499999999993,83.97949241387086,83.875,16.020507586129142,0.125
0.5021875,0.4978125,83.99841848218068,83.875,16.001581517819318,0.125
0.5025,0.49750000000000005,83.95513189271011,84.0,16.044868107289886,0.125
0.5028125,0.4971875,83.95674495189685,84.0,16.04325504810315,0.125
0.503125,0.49687499999999996,83.95839684658131,84.0,16.04160315341869,0.125
0.5034375,0.4965625,83.96008899259634,84.0,16.03991100740366,0.125
0.5037499999999999,0.4962500000000001,83.96182287678101,84.0,16.038177123218986,0.125
0.5040625,0.49593750000000003,83.96360006163025,84.0,16.036399938369755,0.125
0.504375,0.495625,83.96542219048781,84.0,16.034577809512186,0.125
0.5046875,0.49531250000000004,83.96729099302254,84.0,16.032709006977456,0.125
0.505,0.495,83.9692082914877,84.0,16.030791708512297,0.125
0.5053125,0.49468749999999995,83.97117600712124,84.0,16.028823992878756,0.125
0.505625,0.494375,83.97319616785693,84.0,16.026803832143074,0.125
0.5059374999999999,0.49406250000000007,83.9752709157936,84.0,16.0247290842064,0.125
0.50625,0.49375,83.97740251693388,84.0,16.02259748306612,0.125
0.5065625,0.4934375,83.97959336973004,84.0,16.02040663026996,0.125
0.506875,0.49312500000000004,83.98184601793007,84.0,16.018153982069933,0.125
0.5071875,0.4928125,83.98416315989209,84.0,16.01583684010791,0.125
0.5075000000000001,0.49249999999999994,83.98654766651357,84.0,16.013452333486427,0.125
0.5078125,0.4921875,83.98900259016172,84.0,16.010997409838282,0.125
0.5081249999999999,0.49187500000000006,83.99153119165135,84.0,16.008468808348653,0.125
0.5084375,0.4915625,83.99413694552491,84.0,16.005863054475086,0.125
0.50875,0.49124999999999996,83.99682358435196,84.0,16.003176415648042,0.125
0.5090625,0.4909375,83.99959509194807,84.0,16.000404908051934,0.125
0.5093749999999999,0.4906250000000001,84.0024557829578,84.0,15.997544217042204,0.125
0.5096875000000001,0.49031249999999993,84.00541026323634,84.0,15.994589736763658,0.125
0.51,0.49,84.00846358477963,84.0,15.991536415220367,0.125
0.5103125,0.48968750000000005,84.0116211228123,84.0,15.9883788771877,0.125
0.510625,0.489375,84.01488889767143,84.0,15.985111102328574,0.125
0.5109375,0.48906249999999996,84.01827324636375,84.0,15.981726753636252,0.125
0.51125,0.48875,84.02178152562058,84.0,15.978218474379418,0.125
0.5115624999999999,0.4884375000000001,84.0254212798828,84.0,15.974578720117194,0.125
0.511875,0.48812500000000003,84.02920183850203,84.0,15.970798161497967,0.125
0.5121875,0.4878125,84.03313224323003,84.0,15.966867756769972,0.125
0.5125,0.48750000000000004,84.03722500097102,84.0,15.96277499902898,0.125
0.5128125,0.4871875,84.0414909090226,84.0,15.958509090977401,0.125
0.513125,0.48687499999999995,84.04594816996783,84.0,15.95405183003217,0.125
0.5134375,0.4865625,84.05060925760777,84.0,15.949390742392225,0.125
0.5137499999999999,0.48625000000000007,84.05550392039073,84.0,15.944496079609266,0.125
0.5140625,0.4859375,84.0606448007844,84.0,15.939355199215598,0.125
0.514375,0.485625,84.0660885400023,84.0,15.933911459997702,0.125
0.5146875,0.48531250000000004,84.07184104137791,84.0,15.928158958622092,0.125
0.515,0.485,84.0780331262853,84.0,15.921966873714695,0.125
0.5153125000000001,0.48468749999999994,84.08463540475525,84.0,15.915364595244753,0.125
0.515625,0.484375,84.09204316631698,84.0,15.907956833683016,0.125
0.5159374999999999,0.48406250000000006,84.10005512930796,84.0,15.899944870692039,0.125
0.51625,0.48375,84.11086165485277,84.0,15.88913834514723,0.125
0.5165625,0.48343749999999996,84.07936493940369,84.125,15.920635060596311,0.125
0.516875,0.483125,84.08100422962717,84.125,15.918995770372831,0.125
0.5171874999999999,0.4828125000000001,84.08268383795577,84.125,15.91731616204423,0.125
0.5175000000000001,0.48249999999999993,84.08440526518751,84.125,15.915594734812487,0.125
0.5178125,0.4821875,84.08617008896047,84.125,15.913829911039528,0.125
0.518125,0.48187500000000005,84.08797996873959,84.125,15.912020031260411,0.125
0.5184375,0.4815625,84.08983665174908,84.125,15.910163348250919,0.125
0.51875,0.48124999999999996,84.09174197872329,84.125,15.908258021276708,0.125
0.5190625,0.4809375,84.09369789125493,84.125,15.906302108745066,0.125
0.5193749999999999,0.4806250000000001,84.09570643828488,84.125,15.904293561715122,0.125
0.5196875,0.48031250000000003,84.0977697855412,84.125,15.902230214458797,0.125
0.52,0.48,84.09989022252738,84.125,15.900109777472622,0.125
0.5203125,0.47968750000000004,84.10207017531685,84.125,15.897929824683146,0.125
0.520625,0.479375,84.10431221321635,84.125,15.895687786783654,0.125
0.5209375,0.47906249999999995,84.10661906737614,84.125,15.893380932623856,0.125
0.52125,0.47875,84.10899363491798,84.125,15.89100636508202,0.125
0.5215624999999999,0.47843750000000007,84.11143900845069,84.125,15.888560991549312,0.125
0.521875,0.478125,84.11395847217945,84.125,15.886041527820552,0.125
0.5221875,0.4778125,84.11655555312362,84.125,15.883444446876382,0.125
0.5225,0.47750000000000004,84.11923399618368,84.125,15.88076600381632,0.125
0.5228125,0.4771875,84.12199786057116,84.125,15.878002139428844,0.125
0.5231250000000001,0.47687499999999994,84.12485144331012,84.125,15.87514855668988,0.125
0.5234375,0.4765625,84.12779947310935,84.125,15.872200526890651,0.125
0.5237499999999999,0.47625000000000006,84.13084691117997,84.125,15.869153088820028,0.125
0.5240625,0.4759375,84.13399936040678,84.125,15.866000639593224,0.125
0.524375,0.47562499999999996,84.13726257763774,84.125,15.862737422362258,0.125
0.5246875,0.4753125,84.14064336807292,84.125,15.859356631927085,0.125
0.5249999999999999,0.4750000000000001,84.14414842009474,84.125,15.855851579905263,0.125
0.5253125000000001,0.47468749999999993,84.14778631217509,84.125,15.852213687824914,0.125
0.525625,0.474375,84.15156474955556,84.125,15.848435250444439,0.125
0.5259375,0.47406250000000005,84.15549516587723,84.125,15.844504834122773,0.125
0.52625,0.47375,84.15958615153008,84.125,15.840413848469922,0.125
0.5265625,0.47343749999999996,84.1638542233014,84.125,15.8361457766986,0.125
0.526875,0.473125,84.16830803484034,84.125,15.831691965159663,0.125
0.5271874999999999,0.4728125000000001,84.17297415574734,84.125,15.82702584425266,0.125
0.5275,0.47250000000000003,84.17785846031101,84.125,15.822141539688985,0.125
0.5278125,0.4721875,84.18300959230388,84.125,15.816990407696125,0.125
0.528125,0.47187500000000004,84.18842196200151,84.125,15.811578037998487,0.125
0.5284375,0.4715625,84.19419825045901,84.125,15.80580174954099,0.125
0.52875,0.47124999999999995,84.20029538063305,84.125,15.799704619366949,0.125
0.5290625,0.4709375,84.20696739908158,84.125,15.793032600918423,0.125
0.5293749999999999,0.47062500000000007,84.21405413349031,84.125,15.785945866509692,0.125
0.5296875,0.4703125,84.2223451184447,84.125,15.777654881555307,0.125
0.53,0.47,84.23137520298403,84.125,15.768624797015974,0.125
0.5303125,0.46968750000000004,84.2038817681846,84.25,15.796118231815399,0.125
0.530625,0.469375,84.20555467209535,84.25,15.794445327904654,0.125
0.5309375000000001,0.46906249999999994,84.2072696962826,84.25,15.792730303717406,0.125
0.53125,0.46875,84.20902844541979,84.25,15.79097155458021,0.125
0.5315624999999999,0.46843750000000006,84.21083260792962,84.25,15.789167392070382,0.125
0.531875,0.468125,84.21268396226176,84.25,15.787316037738236,0.125
0.5321875,0.46781249999999996,84.21458438250724,84.25,15.78541561749276,0.125
0.5325,0.4675,84.21653584637399,84.25,15.783464153626014,0.125
0.5328124999999999,0.4671875000000001,84.21854044117921,84.25,15.781459558820785,0.125
0.5331250000000001,0.46687499999999993,84.2206003745277,84.25,15.779399625472294,0.125
0.5334375,0.4665625,84.22271797996618,84.25,15.777282020033823,0.125
0.53375,0.46625000000000005,84.22489573230675,84.25,15.775104267693251,0.125
0.5340625,0.4659375,84.22713625112351,84.25,15.772863748876489,0.125
0.534375,0.46562499999999996,84.2294423246993,84.25,15.770557675300694,0.125
0.5346875,0.4653125,84.2318169068634,84.25,15.7681830931366,0.125
0.5349999999999999,0.4650000000000001,84.23426315806041,84.25,15.765736841939585,0.125
0.5353125,0.46468750000000003,84.23678442496349,84.25,15.763215575036511,0.125
0.535625,0.464375,84.23938431705182,84.25,15.760615682948185,0.125
0.5359375,0.46406250000000004,84.24206664452824,84.25,15.757933355471764,0.125
0.53625,0.46375,84.24483557110803,84.25,15.755164428891973,0.125
0.5365625,0.46343749999999995,84.24769545375524,84.25,15.752304546244758,0.125
0.536875,0.463125,84.25065116296983,84.25,15.749348837030169,0.125
0.5371874999999999,0.46281250000000007,84.25370769398558,84.25,15.746292306014425,0.125
0.5375,0.4625,84.25687086207348,84.25,15.743129137926516,0.125
0.5378125,0.4621875,84.26014638270834,84.25,15.739853617291658,0.125
0.538125,0.46187500000000004,84.26354141961814,84.25,15.736458580381864,0.125
0.5384375,0.4615625,84.26706242665271,84.25,15.732937573347286,0.125
0.5387500000000001,0.46124999999999994,84.27071866326041,84.25,15.72928133673959,0.125
0.5390625,0.4609375,84.27451712525009,84.25,15.725482874749915,0.125
0.5393749999999999,0.46062500000000006,84.27847067131516,84.25,15.721529328684838,0.125
0.5396875,0.4603125,84.28258602319097,84.25,15.717413976809027,0.125
0.54,0.45999999999999996,84.28688290120309,84.25,15.713117098796914,0.125
0.5403125,0.4596875,84.29136522760177,84.25,15.708634772398227,0.125
0.5406249999999999,0.4593750000000001,84.29606717349183,84.25,15.703932826508165,0.125
0.5409375000000001,0.45906249999999993,84.3009826199734,84.25,15.699017380026604,0.125
0.54125,0.45875,84.30617914305446,84.25,15.693820856945536,0.125
0.5415625,0.45843750000000005,84.31161988846935,84.25,15.688380111530648,0.125
0.541875,0.458125,84.31745742388556,84.25,15.682542576114443,0.125
0.5421875,0.45781249999999996,84.32356224683745,84.25,15.676437753162546,0.125
0.5425,0.4575,84.33033147009401,84.25,15.66966852990599,0.125
0.5428124999999999,0.4571875000000001,84.33733653127565,84.25,15.662663468724347,0.125
0.543125,0.45687500000000003,84.34585100200869,84.25,15.654148997991314,0.125
0.5434375,0.4565625,84.3542780338912,84.25,15.645721966108795,0.125
0.54375,0.45625000000000004,84.32864490777598,84.375,15.671355092224019,0.125
0.5440625,0.4559375,84.33035835110904,84.375,15.66964164889096,0.125
0.544375,0.45562499999999995,84.3321160390206,84.375,15.667883960979395,0.125
0.5446875,0.4553125,84.33391969974774,84.375,15.666080300252261,0.125
0.5449999999999999,0.45500000000000007,84.33577115454636,84.375,15.664228845453636,0.125
0.5453125,0.4546875,84.3376723234634,84.375,15.662327676536606,0.125
0.545625,0.454375,84.33962523369027,84.375,15.66037476630973,0.125
0.5459375,0.45406250000000004,84.34163202568166,84.375,15.658367974318338,0.125
0.54625,0.45375,84.3436949643703,84.375,15.6563050356297,0.125
0.5465625000000001,0.45343749999999994,84.34581644483373,84.375,15.65418355516627,0.125
0.546875,0.453125,84.34799900849514,84.375,15.652000991504863,0.125
0.5471874999999999,0.45281250000000006,84.35024534626181,84.375,15.649754653738185,0.125
0.5475,0.4525,84.352558324055,84.375,15.647441675945004,0.125
0.5478125,0.45218749999999996,84.35494097846995,84.375,15.645059021530045,0.125
0.548125,0.451875,84.3573965608546,84.375,15.642603439145404,0.125
0.5484374999999999,0.4515625000000001,84.35992851382676,84.375,15.640071486173241,0.125
0.5487500000000001,0.45124999999999993,84.36254055399762,84.375,15.637459446002381,0.125
0.5490625,0.4509375,84.36523660241811,84.375,15.634763397581892,0.125
0.549375,0.45062500000000005,84.36802095033403,84.375,15.631979049665972,0.125
0.5496875,0.4503125,84.3708980816658,84.375,15.6291019183342,0.125
0.55,0.44999999999999996,84.37387302122467,84.375,15.626126978775332,0.125
0.5503125,0.4496875,84.37695090677587,84.375,15.623049093224125,0.125
0.5506249999999999,0.4493750000000001,84.38013774548452,84.375,15.619862254515482,0.125
0.5509375,0.44906250000000003,84.38343940577047,84.375,15.616560594229526,0.125
0.55125,0.44875,84.38686330091947,84.375,15.613136699080528,0.125
0.5515625,0.44843750000000004,84.390416031398,84.375,15.609583968601996,0.125
0.551875,0.448125,84.39410720462683,84.375,15.605892795373165,0.125
0.5521875,0.44781249999999995,84.397943911734,84.375,15.602056088265996,0.125
0.5525,0.4475,84.40193954598068,84.375,15.598060454019318,0.125
0.5528124999999999,0.44718750000000007,84.40610075947897,84.375,15.593899240521026,0.125
0.553125,0.446875,84.41044819469778,84.375,15.589551805302222,0.125
0.5534375,0.4465625,84.41498525585153,84.375,15.585014744148467,0.125
0.55375,0.44625000000000004,84.41974790326655,84.375,15.580252096733446,0.125
0.5540625,0.4459375,84.42472833451126,84.375,15.575271665488742,0.125
0.5543750000000001,0.44562499999999994,84.42999798364086,84.375,15.57000201635914,0.125
0.5546875,0.4453125,84.43551526320677,84.375,15.564484736793233,0.125
0.5549999999999999,0.44500000000000006,84.44144188415976,84.375,15.558558115840242,0.125
0.5553125,0.4446875,84.4476352385663,84.375,15.552364761433694,0.125
0.555625,0.44437499999999996,84.45451644753264,84.375,15.54548355246736,0.125
0.5559375,0.4440625,84.46161814465736,84.375,15.538381855342635,0.125
0.5562499999999999,0.4437500000000001,84.47028821247758,84.375,15.529711787522416,0.125
0.5565625000000001,0.44343749999999993,84.47878525654382,84.375,15.521214743456184,0.125
0.556875,0.443125,84.45361749589256,84.5,15.546382504107441,0.125
0.5571875,0.44281250000000005,84.45537793036779,84.5,15.544622069632211,0.125
0.5575,0.4425,84.45718505799572,84.5,15.542814942004284,0.125
0.5578125,0.44218749999999996,84.45904075246973,84.5,15.540959247530267,0.125
0.558125,0.441875,84.46094699031624,84.5,15.539053009683755,0.125
0.5584374999999999,0.4415625000000001,84.46290585938087,84.5,15.537094140619132,0.125
0.55875,0.44125000000000003,84.46491956561778,84.5,15.535080434382223,0.125
0.5590625,0.4409375,84.46699044426171,84.5,15.533009555738289,0.125
0.559375,0.44062500000000004,84.4691209666273,84.5,15.530879033372699,0.125
0.5596875,0.4403125,84.47131375576707,84.5,15.52868624423293,0.125
0.56,0.43999999999999995,84.47357159172485,84.5,15.526428408275152,0.125
0.5603125,0.4396875,84.47589743533179,84.5,15.524102564668212,0.125
0.5606249999999999,0.43937500000000007,84.47829442803128,84.5,15.521705571968724,0.125
0.5609375,0.4390625,84.4807659314761,84.5,15.5192340685239,0.125
0.56125,0.43875,84.48331551275659,84.5,15.51668448724341,0.125
0.5615625,0.43843750000000004,84.48594701621049,84.5,15.514052983789512,0.125
0.561875,0.438125,84.48866451275565,84.5,15.511335487244352,0.125
0.5621875000000001,0.43781249999999994,84.49147243999899,84.5,15.508527560001014,0.125
0.5625,0.4375,84.49437546648366,84.5,15.50562453351634,0.125
0.5628124999999999,0.43718750000000006,84.49737878050215,84.5,15.502621219497854,0.125
0.563125,0.436875,84.50048775600162,84.5,15.499512243998382,0.125
0.5634375,0.43656249999999996,84.50370857168316,84.5,15.496291428316837,0.125
0.56375,0.43625,84.50704741673619,84.5,15.492952583263815,0.125
0.5640624999999999,0.4359375000000001,84.51051185573763,84.5,15.489488144262367,0.125
0.5643750000000001,0.43562499999999993,84.51410896450437,84.5,15.485891035495627,0.125
0.5646875,0.4353125,84.51784840475547,84.5,15.482151595244531,0.125
0.565,0.43500000000000005,84.52173805498265,84.5,15.478261945017351,0.125
0.5653125,0.4346875,84.525791067177,84.5,15.474208932823004,0.125
0.565625,0.43437499999999996,84.53001556417696,84.5,15.469984435823037,0.125
0.5659375,0.4340625,84.5344311416143,84.5,15.465568858385694,0.125
0.5662499999999999,0.4337500000000001,84.53904427287269,84.5,15.460955727127313,0.125
0.5665625,0.43343750000000003,84.5438877351703,84.5,15.456112264829699,0.125
0.566875,0.433125,84.5489607596213,84.5,15.451039240378705,0.125
0.5671875,0.43281250000000004,84.55432585977313,84.5,15.44567414022687,0.125
0.5675,0.4325,84.5599589584262,84.5,15.440041041573807,0.125
0.5678125,0.43218749999999995,84.56599672267626,84.5,15.43400327732374,0.125
0.568125,0.431875,84.57234424561888,84.5,15.42765575438112,0.125
0.5684374999999999,0.43156250000000007,84.57934799023643,84.5,15.420652009763572,0.125
0.56875,0.43125,84.58668924719206,84.5,15.413310752807945,0.125
0.5690625,0.4309375,84.59545648820118,84.5,15.40454351179882,0.125
0.569375,0.43062500000000004,84.60454196578301,84.5,15.395458034216986,0.125
0.5696875,0.4303125,84.57876188647664,84.625,15.421238113523358,0.125
0.5700000000000001,0.42999999999999994,84.58057521896461,84.625,15.419424781035389,0.125
0.5703125,0.4296875,84.58243801769302,84.625,15.417561982306978,0.125
0.5706249999999999,0.42937500000000006,84.58435232404732,84.625,15.415647675952684,0.125
0.5709375,0.4290625,84.58632029543124,84.625,15.413679704568764,0.125
0.57125,0.42874999999999996,84.58834421323404,84.625,15.411655786765962,0.125
0.5715625,0.4284375,84.59042649338065,84.625,15.409573506619353,0.125
0.5718749999999999,0.4281250000000001,84.59256969533148,84.625,15.407430304668523,0.125
0.5721875000000001,0.42781249999999993,84.59477653588296,84.625,15.405223464117043,0.125
0.5725,0.4275,84.59704989871793,84.625,15.402950101282073,0.125
0.5728125,0.42718750000000005,84.59939285355809,84.625,15.400607146441914,0.125
0.573125,0.426875,84.60180866484802,84.625,15.398191335151978,0.125
0.5734375,0.42656249999999996,84.60430082030447,84.625,15.395699179695526,0.125
0.57375,0.42625,84.60687303504672,84.625,15.393126964953282,0.125
0.5740624999999999,0.4259375000000001,84.60952929794742,84.625,15.390470702052582,0.125
0.574375,0.42562500000000003,84.61227386212246,84.625,15.387726137877536,0.125
0.5746875,0.4253125,84.61511132695357,84.625,15.384888673046433,0.125
0.575,0.42500000000000004,84.61804659349136,84.625,15.381953406508643,0.125
0.5753125,0.4246875,84.62108502100364,84.625,15.378914978996363,0.125
0.575625,0.42437499999999995,84.62423229731907,84.625,15.375767702680932,0.125
0.5759375,0.4240625,84.62749475603276,84.625,15.37250524396724,0.125
0.5762499999999999,0.42375000000000007,84.6308790458728,84.625,15.369120954127197,0.125
0.5765625,0.4234375,84.63439280247519,84.625,15.36560719752481,0.125
0.576875,0.423125,84.63804384737526,84.625,15.361956152624742,0.125
0.5771875,0.42281250000000004,84.64184165775434,84.625,15.358158342245659,0.125
0.5775,0.4225,84.64579546483621,84.625,15.354204535163788,0.125
0.5778125000000001,0.42218749999999994,84.64991755157624,84.625,15.350082448423763,0.125
0.578125,0.421875,84.65421876090268,84.625,15.34578123909732,0.125
0.5784374999999999,0.42156250000000006,84.65871605781044,84.625,15.341283942189563,0.125
0.57875,0.42125,84.66342187338361,84.625,15.336578126616388,0.125
0.5790625,0.42093749999999996,84.66836182852376,84.625,15.331638171476243,0.125
0.579375,0.420625,84.67354915738846,84.625,15.326450842611536,0.125
0.5796874999999999,0.4203125000000001,84.67902731446074,84.625,15.32097268553926,0.125
0.5800000000000001,0.41999999999999993,84.68480740228979,84.625,15.315192597710208,0.125
0.5803125,0.4196875,84.69097410936354,84.625,15.309025890636462,0.125
0.580625,0.41937500000000005,84.69752833495228,84.625,15.302471665047719,0.125
0.5809375,0.4190625,84.7046645451734,84.625,15.2953354548266,0.125
0.58125,0.41874999999999996,84.71236180156995,84.625,15.287638198430045,0.125
0.5815625,0.4184375,84.72118651877186,84.625,15.278813481228141,0.125
0.5818749999999999,0.4181250000000001,84.73133273673332,84.625,15.268667263266678,0.125
0.5821875,0.41781250000000003,84.70403840313327,84.75,15.295961596866732,0.125
0.5825,0.4175,84.70590987008282,84.75,15.29409012991718,0.125
0.5828125,0.41718750000000004,84.70783389450646,84.75,15.292166105493536,0.125
0.583125,0.416875,84.70981270973874,84.75,15.290187290261258,0.125
0.5834375,0.41656249999999995,84.71184867978303,84.75,15.288151320216969,0.125
0.58375,0.41625,84.7139443088086,84.75,15.286055691191393,0.125
0.5840624999999999,0.41593750000000007,84.71610225312281,84.75,15.283897746877187,0.125
0.584375,0.415625,84.71832533216644,84.75,15.281674667833556,0.125
0.5846875,0.4153125,84.72061654401045,84.75,15.279383455989546,0.125
0.585,0.41500000000000004,84.72297907765154,84.75,15.277020922348456,0.125
0.5853125,0.4146875,84.72541633411184,84.75,15.274583665888159,0.125
0.5856250000000001,0.41437499999999994,84.72793193902517,84.75,15.272068060974831,0.125
0.5859375,0.4140625,84.73052977333455,84.75,15.269470226665447,0.125
0.5862499999999999,0.41375000000000006,84.73321398323023,84.75,15.266786016769771,0.125
0.5865625,0.4134375,84.73598902862919,84.75,15.264010971370809,0.125
0.586875,0.41312499999999996,84.73885968264376,84.75,15.261140317356237,0.125
0.5871875,0.4128125,84.74183111534086,84.75,15.258168884659142,0.125
0.5874999999999999,0.4125000000000001,84.74490886337824,84.75,15.255091136621758,0.125
0.5878125000000001,0.41218749999999993,84.7480989875083,84.75,15.2519010124917,0.125
0.588125,0.411875,84.75140796533637,84.75,15.24859203466363,0.125
0.5884375,0.41156250000000005,84.75484300968084,84.75,15.24515699031916,0.125
0.58875,0.41125,84.75841177066069,84.75,15.241588229339314,0.125
0.5890625,0.41093749999999996,84.76212301698025,84.75,15.237876983019746,0.125
0.589375,0.410625,84.76598587086838,84.75,15.234014129131623,0.125
0.5896874999999999,0.4103125000000001,84.77001133266494,84.75,15.229988667335064,0.125
0.59,0.41000000000000003,84.77421036813405,84.75,15.22578963186595,0.125
0.5903125,0.4096875,84.77859745003192,84.75,15.221402549968076,0.125
0.590625,0.40937500000000004,84.7831857867206,84.75,15.216814213279406,0.125
0.5909375,0.4090625,84.78799584822877,84.75,15.212004151771225,0.125
0.59125,0.40874999999999995,84.79304329255136,84.75,15.20695670744864,0.125
0.5915625,0.4084375,84.798360332596,84.75,15.201639667403995,0.125
0.5918749999999999,0.40812500000000007,84.80396425494402,84.75,15.19603574505598,0.125
0.5921875,0.4078125,84.80991387498212,84.75,15.190086125017885,0.125
0.5925,0.4075,84.81622313847492,84.75,15.183776861525075,0.125
0.5928125,0.40718750000000004,84.82302290086193,84.75,15.176977099138071,0.125
0.593125,0.406875,84.8303017845907,84.75,15.169698215409298,0.125
0.5934375000000001,0.40656249999999994,84.83844542904244,84.75,15.161554570957563,0.125
0.59375,0.40625,84.84731079704956,84.75,15.152689202950441,0.125
0.5940624999999999,0.40593750000000006,84.85900935394324,84.75,15.140990646056764,0.125
0.594375,0.405625,84.82940419557177,84.875,15.170595804428231,0.125
0.5946875,0.40531249999999996,84.83133817903715,84.875,15.168661820962853,0.125
0.595,0.405,84.8333281135218,84.875,15.166671886478198,0.125
0.5953124999999999,0.4046875000000001,84.8353764495869,84.875,15.164623550413097,0.125
0.5956250000000001,0.40437499999999993,84.8374857838374,84.875,15.162514216162606,0.125
0.5959375,0.4040625,84.8396588743821,84.875,15.160341125617904,0.125
0.59625,0.40375000000000005,84.84189864838078,84.875,15.158101351619223,0.125
0.5965625,0.4034375,84.84420822458468,84.875,15.155791775415324,0.125
0.596875,0.40312499999999996,84.84659091736087,84.875,15.15340908263913,0.125
0.5971875,0.4028125,84.84905027245124,84.875,15.150949727548763,0.125
0.5974999999999999,0.4025000000000001,84.85159006054533,84.875,15.148409939454666,0.125
0.5978125,0.40218750000000003,84.8542143392999,84.875,15.1457856607001,0.125
0.598125,0.401875,84.85692742017878,84.875,15.143072579821222,0.125
0.5984375,0.40156250000000004,84.85973398510144,84.875,15.140266014898558,0.125
0.59875,0.40125,84.862638988791,84.875,15.137361011208995,0.125
0.5990625,0.40093749999999995,84.8656478928956,84.875,15.134352107104405,0.125
0.599375,0.400625,84.86876641671172,84.875,15.131233583288278,0.125
0.5996874999999999,0.40031250000000007,84.87200103005001,84.875,15.127998969949985,0.125
0.6,0.4,84.87535835073477,84.875,15.124641649265229,0.125
0.6003125,0.3996875,84.87884621850341,84.875,15.121153781496588,0.125
0.600625,0.39937500000000004,84.88247226969504,84.875,15.117527730304957,0.125
0.6009375,0.3990625,84.88624633836164,84.875,15.113753661638356,0.125
0.6012500000000001,0.39874999999999994,84.89017710252838,84.875,15.109822897471616,0.125
0.6015625,0.3984375,84.89427756968,84.875,15.10572243032,0.125
0.6018749999999999,0.39812500000000006,84.89855715147232,84.875,15.101442848527682,0.125
0.6021875,0.3978125,84.90303445786861,84.875,15.096965542131386,0.125
0.6025,0.39749999999999996,84.90771834794906,84.875,15.092281652050943,0.125
0.6028125,0.3971875,84.91263846540642,84.875,15.087361534593583,0.125
0.6031249999999999,0.3968750000000001,84.91779904504602,84.875,15.082200954953976,0.125
0.6034375000000001,0.39656249999999993,84.92325393857715,84.875,15.076746061422853,0.125
0.60375,0.39625,84.9289906206294,84.875,15.071009379370594,0.125
0.6040625,0.39593750000000005,84.9351222311716,84.875,15.064877768828396,0.125
0.604375,0.395625,84.94158248414574,84.875,15.05841751585426,0.125
0.6046875,0.39531249999999996,84.94865029327285,84.875,15.051349706727152,0.125
0.605,0.395,84.95608120182672,84.875,15.04391879817328,0.125
0.6053124999999999,0.3946875000000001,84.96472942604149,84.875,15.035270573958513,0.125
0.605625,0.39437500000000003,84.97364165408197,84.875,15.026358345918027,0.125
0.6059375,0.3940625,84.987479962116,84.875,15.012520037884002,0.125
0.60625,0.39375000000000004,84.95481227790323,85.0,15.04518772209677,0.125
0.6065625,0.3934375,84.9568120617749,85.0,15.043187938225103,0.125
0.606875,0.39312499999999995,84.95887146421738,85.0,15.041128535782619,0.125
0.6071875,0.3928125,84.96099317447765,85.0,15.03900682552235,0.125
0.6074999999999999,0.39250000000000007,84.96318005290442,85.0,15.03681994709558,0.125
0.6078125,0.3921875,84.96543513492645,85.0,15.034564865073548,0.125
0.608125,0.391875,84.96776166084415,85.0,15.032238339155853,0.125
0.6084375,0.39156250000000004,84.970163071368,85.0,15.029836928631994,0.125
0.60875,0.39125,84.97264305844617,85.0,15.027356941553833,0.125
0.6090625000000001,0.39093749999999994,84.9752055393247,85.0,15.024794460675295,0.125
0.609375,0.390625,84.97785475072227,85.0,15.022145249277727,0.125
0.6096874999999999,0.39031250000000006,84.98059517148901,85.0,15.019404828510986,0.125
0.61,0.39,84.98343170913206,85.0,15.016568290867937,0.125
0.6103125,0.38968749999999996,84.986369502785,85.0,15.013630497215004,0.125
0.610625,0.389375,84.98941431105136,85.0,15.010585688948638,0.125
0.6109374999999999,0.3890625000000001,84.99257203935201,85.0,15.007427960647988,0.125
0.6112500000000001,0.38874999999999993,84.99584957455264,85.0,15.004150425447364,0.125
0.6115625,0.3884375,84.99925367874698,85.0,15.000746321253018,0.125
0.611875,0.38812500000000005,85.00279283044276,85.0,14.997207169557242,0.125
0.6121875,0.3878125,85.0064746565595,85.0,14.993525343440496,0.125
0.6125,0.38749999999999996,85.01031007393563,85.0,14.989689926064372,0.125
0.6128125,0.3871875,85.01430732100658,85.0,14.985692678993416,0.125
0.6131249999999999,0.3868750000000001,85.01848143710926,85.0,14.981518562890741,0.125
0.6134375,0.38656250000000003,85.02284028667984,85.0,14.977159713320162,0.125
0.61375,0.38625,85.02740664793642,85.0,14.972593352063583,0.125
0.6140625,0.38593750000000004,85.03218505082528,85.0,14.967814949174723,0.125
0.614375,0.385625,85.03721433710646,85.0,14.962785662893538,0.125
0.6146875,0.38531249999999995,85.042487395866,85.0,14.957512604133996,0.125
0.615,0.385,85.04807967998741,85.0,14.95192032001259,0.125
0.6153124999999999,0.38468750000000007,85.05394914410677,85.0,14.946050855893233,0.125
0.615625,0.384375,85.06026298015857,85.0,14.93973701984143,0.125
0.6159375,0.3840625,85.06687569539477,85.0,14.93312430460523,0.125
0.61625,0.38375000000000004,85.07421351042763,85.0,14.925786489572374,0.125
0.6165625,0.3834375,85.08180208742174,85.0,14.918197912578265,0.125
0.6168750000000001,0.38312499999999994,85.090968205347,85.0,14.909031794653004,0.125
0.6171875,0.3828125,85.0999516239551,85.0,14.900048376044893,0.125
0.6174999999999999,0.38250000000000006,85.11678192806122,85.0,14.883218071938785,0.125
0.6178125,0.3821875,85.08021076132701,85.125,14.91978923867299,0.125
0.618125,0.38187499999999996,85.08227823295616,85.125,14.917721767043844,0.125
0.6184375,0.3815625,85.08440921200213,85.125,14.915590787997871,0.125
0.6187499999999999,0.3812500000000001,85.08660665618073,85.125,14.913393343819266,0.125
0.6190625000000001,0.38093749999999993,85.08887370436717,85.125,14.911126295632826,0.125
0.619375,0.380625,85.09121371289501,85.125,14.908786287104988,0.125
0.6196875,0.38031250000000005,85.09363024366591,85.125,14.906369756334087,0.125
0.62,0.38,85.09612712841839,85.125,14.903872871581612,0.125
0.6203125,0.37968749999999996,85.09870842563792,85.125,14.901291574362077,0.125
0.620625,0.379375,85.10137854324346,85.125,14.898621456756544,0.125
0.6209374999999999,0.3790625000000001,85.10414212249631,85.125,14.895857877503687,0.125
0.62125,0.37875000000000003,85.107004286053,85.125,14.892995713947002,0.125
0.6215625,0.3784375,85.10997035401724,85.125,14.890029645982764,0.125
0.621875,0.37812500000000004,85.11304636646743,85.125,14.88695363353257,0.125
0.6221875,0.3778125,85.11623841600668,85.125,14.88376158399332,0.125
0.6225,0.37749999999999995,85.11955378045322,85.125,14.880446219546783,0.125
0.6228125,0.3771875,85.12299937886537,85.125,14.877000621134627,0.125
0.6231249999999999,0.37687500000000007,85.12658427903733,85.125,14.873415720962669,0.125
0.6234375,0.3765625,85.13031614002406,85.125,14.869683859975936,0.125
0.62375,0.37625,85.13420685859934,85.125,14.865793141400658,0.125
0.6240625,0.37593750000000004,85.13826434593147,85.125,14.861735654068525,0.125
0.624375,0.375625,85.1425054454704,85.125,14.857494554529595,0.125
0.6246875000000001,0.37531249999999994,85.1469367605678,85.125,14.853063239432203,0.125
0.625,0.375,85.15158471021236,85.125,14.848415289787638,0.125
0.6253124999999999,0.37468750000000006,85.15645021414144,85.125,14.843549785858556,0.125
0.625625,0.374375,85.16158004471387,85.125,14.838419955286128,0.125
0.6259375,0.37406249999999996,85.16695756708997,85.125,14.833042432910034,0.125
0.62625,0.37375,85.17267667559517,85.125,14.82732332440483,0.125
0.6265624999999999,0.3734375000000001,85.17867053957463,85.125,14.821329460425375,0.125
0.6268750000000001,0.37312499999999993,85.1851521630129,85.125,14.814847836987099,0.125
0.6271875,0.3728125,85.19190971909477,85.125,14.808090280905233,0.125
0.6275,0.37250000000000005,85.19949383397329,85.125,14.800506166026707,0.125
0.6278125,0.3721875,85.20723812671305,85.125,14.792761873286949,0.125
0.628125,0.37187499999999996,85.21687241329326,85.125,14.78312758670674,0.125
0.6284375,0.3715625,85.22595860923323,85.125,14.774041390766769,0.125
0.6287499999999999,0.3712500000000001,85.24843404466988,85.125,14.751565955330122,0.125
0.6290625,0.37093750000000003,85.20554240334766,85.25,14.794457596652336,0.125
0.629375,0.370625,85.20767769493487,85.25,14.792322305065127,0.125
0.6296875,0.37031250000000004,85.20988053881425,85.25,14.790119461185753,0.125
0.63,0.37,85.2121541676996,85.25,14.787845832300405,0.125
0.6303125,0.36968749999999995,85.21450203886727,85.25,14.785497961132734,0.125
0.630625,0.369375,85.21692782625873,85.25,14.783072173741274,0.125
0.6309374999999999,0.36906250000000007,85.21943548100566,85.25,14.780564518994339,0.125
0.63125,0.36875,85.22202919643576,85.25,14.777970803564244,0.125
0.6315625,0.3684375,85.22471352142696,85.25,14.775286478573037,0.125
0.631875,0.36812500000000004,85.22749326143892,85.25,14.772506738561077,0.125
0.6321875,0.3678125,85.23037370442648,85.25,14.769626295573516,0.125
0.6325000000000001,0.36749999999999994,85.23336037416989,85.25,14.76663962583011,0.125
0.6328125,0.3671875,85.23645950124815,85.25,14.763540498751851,0.125
0.6331249999999999,0.36687500000000006,85.23967743854685,85.25,14.760322561453151,0.125
0.6334375,0.3665625,85.2430216745945,85.25,14.756978325405498,0.125
0.63375,0.36624999999999996,85.2464994771605,85.25,14.753500522839502,0.125
0.6340625,0.3659375,85.25012012419988,85.25,14.749879875800119,0.125
0.6343749999999999,0.3656250000000001,85.2538917764209,85.25,14.7461082235791,0.125
0.6346875000000001,0.36531249999999993,85.25782647908895,85.25,14.742173520911052,0.125
0.635,0.365,85.2619329383064,85.25,14.738067061693599,0.125
0.6353125,0.36468750000000005,85.2662279209892,85.25,14.733772079010805,0.125
0.635625,0.364375,85.27071944219999,85.25,14.72928055780001,0.125
0.6359375,0.36406249999999996,85.27543319464608,85.25,14.724566805353916,0.125
0.63625,0.36375,85.28037291062978,85.25,14.71962708937022,0.125
0.6365624999999999,0.3634375000000001,85.28558287580935,85.25,14.714417124190646,0.125
0.636875,0.36312500000000003,85.29105267017871,85.25,14.708947329821285,0.125
0.6371875,0.3628125,85.29686894584154,85.25,14.703131054158462,0.125
0.6375,0.36250000000000004,85.30297993637788,85.25,14.69702006362212,0.125
0.6378125,0.3621875,85.30957807733253,85.25,14.690421922667468,0.125
0.638125,0.36187499999999995,85.31649175255092,85.25,14.683508247449083,0.125
0.6384375,0.3615625,85.32421040428433,85.25,14.67578959571567,0.125
0.6387499999999999,0.36125000000000007,85.33219063286641,85.25,14.667809367133586,0.125
0.6390625,0.3609375,85.34195284484724,85.25,14.658047155152758,0.125
0.639375,0.360625,85.35156715711875,85.25,14.648432842881249,0.125
0.6396875,0.36031250000000004,85.32861212028956,85.375,14.671387879710437,0.125
0.64,0.36,85.33074492683093,85.375,14.669255073169069,0.125
0.6403125000000001,0.35968749999999994,85.33294606792862,85.375,14.667053932071383,0.125
0.640625,0.359375,85.33521885098611,85.375,14.66478114901389,0.125
0.6409374999999999,0.35906250000000006,85.33756681625289,85.375,14.662433183747112,0.125
0.64125,0.35875,85.33999372632772,85.375,14.66000627367228,0.125
0.6415625,0.35843749999999996,85.34250363231234,85.375,14.657496367687656,0.125
0.641875,0.358125,85.34510083254273,85.375,14.654899167457273,0.125
0.6421874999999999,0.3578125000000001,85.3477899974215,85.375,14.6522100025785,0.125
0.6425000000000001,0.35749999999999993,85.35057605600068,85.375,14.649423943999324,0.125
0.6428125,0.3571875,85.35346444599791,85.375,14.646535554002085,0.125
0.643125,0.35687500000000005,85.35646083458384,85.375,14.643539165416158,0.125
0.6434375,0.3565625,85.35957164098419,85.375,14.640428359015814,0.125
0.64375,0.35624999999999996,85.36280337923749,85.375,14.63719662076251,0.125
0.6440625,0.3559375,85.3661637839464,85.375,14.633836216053595,0.125
0.6443749999999999,0.3556250000000001,85.36966029128796,85.375,14.630339708712043,0.125
0.6446875,0.35531250000000003,85.37330251786422,85.375,14.626697482135782,0.125
0.645,0.355,85.37709876861634,85.375,14.622901231383665,0.125
0.6453125,0.35468750000000004,85.38106159176179,85.375,14.618938408238208,0.125
0.645625,0.354375,85.38519973142712,85.375,14.614800268572878,0.125
0.6459375,0.35406249999999995,85.38953077702693,85.375,14.610469222973066,0.125
0.64625,0.35375,85.39406247097777,85.375,14.605937529022228,0.125
0.6465624999999999,0.35343750000000007,85.39882200045443,85.375,14.60117799954557,0.125
0.646875,0.353125,85.40381200914668,85.375,14.596187990853323,0.125
0.6471875,0.3528125,85.4090797845675,85.375,14.590920215432504,0.125
0.6475,0.35250000000000004,85.4146117342903,85.375,14.585388265709696,0.125
0.6478125,0.3521875,85.42050109663177,85.375,14.579498903368233,0.125
0.6481250000000001,0.35187499999999994,85.42668754438597,85.375,14.57331245561403,0.125
0.6484375,0.3515625,85.43337918934786,85.375,14.56662081065214,0.125
0.6487499999999999,0.35125000000000006,85.4403812100588,85.375,14.559618789941197,0.125
0.6490625,0.3509375,85.4482240216993,85.375,14.551775978300697,0.125
0.649375,0.35062499999999996,85.45629648643116,85.375,14.543703513568843,0.125
0.6496875,0.3503125,85.46624432963736,85.375,14.533755670362638,0.125
0.6499999999999999,0.3500000000000001,85.4758875264588,85.375,14.524112473541194,0.125
0.6503125000000001,0.34968749999999993,85.4535606006229,85.5,14.546439399377107,0.125
0.650625,0.349375,85.45575102524903,85.5,14.544248974750971,0.125
0.6509375,0.34906250000000005,85.45801351894293,85.5,14.541986481057066,0.125
0.65125,0.34875,85.46035167678035,85.5,14.539648323219652,0.125
0.6515625,0.34843749999999996,85.46276932141033,85.5,14.537230678589665,0.125
0.651875,0.348125,85.46527057000775,85.5,14.534729429992254,0.125
0.6521874999999999,0.3478125000000001,85.46785979316978,85.5,14.53214020683022,0.125
0.6525,0.34750000000000003,85.47054174088892,85.5,14.529458259111081,0.125
0.6528125,0.3471875,85.4733214290875,85.5,14.526678570912495,0.125
0.653125,0.34687500000000004,85.47620439123918,85.5,14.523795608760821,0.125
0.6534375,0.3465625,85.47919639872191,85.5,14.52080360127809,0.125
0.65375,0.34624999999999995,85.48230398568369,85.5,14.517696014316314,0.125
0.6540625,0.3459375,85.4855337907171,85.5,14.5144662092829,0.125
0.6543749999999999,0.34562500000000007,85.48889368559932,85.5,14.511106314400678,0.125
0.6546875,0.3453125,85.49239125447023,85.5,14.507608745529765,0.125
0.655,0.345,85.4960362759132,85.5,14.503963724086802,0.125
0.6553125,0.34468750000000004,85.49983722880545,85.5,14.500162771194553,0.125
0.655625,0.344375,85.50380684843016,85.5,14.496193151569841,0.125
0.6559375000000001,0.34406249999999994,85.50795407979273,85.5,14.492045920207275,0.125
0.65625,0.34375,85.51229671799744,85.5,14.487703282002556,0.125
0.6565624999999999,0.34343750000000006,85.51684273020825,85.5,14.483157269791747,0.125
0.656875,0.343125,85.5216195030929,85.5,14.478380496907107,0.125
0.6571875,0.34281249999999996,85.52662991587233,85.5,14.473370084127666,0.125
0.6575,0.3425,85.53192137445421,85.5,14.468078625545786,0.125
0.6578124999999999,0.3421875000000001,85.53748049238143,85.5,14.462519507618566,0.125
0.6581250000000001,0.34187499999999993,85.54340032520237,85.5,14.45659967479763,0.125
0.6584375,0.3415625,85.54962059062315,85.5,14.45037940937685,0.125
0.65875,0.34125000000000005,85.55634821874447,85.5,14.443651781255525,0.125
0.6590625,0.3409375,85.56338773405805,85.5,14.436612265941946,0.125
0.659375,0.34062499999999996,85.57126464283134,85.5,14.428735357168662,0.125
0.6596875,0.3403125,85.57936328638945,85.5,14.420636713610548,0.125
0.6599999999999999,0.3400000000000001,85.5893025295472,85.5,14.410697470452803,0.125
0.6603125,0.33968750000000003,85.59885675386508,85.5,14.401143246134922,0.125
0.660625,0.339375,85.61817257815281,85.5,14.381827421847191,0.125
0.6609375,0.33906250000000004,85.58049000760528,85.625,14.419509992394723,0.125
0.66125,0.33875,85.58280650157486,85.625,14.417193498425135,0.125
0.6615625,0.33843749999999995,85.58520242520324,85.625,14.414797574796765,0.125
0.661875,0.338125,85.58768191214176,85.625,14.412318087858239,0.125
0.6621874999999999,0.33781250000000007,85.59024937290782,85.625,14.40975062709218,0.125
0.6625,0.3375,85.59290956951861,85.625,14.40709043048139,0.125
0.6628125,0.3371875,85.59566757852856,85.625,14.404332421471437,0.125
0.663125,0.33687500000000004,85.59852892930488,85.625,14.401471070695123,0.125
0.6634375,0.3365625,85.60149949306329,85.625,14.398500506936713,0.125
0.6637500000000001,0.33624999999999994,85.60458575637934,85.625,14.395414243620664,0.125
0.6640625,0.3359375,85.60779453734636,85.625,14.392205462653635,0.125
0.6643749999999999,0.33562500000000006,85.61113355378467,85.625,14.388866446215332,0.125
0.6646875,0.3353125,85.61461073976099,85.625,14.385389260239009,0.125
0.665,0.33499999999999996,85.61823546885893,85.625,14.381764531141073,0.125
0.6653125,0.3346875,85.62201694773925,85.625,14.377983052260745,0.125
0.6656249999999999,0.3343750000000001,85.62596692097675,85.625,14.37403307902325,0.125
0.6659375000000001,0.33406249999999993,85.63009592139606,85.625,14.369904078603938,0.125
0.66625,0.33375,85.63441938362855,85.625,14.365580616371446,0.125
0.6665625,0.33343750000000005,85.63894886389483,85.625,14.361051136105175,0.125
0.666875,0.333125,85.6437061472217,85.625,14.356293852778293,0.125
0.6671875,0.33281249999999996,85.64870246507103,85.625,14.351297534928975,0.125
0.6675,0.3325,85.65397179279286,85.625,14.34602820720714,0.125
0.6678124999999999,0.3321875000000001,85.65952074902941,85.625,14.340479250970589,0.125
0.668125,0.33187500000000003,85.66540943498933,85.625,14.334590565010672,0.125
0.6684375,0.3315625,85.67162719265227,85.625,14.328372807347733,0.125
0.66875,0.33125000000000004,85.67829678124914,85.625,14.321703218750855,0.125
0.6690625,0.3309375,85.68535226544111,85.625,14.31464773455889,0.125
0.669375,0.33062499999999995,85.69308818977684,85.625,14.306911810223156,0.125
0.6696875,0.3303125,85.70125824346476,85.625,14.298741756535236,0.125
0.6699999999999999,0.33000000000000007,85.7107410822124,85.625,14.289258917787606,0.125
0.6703125,0.3296875,85.720591173131,85.625,14.279408826869002,0.125
0.670625,0.329375,85.73540164316216,85.625,14.264598356837837,0.125
0.6709375,0.32906250000000004,85.70489008224511,85.75,14.295109917754885,0.125
0.67125,0.32875,85.70725010603282,85.75,14.292749893967184,0.125
0.6715625000000001,0.32843749999999994,85.70969290221971,85.75,14.290307097780286,0.125
0.671875,0.328125,85.71222287853725,85.75,14.287777121462753,0.125
0.6721874999999999,0.32781250000000006,85.714844737297,85.75,14.285155262703,0.125
0.6725,0.3275,85.71756357437275,85.75,14.282436425627253,0.125
0.6728125,0.32718749999999996,85.72038481468526,85.75,14.27961518531474,0.125
0.673125,0.326875,85.72331440065538,85.75,14.276685599344617,0.125
0.6734374999999999,0.3265625000000001,85.72635861836905,85.75,14.273641381630952,0.125
0.6737500000000001,0.32624999999999993,85.72952447698745,85.75,14.27047552301255,0.125
0.6740625,0.3259375,85.73281928374432,85.75,14.26718071625568,0.125
0.674375,0.32562500000000005,85.73625143942672,85.75,14.263748560573276,0.125
0.6746875,0.3253125,85.73982944014747,85.75,14.260170559852526,0.125
0.675,0.32499999999999996,85.74356359449574,85.75,14.25643640550426,0.125
0.6753125,0.3246875,85.74746371625534,85.75,14.25253628374466,0.125
0.6756249999999999,0.3243750000000001,85.75154291370512,85.75,14.248457086294877,0.125
0.6759375,0.32406250000000003,85.75581227607655,85.75,14.244187723923446,0.125
0.67625,0.32375,85.76028939110252,85.75,14.239710608897482,0.125
0.6765625,0.32343750000000004,85.76498605925532,85.75,14.235013940744679,0.125
0.676875,0.323125,85.7699277812051,85.75,14.230072218794902,0.125
0.6771875,0.32281249999999995,85.77512506631685,85.75,14.224874933683154,0.125
0.6775,0.3225,85.78061889871928,85.75,14.219381101280717,0.125
0.6778124999999999,0.32218750000000007,85.78641264292581,85.75,14.21358735707419,0.125
0.678125,0.321875,85.79258075136673,85.75,14.207419248633272,0.125
0.6784375,0.3215625,85.79910317808238,85.75,14.200896821917624,0.125
0.67875,0.32125000000000004,85.80613441320901,85.75,14.193865586790992,0.125
0.6790625,0.3209375,85.813585459571,85.75,14.186414540428999,0.125
0.6793750000000001,0.32062499999999994,85.82182755730167,85.75,14.178172442698326,0.125
0.6796875,0.3203125,85.83056962772159,85.75,14.169430372278413,0.125
0.6799999999999999,0.32000000000000006,85.84091364488489,85.75,14.159086355115107,0.125
0.6803125,0.3196875,85.8520147057292,85.75,14.147985294270796,0.125
0.680625,0.31937499999999996,85.82888048151813,85.875,14.171119518481873,0.125
0.6809375,0.3190625,85.83127027250524,85.875,14.168729727494764,0.125
0.6812499999999999,0.3187500000000001,85.83374554708848,85.875,14.166254452911517,0.125
0.6815625000000001,0.31843749999999993,85.8363109235491,85.875,14.163689076450893,0.125
0.681875,0.318125,85.83897138747244,85.875,14.16102861252756,0.125
0.6821875,0.31781250000000005,85.84173227006953,85.875,14.158267729930472,0.125
0.6825,0.3175,85.84459936974544,85.875,14.155400630254562,0.125
0.6828125,0.31718749999999996,85.8475788728496,85.875,14.152421127150404,0.125
0.683125,0.316875,85.85067758739038,85.875,14.14932241260962,0.125
0.6834374999999999,0.3165625000000001,85.85390272733353,85.875,14.146097272666466,0.125
0.68375,0.31625000000000003,85.85726238815063,85.875,14.14273761184937,0.125
0.6840625,0.3159375,85.8607650133238,85.875,14.1392349866762,0.125
0.684375,0.31562500000000004,85.86442040373241,85.875,14.13557959626759,0.125
0.6846875,0.3153125,85.86823844742177,85.875,14.131761552578226,0.125
0.685,0.31499999999999995,85.87223133076968,85.875,14.12776866923032,0.125
0.6853125,0.3146875,85.8764105541201,85.875,14.123589445879901,0.125
0.6856249999999999,0.31437500000000007,85.88079189955906,85.875,14.119208100440943,0.125
0.6859375,0.3140625,85.88538841919664,85.875,14.114611580803356,0.125
0.68625,0.31375,85.89022185480096,85.875,14.109778145199044,0.125
0.6865625,0.31343750000000004,85.89530601267751,85.875,14.104693987322491,0.125
0.686875,0.313125,85.90067365566551,85.875,14.099326344334486,0.125
0.6871875000000001,0.31281249999999994,85.90633638607002,85.875,14.093663613929976,0.125
0.6875,0.3125,85.91234986040573,85.875,14.087650139594274,0.125
0.6878124999999999,0.31218750000000006,85.9187142350392,85.875,14.081285764960796,0.125
0.688125,0.311875,85.92553888012638,85.875,14.074461119873618,0.125
0.6884375,0.31156249999999996,85.93278405986472,85.875,14.067215940135284,0.125
0.68875,0.31125,85.94070462052379,85.875,14.059295379476211,0.125
0.6890624999999999,0.3109375000000001,85.9491262463124,85.875,14.050873753687597,0.125
0.6893750000000001,0.31062499999999993,85.9587968743482,85.875,14.041203125651805,0.125
0.6896875,0.3103125,85.96901546042977,85.875,14.030984539570227,0.125
0.69,0.31000000000000005,85.98362724785069,85.875,14.016372752149309,0.125
0.6903125,0.3096875,85.95479917353707,86.0,14.045200826462931,0.125
0.690625,0.30937499999999996,85.95728916594456,86.0,14.042710834055441,0.125
0.6909375,0.3090625,85.95987127966181,86.0,14.040128720338188,0.125
0.6912499999999999,0.3087500000000001,85.96255070649514,86.0,14.037449293504864,0.125
0.6915625,0.30843750000000003,85.96533296512615,86.0,14.034667034873848,0.125
0.691875,0.308125,85.96822412090296,86.0,14.03177587909704,0.125
0.6921875,0.30781250000000004,85.97123056756482,86.0,14.028769432435183,0.125
0.6925,0.3075,85.97435947454979,86.0,14.025640525450214,0.125
0.6928125,0.30718749999999995,85.9776182625401,86.0,14.022381737459895,0.125
0.693125,0.306875,85.98101554843183,86.0,14.018984451568173,0.125
0.6934374999999999,0.30656250000000007,85.98455992375635,86.0,14.01544007624365,0.125
0.69375,0.30625,85.98826200563916,86.0,14.011737994360843,0.125
0.6940625,0.3059375,85.99213162402846,86.0,14.00786837597154,0.125
0.694375,0.30562500000000004,85.99618236703112,86.0,14.003817632968875,0.125
0.6946875,0.3053125,86.0004251100404,86.0,13.999574889959604,0.125
0.6950000000000001,0.30499999999999994,86.00487827280382,86.0,13.995121727196178,0.125
0.6953125,0.3046875,86.00955284260962,86.0,13.990447157390378,0.125
0.6956249999999999,0.30437500000000006,86.01447593972236,86.0,13.98552406027764,0.125
0.6959375,0.3040625,86.0196557391103,86.0,13.980344260889694,0.125
0.69625,0.30374999999999996,86.02513672627984,86.0,13.97486327372016,0.125
0.6965625,0.3034375,86.03091601823583,86.0,13.969083981764172,0.125
0.6968749999999999,0.3031250000000001,86.03707633562584,86.0,13.96292366437416,0.125
0.6971875000000001,0.30281249999999993,86.04358084967976,86.0,13.956419150320244,0.125
0.6975,0.3025,86.05060519323919,86.0,13.949394806760807,0.125
0.6978125,0.30218750000000005,86.05801259120094,86.0,13.941987408799065,0.125
0.698125,0.301875,86.06623331908591,86.0,13.93376668091409,0.125
0.6984375,0.30156249999999996,86.07481963471304,86.0,13.925180365286963,0.125
0.69875,0.30125,86.08505707779395,86.0,13.914942922206052,0.125
0.6990624999999999,0.3009375000000001,86.09532734317598,86.0,13.904672656824019,0.125
0.699375,0.30062500000000003,86.11248998196716,86.0,13.887510018032842,0.125
0.6996875,0.3003125,86.08026261306695,86.125,13.91973738693305,0.125
0.7,0.30000000000000004,86.08283953856491,86.125,13.917160461435088,0.125
0.7003125,0.2996875,86.08551478464939,86.125,13.91448521535061,0.125
0.700625,0.29937499999999995,86.08829399432668,86.125,13.911706005673324,0.125
0.7009375,0.2990625,86.09118335921188,86.125,13.908816640788118,0.125
0.7012499999999999,0.29875000000000007,86.09418943075225,86.125,13.905810569247748,0.125
0.7015625,0.2984375,86.09731952747586,86.125,13.902680472524139,0.125
0.701875,0.298125,86.10058127497004,86.125,13.89941872502996,0.125
0.7021875,0.29781250000000004,86.10398345935238,86.125,13.896016540647622,0.125
0.7025,0.2975,86.1075349486559,86.125,13.892465051344104,0.125
0.7028125000000001,0.29718749999999994,86.11124653509974,86.125,13.888753464900262,0.125
0.703125,0.296875,86.1151284437315,86.125,13.884871556268493,0.125
0.7034374999999999,0.29656250000000006,86.11919440001218,86.125,13.880805599987823,0.125
0.70375,0.29625,86.12345589225039,86.125,13.87654410774961,0.125
0.7040625,0.29593749999999996,86.12793131975823,86.125,13.872068680241767,0.125
0.704375,0.295625,86.1326327180819,86.125,13.867367281918106,0.125
0.7046874999999999,0.2953125000000001,86.13758673165243,86.125,13.862413268347566,0.125
0.7050000000000001,0.29499999999999993,86.14280352252425,86.125,13.857196477475753,0.125
0.7053125,0.2946875,86.14832588299579,86.125,13.851674117004208,0.125
0.705625,0.29437500000000005,86.15415508698592,86.125,13.845844913014076,0.125
0.7059375,0.2940625,86.16036896173947,86.125,13.839631038260535,0.125
0.70625,0.29374999999999996,86.16694018131658,86.125,13.833059818683424,0.125
0.7065625,0.2934375,86.1740308491758,86.125,13.825969150824207,0.125
0.7068749999999999,0.2931250000000001,86.18152789591288,86.125,13.818472104087121,0.125
0.7071875,0.29281250000000003,86.1898229518709,86.125,13.810177048129106,0.125
0.7075,0.2925,86.19853433573189,86.125,13.801465664268108,0.125
0.7078125,0.29218750000000004,86.20882153391881,86.125,13.791178466081192,0.125
0.708125,0.291875,86.21929280492944,86.125,13.780707195070562,0.125
0.7084375,0.29156249999999995,86.23596994053177,86.125,13.764030059468226,0.125
0.70875,0.29125,86.20516842354574,86.25,13.794831576454257,0.125
0.7090624999999999,0.29093750000000007,86.20781365709061,86.25,13.792186342909389,0.125
0.709375,0.290625,86.21056250799383,86.25,13.789437492006172,0.125
0.7096875,0.2903125,86.21342112385378,86.25,13.786578876146223,0.125
0.71,0.29000000000000004,86.21639615951177,86.25,13.783603840488226,0.125
0.7103125,0.2896875,86.2194948236116,86.25,13.780505176388402,0.125
0.7106250000000001,0.28937499999999994,86.22272495391891,86.25,13.777275046081087,0.125
0.7109375,0.2890625,86.22609507374314,86.25,13.773904926256861,0.125
0.7112499999999999,0.28875000000000006,86.2296144997072,86.25,13.770385500292804,0.125
0.7115625,0.2884375,86.23329341027421,86.25,13.766706589725786,0.125
0.711875,0.28812499999999996,86.23714300453786,86.25,13.762856995462144,0.125
0.7121875,0.2878125,86.24117558933743,86.25,13.75882441066257,0.125
0.7124999999999999,0.2875000000000001,86.24540481555508,86.25,13.754595184444923,0.125
0.7128125000000001,0.28718749999999993,86.24984580910032,86.25,13.750154190899678,0.125
0.713125,0.286875,86.25451550932497,86.25,13.745484490675025,0.125
0.7134375,0.28656250000000005,86.25943294394122,86.25,13.74056705605878,0.125
0.71375,0.28625,86.26461963159763,86.25,13.735380368402375,0.125
0.7140625,0.28593749999999996,86.27010038448252,86.25,13.729899615517482,0.125
0.714375,0.285625,86.27590340558712,86.25,13.724096594412885,0.125
0.7146874999999999,0.2853125000000001,86.28206307584381,86.25,13.717936924156191,0.125
0.715,0.28500000000000003,86.28861792956148,86.25,13.711382070438518,0.125
0.7153125,0.2846875,86.2956211226213,86.25,13.704378877378701,0.125
0.715625,0.28437500000000004,86.30312825791299,86.25,13.696871742087012,0.125
0.7159375,0.2840625,86.311239841097,86.25,13.688760158902994,0.125
0.71625,0.28374999999999995,86.32004197643197,86.25,13.679958023568034,0.125
0.7165625,0.2834375,86.32980754918526,86.25,13.670192450814739,0.125
0.7168749999999999,0.28312500000000007,86.34068716211475,86.25,13.659312837885253,0.125
0.7171875,0.2828125,86.35426186519143,86.25,13.645738134808568,0.125
0.7175,0.2825,86.32942047295185,86.375,13.670579527048147,0.125
0.7178125,0.28218750000000004,86.33210996723271,86.375,13.66789003276729,0.125
0.718125,0.281875,86.33490708740074,86.375,13.665092912599263,0.125
0.7184375000000001,0.28156249999999994,86.33781845525586,86.375,13.662181544744143,0.125
0.71875,0.28125,86.3408510034581,86.375,13.659148996541902,0.125
0.7190624999999999,0.28093750000000006,86.3440126197423,86.375,13.655987380257699,0.125
0.719375,0.280625,86.34731135114913,86.375,13.65268864885087,0.125
0.7196875,0.28031249999999996,86.35075677279629,86.375,13.649243227203712,0.125
0.72,0.28,86.35435816389806,86.375,13.645641836101944,0.125
0.7203124999999999,0.2796875000000001,86.35812748304708,86.375,13.641872516952915,0.125
0.7206250000000001,0.27937499999999993,86.36207521450447,86.375,13.637924785495528,0.125
0.7209375,0.2790625,86.36621695358475,86.375,13.633783046415246,0.125
0.72125,0.27875000000000005,86.37056393303206,86.375,13.62943606696794,0.125
0.7215625,0.2784375,86.37513783727705,86.375,13.624862162722948,0.125
0.721875,0.27812499999999996,86.37994904017427,86.375,13.620050959825733,0.125
0.7221875,0.2778125,86.38503048842584,86.375,13.61496951157416,0.125
0.7224999999999999,0.2775000000000001,86.39038709717136,86.375,13.609612902828644,0.125
0.7228125,0.27718750000000003,86.39607475009022,86.375,13.603925249909778,0.125
0.723125,0.276875,86.40208048267043,86.375,13.597919517329572,0.125
0.7234375,0.27656250000000004,86.40851127598862,86.375,13.591488724011384,0.125
0.72375,0.27625,86.41530272609393,86.375,13.584697273906073,0.125
0.7240625,0.27593749999999995,86.4226863876611,86.375,13.577313612338898,0.125
0.724375,0.275625,86.43045159205364,86.375,13.569548407946357,0.125
0.7246874999999999,0.27531250000000007,86.43916985297358,86.375,13.560830147026422,0.125
0.725,0.275,86.44818621900501,86.375,13.55181378099499,0.125
0.7253125,0.2746875,86.45920282437135,86.375,13.540797175628654,0.125
0.725625,0.27437500000000004,86.46992069442764,86.375,13.530079305572357,0.125
0.7259375,0.2740625,86.48979583542314,86.375,13.510204164576862,0.125
0.7262500000000001,0.27374999999999994,86.45564127132091,86.5,13.544358728679086,0.125
0.7265625,0.2734375,86.4584560026187,86.5,13.541543997381297,0.125
0.7268749999999999,0.27312500000000006,86.46138764732981,86.5,13.538612352670185,0.125
0.7271875,0.2728125,86.46444335499145,86.5,13.535556645008555,0.125
0.7275,0.27249999999999996,86.46763141436043,86.5,13.532368585639574,0.125
0.7278125,0.2721875,86.47096008619336,86.5,13.529039913806642,0.125
0.7281249999999999,0.2718750000000001,86.47443953463156,86.5,13.525560465368443,0.125
0.7284375000000001,0.27156249999999993,86.47807918187516,86.5,13.52192081812484,0.125
0.72875,0.27125,86.48189192219098,86.5,13.518108077809018,0.125
0.7290625,0.27093750000000005,86.48588814119051,86.5,13.514111858809486,0.125
0.729375,0.270625,86.49008505553431,86.5,13.509914944465692,0.125
0.7296875,0.27031249999999996,86.49449314228166,86.5,13.505506857718345,0.125
0.73,0.27,86.49913714438495,86.5,13.500862855615054,0.125
0.7303124999999999,0.2696875000000001,86.50402502466709,86.5,13.495974975332913,0.125
0.730625,0.26937500000000003,86.50919594711765,86.5,13.490804052882353,0.125
0.7309375,0.2690625,86.51464834880954,86.5,13.485351651190456,0.125
0.73125,0.26875000000000004,86.52045156958076,86.5,13.479548430419243,0.125
0.7315625,0.2684375,86.52657616129886,86.5,13.473423838701137,0.125
0.731875,0.26812499999999995,86.53315988186864,86.5,13.466840118131358,0.125
0.7321875,0.2678125,86.5400966791255,86.5,13.459903320874503,0.125
0.7324999999999999,0.26750000000000007,86.54769268066728,86.5,13.452307319332718,0.125
0.7328125,0.2671875,86.5556291618117,86.5,13.444370838188306,0.125
0.733125,0.266875,86.56467331972196,86.5,13.435326680278038,0.125
0.7334375,0.26656250000000004,86.5738690052731,86.5,13.426130994726904,0.125
0.73375,0.26625,86.58552191670154,86.5,13.414478083298462,0.125
0.7340625000000001,0.26593749999999994,86.59632256054567,86.5,13.403677439454327,0.125
0.734375,0.265625,86.6238475991383,86.5,13.376152400861699,0.125
0.7346874999999999,0.26531250000000006,86.58114181337575,86.625,13.418858186624249,0.125
0.735,0.265,86.58405670674686,86.625,13.415943293253136,0.125
0.7353125,0.26468749999999996,86.58709628871863,86.625,13.412903711281373,0.125
0.735625,0.264375,86.5902688984038,86.625,13.409731101596194,0.125
0.7359375,0.2640625,86.59358301120379,86.625,13.40641698879621,0.125
0.7362500000000001,0.26374999999999993,86.5970487971426,86.625,13.402951202857395,0.125
0.7365625,0.2634375,86.6006760356117,86.625,13.399323964388302,0.125
0.736875,0.26312500000000005,86.60447749685636,86.625,13.395522503143638,0.125
0.7371875,0.2628125,86.60846421153097,86.625,13.391535788469028,0.125
0.7375,0.26249999999999996,86.61265293834734,86.625,13.387347061652662,0.125
0.7378125,0.2621875,86.61705541228591,86.625,13.382944587714093,0.125
0.7381249999999999,0.2618750000000001,86.62169509960538,86.625,13.378304900394625,0.125
0.7384375,0.26156250000000003,86.62658258191624,86.625,13.373417418083761,0.125
0.73875,0.26125,86.63175376584776,86.625,13.368246234152238,0.125
0.7390625,0.26093750000000004,86.63721283881398,86.625,13.36278716118602,0.125
0.739375,0.260625,86.64302106151919,86.625,13.356978938480808,0.125
0.7396875,0.26031249999999995,86.64916220175543,86.625,13.35083779824457,0.125
0.74,0.26,86.65575392371541,86.625,13.344246076284591,0.125
0.7403124999999999,0.25968750000000007,86.66272196260134,86.625,13.337278037398661,0.125
0.740625,0.259375,86.67032102461229,86.625,13.329678975387708,0.125
0.7409375,0.2590625,86.67831332449174,86.625,13.32168667550826,0.125
0.74125,0.25875000000000004,86.68732550638309,86.625,13.31267449361691,0.125
0.7415625,0.2584375,86.6966274396738,86.625,13.303372560326196,0.125
0.7418750000000001,0.25812499999999994,86.70807328136098,86.625,13.291926718639019,0.125
0.7421875,0.2578125,86.71912822044321,86.625,13.28087177955679,0.125
0.7424999999999999,0.25750000000000006,86.74010248615893,86.625,13.259897513841068,0.125
0.7428125,0.2571875,86.7057908896165,86.75,13.294209110383505,0.125
0.743125,0.25687499999999996,86.70877234692047,86.75,13.291227653079531,0.125
0.7434375,0.2565625,86.71188463846404,86.75,13.288115361535958,0.125
0.74375,0.25625,86.7151364761855,86.75,13.284863523814494,0.125
0.7440625000000001,0.25593749999999993,86.718537357958,86.75,13.281462642042001,0.125
0.744375,0.255625,86.72209770350868,86.75,13.27790229649132,0.125
0.7446875,0.25531250000000005,86.7258289193604,86.75,13.274171080639604,0.125
0.745,0.255,86.72974360516444,86.75,13.270256394835556,0.125
0.7453125,0.25468749999999996,86.73385562139002,86.75,13.26614437860998,0.125
0.745625,0.254375,86.73818040978905,86.75,13.261819590210948,0.125
0.7459374999999999,0.2540625000000001,86.74273506911868,86.75,13.25726493088132,0.125
0.74625,0.25375000000000003,86.74753884772824,86.75,13.252461152271763,0.125
0.7465625,0.2534375,86.75261328724463,86.75,13.247386712755372,0.125
0.746875,0.25312500000000004,86.75798291244735,86.75,13.242017087552654,0.125
0.7471875,0.2528125,86.7636757517517,86.75,13.236324248248295,0.125
0.7475,0.25249999999999995,86.76972396587853,86.75,13.230276034121474,0.125
0.7478125,0.2521875,86.7761660843184,86.75,13.223833915681595,0.125
0.7481249999999999,0.25187500000000007,86.78304591274988,86.75,13.216954087250116,0.125
0.7484375,0.2515625,86.79042210195905,86.75,13.209577898040948,0.125
0.74875,0.25125,86.79835732787527,86.75,13.201642672124734,0.125
0.7490625,0.25093750000000004,86.80696010789265,86.75,13.19303989210735,0.125
0.749375,0.250625,86.81632589658665,86.75,13.183674103413352,0.125
0.7496875000000001,0.25031249999999994,86.82674371291442,86.75,13.173256287085579,0.125
0.75,0.25,86.83837523581039,86.75,13.161624764189611,0.125
0.7503124999999999,0.24968750000000006,86.8528815905046,86.75,13.147118409495405,0.125
0.750625,0.249375,86.82947985041625,86.875,13.170520149583751,0.125
0.7509375,0.24906249999999996,86.83248698002143,86.875,13.167513019978571,0.125
0.75125,0.24875000000000003,86.83562852003206,86.875,13.16437147996794,0.125
0.7515625,0.24843749999999998,86.83891339331123,86.875,13.16108660668877,0.125
0.751875,0.24812500000000004,86.8423517955574,86.875,13.157648204442594,0.125
0.7521875,0.2478125,86.84595424930316,86.875,13.154045750696838,0.125
0.7525,0.24750000000000005,86.84973329771678,86.875,13.150266702283218,0.125
0.7528125,0.2471875,86.85370130644047,86.875,13.14629869355953,0.125
0.753125,0.24687499999999996,86.85787415160281,86.875,13.142125848397185,0.125
0.7534375,0.24656250000000002,86.86226615241227,86.875,13.137733847587725,0.125
0.75375,0.24624999999999997,86.86689828062363,86.875,13.13310171937637,0.125
0.7540625,0.24593750000000003,86.87178645309415,86.875,13.128213546905855,0.125
0.754375,0.24562499999999998,86.87696018443035,86.875,13.123039815569655,0.125
0.7546875,0.24531250000000004,86.88243527781955,86.875,13.117564722180447,0.125
0.755,0.245,86.88825714283551,86.875,13.111742857164487,0.125
0.7553125,0.24468749999999995,86.89443601552364,86.875,13.105563984476362,0.125
0.755625,0.244375,86.90105027804356,86.875,13.098949721956444,0.125
0.7559374999999999,0.24406250000000007,86.90808874346561,86.875,13.091911256534388,0.125
0.75625,0.24375000000000002,86.91570636096151,86.875,13.084293639038492,0.125
0.7565625,0.24343749999999997,86.92382414797893,86.875,13.076175852021066,0.125
0.756875,0.24312500000000004,86.93280020198725,86.875,13.067199798012751,0.125
0.7571875,0.2428125,86.94234031110749,86.875,13.057659688892514,0.125
0.7575000000000001,0.24249999999999994,86.95346885832731,86.875,13.046531141672688,0.125
0.7578125,0.2421875,86.96509228209119,86.875,13.034907717908808,0.125
0.7581249999999999,0.24187500000000006,86.98224840769737,86.875,13.01775159230263,0.125
0.7584375,0.2415625,86.95512310644574,87.0,13.04487689355426,0.125
0.75875,0.24124999999999996,86.95824440833418,87.0,13.041755591665819,0.125
0.7590625,0.24093750000000003,86.9615096797821,87.0,13.038490320217903,0.125
0.759375,0.24062499999999998,86.9649290626525,87.0,13.035070937347498,0.125
0.7596875,0.24031250000000004,86.96851349449099,87.0,13.031486505509008,0.125
0.76,0.24,86.97227528121164,87.0,13.027724718788363,0.125
0.7603125,0.23968750000000005,86.97622757518407,87.0,13.023772424815931,0.125
0.760625,0.239375,86.98038556467432,87.0,13.019614435325678,0.125
0.7609375,0.23906249999999996,86.98476515346503,87.0,13.015234846534966,0.125
0.76125,0.23875000000000002,86.98938554824421,87.0,13.010614451755785,0.125
0.7615625,0.23843749999999997,86.99426602217869,87.0,13.005733977821308,0.125
0.761875,0.23812500000000003,86.99943176424966,87.0,13.000568235750336,0.125
0.7621875,0.23781249999999998,87.00490598881186,87.0,12.995094011188144,0.125
0.7625,0.23750000000000004,87.01072364099592,87.0,12.98927635900408,0.125
0.7628125,0.2371875,87.01691194008023,87.0,12.983088059919766,0.125
0.763125,0.23687499999999995,87.02352376236557,87.0,12.97647623763443,0.125
0.7634375,0.2365625,87.03058837045485,87.0,12.96941162954515,0.125
0.7637499999999999,0.23625000000000007,87.03819687242901,87.0,12.961803127570988,0.125
0.7640625,0.23593750000000002,87.0463714912581,87.0,12.9536285087419,0.125
0.764375,0.23562499999999997,87.05530152793669,87.0,12.944698472063308,0.125
0.7646875,0.23531250000000004,87.06496676402676,87.0,12.935033235973236,0.125
0.765,0.235,87.07588826862087,87.0,12.924111731379128,0.125
0.7653125000000001,0.23468749999999994,87.08784938131852,87.0,12.91215061868148,0.125
0.765625,0.234375,87.10351758652695,87.0,12.896482413473052,0.125
0.7659374999999999,0.23406250000000006,87.07970462644907,87.125,12.920295373550928,0.125
0.76625,0.23375,87.0828947313157,87.125,12.917105268684296,0.125
0.7665625,0.23343749999999996,87.08623535283274,87.125,12.913764647167255,0.125
0.766875,0.23312500000000003,87.0897380576012,87.125,12.910261942398805,0.125
0.7671875,0.23281249999999998,87.09341359978309,87.125,12.90658640021691,0.125
0.7675,0.23250000000000004,87.09727675010043,87.125,12.902723249899566,0.125
0.7678125,0.2321875,87.10133948259477,87.125,12.898660517405233,0.125
0.768125,0.23187500000000005,87.10562160240147,87.125,12.89437839759853,0.125
0.7684375,0.2315625,87.11013537719386,87.125,12.889864622806144,0.125
0.76875,0.23124999999999996,87.11490927376165,87.125,12.885090726238346,0.125
0.7690625,0.23093750000000002,87.11995301896587,87.125,12.880046981034127,0.125
0.769375,0.23062499999999997,87.12531143591897,87.125,12.874688564081026,0.125
0.7696875,0.23031250000000003,87.13098404363677,87.125,12.869015956363228,0.125
0.77,0.22999999999999998,87.13704937038057,87.125,12.862950629619434,0.125
0.7703125,0.22968750000000004,87.14347670054818,87.125,12.856523299451823,0.125
0.770625,0.229375,87.15041982567554,87.125,12.849580174324458,0.125
0.7709375,0.22906249999999995,87.1577650472651,87.125,12.842234952734898,0.125
0.77125,0.22875,87.16584848726588,87.125,12.834151512734124,0.125
0.7715624999999999,0.22843750000000007,87.17432792375665,87.125,12.82567207624335,0.125
0.771875,0.22812500000000002,87.18402992652156,87.125,12.81597007347844,0.125
0.7721875,0.22781249999999997,87.19393747561487,87.125,12.806062524385126,0.125
0.7725,0.22750000000000004,87.2064745309173,87.125,12.793525469082695,0.125
0.7728125,0.2271875,87.21819319930982,87.125,12.781806800690177,0.125
0.7731250000000001,0.22687499999999994,87.24378129951893,87.125,12.756218700481071,0.125
0.7734375,0.2265625,87.20630913711369,87.25,12.793690862886308,0.125
0.7737499999999999,0.22625000000000006,87.2096668649262,87.25,12.790333135073794,0.125
0.7740625,0.2259375,87.21319015894466,87.25,12.786809841055344,0.125
0.774375,0.22562499999999996,87.21689021272724,87.25,12.783109787272764,0.125
0.7746875,0.22531250000000003,87.22078230222593,87.25,12.779217697774072,0.125
0.775,0.22499999999999998,87.2248789756242,87.25,12.775121024375807,0.125
0.7753125,0.22468750000000004,87.22920069368098,87.25,12.77079930631902,0.125
0.775625,0.224375,87.23376049025347,87.25,12.766239509746526,0.125
0.7759375,0.22406250000000005,87.23858768083436,87.25,12.761412319165643,0.125
0.77625,0.22375,87.24369305274438,87.25,12.756306947255624,0.125
0.7765625,0.22343749999999996,87.2491225059617,87.25,12.750877494038306,0.125
0.776875,0.22312500000000002,87.25487712700884,87.25,12.74512287299116,0.125
0.7771875,0.22281249999999997,87.26103671756952,87.25,12.738963282430475,0.125
0.7775,0.22250000000000003,87.26757315980167,87.25,12.732426840198329,0.125
0.7778125,0.22218749999999998,87.27464139844437,87.25,12.725358601555627,0.125
0.778125,0.22187500000000004,87.28213287233709,87.25,12.717867127662913,0.125
0.7784375,0.2215625,87.29038332862322,87.25,12.709616671376779,0.125
0.77875,0.22124999999999995,87.29906333206313,87.25,12.700936667936872,0.125
0.7790625,0.2209375,87.30899192352659,87.25,12.691008076473409,0.125
0.7793749999999999,0.22062500000000007,87.31919389568402,87.25,12.680806104315977,0.125
0.7796875,0.22031250000000002,87.33205671657313,87.25,12.667943283426865,0.125
0.78,0.21999999999999997,87.3443446607175,87.25,12.655655339282504,0.125
0.7803125,0.21968750000000004,87.32842205019466,87.375,12.67157794980534,0.125
0.780625,0.219375,87.33173247460763,87.375,12.668267525392366,0.125
0.7809375000000001,0.21906249999999994,87.33520709838156,87.375,12.66479290161844,0.125
0.78125,0.21875,87.33885740925501,87.375,12.661142590744987,0.125
0.7815624999999999,0.21843750000000006,87.34269816210674,87.375,12.657301837893257,0.125
0.781875,0.218125,87.34674258945887,87.375,12.65325741054113,0.125
0.7821875,0.21781249999999996,87.35101002390564,87.375,12.648989976094356,0.125
0.7825,0.21750000000000003,87.35551505903707,87.375,12.644484940962926,0.125
0.7828125,0.21718749999999998,87.36028450177567,87.375,12.639715498224334,0.125
0.783125,0.21687500000000004,87.36533268981778,87.375,12.634667310182223,0.125
0.7834375,0.2165625,87.37069983280306,87.375,12.629300167196945,0.125
0.78375,0.21625000000000005,87.37639516975034,87.375,12.623604830249661,0.125
0.7840625,0.2159375,87.38248533847705,87.375,12.617514661522947,0.125
0.784375,0.21562499999999996,87.38896124419523,87.375,12.61103875580477,0.125
0.7846875,0.21531250000000002,87.39594662021058,87.375,12.60405337978942,0.125
0.785,0.21499999999999997,87.40337839742962,87.375,12.59662160257038,0.125
0.7853125,0.21468750000000003,87.41151554935146,87.375,12.588484450648536,0.125
0.785625,0.21437499999999998,87.42014172618234,87.375,12.579858273817663,0.125
0.7859375,0.21406250000000004,87.42987433878677,87.375,12.570125661213225,0.125
0.78625,0.21375,87.44003920844288,87.375,12.559960791557117,0.125
0.7865625,0.21343749999999995,87.45240501829818,87.375,12.54759498170182,0.125
0.786875,0.213125,87.4646605150901,87.375,12.535339484909898,0.125
0.7871874999999999,0.21281250000000007,87.48565406653391,87.375,12.514345933466089,0.125
0.7875,0.21250000000000002,87.45579915953263,87.5,12.544200840467369,0.125
0.7878125,0.21218749999999997,87.45932494982435,87.5,12.54067505017565,0.125
0.788125,0.21187500000000004,87.46303256923504,87.5,12.53696743076496,0.125
0.7884375,0.2115625,87.46693818739661,87.5,12.533061812603393,0.125
0.7887500000000001,0.21124999999999994,87.47105500207745,87.5,12.528944997922551,0.125
0.7890625,0.2109375,87.47540477197862,87.5,12.524595228021383,0.125
0.7893749999999999,0.21062500000000006,87.48000121057498,87.5,12.519998789425017,0.125
0.7896875,0.2103125,87.48487561944401,87.5,12.515124380555989,0.125
0.79,0.20999999999999996,87.49003929690613,87.5,12.509960703093867,0.125
0.7903125,0.20968750000000003,87.49554138346511,87.5,12.50445861653489,0.125
0.790625,0.20937499999999998,87.50138277289349,87.5,12.498617227106507,0.125
0.7909375,0.20906250000000004,87.50764895261662,87.5,12.49235104738338,0.125
0.79125,0.20875,87.51430955171813,87.5,12.485690448281872,0.125
0.7915625,0.20843750000000005,87.5215302758783,87.5,12.478469724121695,0.125
0.791875,0.208125,87.5291948690808,87.5,12.470805130919203,0.125
0.7921875,0.20781249999999996,87.53766103363856,87.5,12.462338966361443,0.125
0.7925,0.20750000000000002,87.54657766537485,87.5,12.453422334625145,0.125
0.7928125,0.20718749999999997,87.5568122579921,87.5,12.443187742007893,0.125
0.793125,0.20687500000000003,87.56733135004593,87.5,12.432668649954067,0.125
0.7934375,0.20656249999999998,87.58064198346341,87.5,12.419358016536592,0.125
0.79375,0.20625000000000004,87.59334529332403,87.5,12.406654706675965,0.125
0.7940625,0.2059375,87.57840130610266,87.625,12.421598693897337,0.125
0.794375,0.20562499999999995,87.58190281455583,87.625,12.418097185444168,0.125
0.7946875,0.2053125,87.58558676734977,87.625,12.414413232650233,0.125
0.7949999999999999,0.20500000000000007,87.58946959190891,87.625,12.410530408091091,0.125
0.7953125,0.20468750000000002,87.59356458210468,87.625,12.406435417895324,0.125
0.795625,0.20437499999999997,87.5978939083039,87.625,12.402106091696098,0.125
0.7959375,0.20406250000000004,87.60247131023618,87.625,12.397528689763817,0.125
0.79625,0.20375,87.60732878864799,87.625,12.39267121135201,0.125
0.7965625000000001,0.20343749999999994,87.61247743430047,87.625,12.387522565699527,0.125
0.796875,0.203125,87.61796766389851,87.625,12.382032336101489,0.125
0.7971874999999999,0.20281250000000006,87.62379950747842,87.625,12.376200492521576,0.125
0.7975,0.2025,87.63006096762271,87.625,12.369939032377289,0.125
0.7978125,0.20218749999999996,87.63671905834869,87.625,12.363280941651311,0.125
0.798125,0.20187500000000003,87.64394483526567,87.625,12.356055164734329,0.125
0.7984375,0.20156249999999998,87.65161473021871,87.625,12.34838526978129,0.125
0.79875,0.20125000000000004,87.66009870772598,87.625,12.339901292274021,0.125
0.7990625,0.2009375,87.66902509117828,87.625,12.330974908821716,0.125
0.799375,0.20062500000000005,87.67929168405674,87.625,12.320708315943264,0.125
0.7996875,0.2003125,87.68980188103292,87.625,12.31019811896708,0.125
0.8,0.19999999999999996,87.70314133299931,87.625,12.296858667000691,0.125
0.8003125,0.19968750000000002,87.71564853140833,87.625,12.284351468591666,0.125
0.800625,0.19937499999999997,87.74189542624134,87.625,12.258104573758658,0.125
0.8009375,0.19906250000000003,87.70650051926845,87.75,12.293499480731555,0.125
0.80125,0.19874999999999998,87.71026844498384,87.75,12.28973155501616,0.125
0.8015625,0.19843750000000004,87.71424390492689,87.75,12.285756095073111,0.125
0.801875,0.198125,87.71844375432913,87.75,12.28155624567087,0.125
0.8021875,0.19781249999999995,87.72288803553221,87.75,12.277111964467792,0.125
0.8025,0.1975,87.72759738774486,87.75,12.272402612255135,0.125
0.8028124999999999,0.19718750000000007,87.73259773675913,87.75,12.267402263240868,0.125
0.803125,0.19687500000000002,87.73791440596122,87.75,12.26208559403878,0.125
0.8034375,0.19656249999999997,87.74358217195795,87.75,12.256417828042046,0.125
0.80375,0.19625000000000004,87.74963201030546,87.75,12.250367989694539,0.125
0.8040625,0.1959375,87.75611301129472,87.75,12.243886988705285,0.125
0.8043750000000001,0.19562499999999994,87.76306269920268,87.75,12.236937300797322,0.125
0.8046875,0.1953125,87.77055541915601,87.75,12.229444580843989,0.125
0.8049999999999999,0.19500000000000006,87.7786362693793,87.75,12.221363730620695,0.125
0.8053125,0.1946875,87.78742892936914,87.75,12.212571070630858,0.125
0.805625,0.19437499999999996,87.79699160093276,87.75,12.203008399067244,0.125
0.8059375,0.19406250000000003,87.80755743588736,87.75,12.192442564112639,0.125
0.80625,0.19374999999999998,87.81925232919542,87.75,12.180747670804578,0.125
0.8065625,0.19343750000000004,87.83261351995095,87.75,12.167386480049046,0.125
0.806875,0.193125,87.84866593369212,87.75,12.151334066307882,0.125
0.8071875,0.19281250000000005,87.82944295757004,87.875,12.170557042429962,0.125
0.8075,0.1925,87.833205062384,87.875,12.166794937616004,0.125
0.8078125,0.19218749999999996,87.83717724619918,87.875,12.162822753800825,0.125
0.808125,0.19187500000000002,87.8413765135224,87.875,12.158623486477595,0.125
0.8084375,0.19156249999999997,87.84582378586164,87.875,12.15417621413836,0.125
0.80875,0.19125000000000003,87.85053967071995,87.875,12.149460329280046,0.125
0.8090625,0.19093749999999998,87.85555163569552,87.875,12.14444836430448,0.125
0.809375,0.19062500000000004,87.8608844288913,87.875,12.139115571108704,0.125
0.8096875,0.1903125,87.86657573372625,87.875,12.13342426627375,0.125
0.81,0.18999999999999995,87.87265450027672,87.875,12.127345499723276,0.125
0.8103125,0.1896875,87.87917569798357,87.875,12.12082430201643,0.125
0.8106249999999999,0.18937500000000007,87.88617109719928,87.875,12.11382890280072,0.125
0.8109375,0.18906250000000002,87.89372775495761,87.875,12.10627224504239,0.125
0.81125,0.18874999999999997,87.90187538848856,87.875,12.098124611511437,0.125
0.8115625,0.18843750000000004,87.91076710325136,87.875,12.08923289674864,0.125
0.811875,0.188125,87.920419777236,87.875,12.079580222763994,0.125
0.8121875000000001,0.18781249999999994,87.93114077052765,87.875,12.068859229472352,0.125
0.8125,0.1875,87.94293646684656,87.875,12.057063533153439,0.125
0.8128124999999999,0.18718750000000006,87.95656253462239,87.875,12.043437465377608,0.125
0.813125,0.186875,87.97258077566316,87.875,12.027419224336839,0.125
0.8134375,0.18656249999999996,87.9543542483713,88.0,12.045645751628697,0.125
0.81375,0.18625000000000003,87.958220651449,88.0,12.041779348551003,0.125
0.8140625,0.18593749999999998,87.96230706484701,88.0,12.03769293515299,0.125
0.814375,0.18562500000000004,87.96663664772852,88.0,12.03336335227148,0.125
0.8146875,0.1853125,87.97122517773109,88.0,12.028774822268915,0.125
0.815,0.18500000000000005,87.97610567140973,88.0,12.023894328590274,0.125
0.8153125,0.1846875,87.98129247206482,88.0,12.018707527935177,0.125
0.815625,0.18437499999999996,87.98683661252454,88.0,12.013163387475458,0.125
0.8159375,0.18406250000000002,87.99274372364442,88.0,12.007256276355577,0.125
0.81625,0.18374999999999997,87.99910078235875,88.0,12.000899217641248,0.125
0.8165625,0.18343750000000003,88.00588534183834,88.0,11.994114658161664,0.125
0.816875,0.18312499999999998,88.01326231009435,88.0,11.986737689905652,0.125
0.8171875,0.18281250000000004,88.02112998324391,88.0,11.97887001675609,0.125
0.8175,0.1825,88.0298370570025,88.0,11.970162942997504,0.125
0.8178125,0.18218749999999995,88.03906240900949,88.0,11.960937590990511,0.125
0.818125,0.181875,88.04963589193976,88.0,11.950364108060242,0.125
0.8184374999999999,0.18156250000000007,88.0605952267062,88.0,11.939404773293802,0.125
0.81875,0.18125000000000002,88.07428429673413,88.0,11.925715703265865,0.125
0.8190625,0.18093749999999997,88.08749964243249,88.0,11.91250035756751,0.125
0.819375,0.18062500000000004,88.11200286756527,88.0,11.887997132434734,0.125
0.8196875,0.1803125,88.08134799891137,88.125,11.918652001088631,0.125
0.8200000000000001,0.17999999999999994,88.0854413428678,88.125,11.914558657132204,0.125
0.8203125,0.1796875,88.089782131662,88.125,11.910217868337995,0.125
0.8206249999999999,0.17937500000000006,88.09438622272405,88.125,11.905613777275946,0.125
0.8209375,0.1790625,88.09928828639794,88.125,11.900711713602064,0.125
0.82125,0.17874999999999996,88.10450227541854,88.125,11.89549772458146,0.125
0.8215625,0.17843750000000003,88.11008226071043,88.125,11.889917739289572,0.125
0.821875,0.17812499999999998,88.11603219512361,88.125,11.883967804876391,0.125
0.8221875,0.17781250000000004,88.122445032478,88.125,11.877554967522002,0.125
0.8225,0.1775,88.12929333305948,88.125,11.87070666694052,0.125
0.8228125,0.17718750000000005,88.13675455330525,88.125,11.863245446694748,0.125
0.823125,0.176875,88.14471357353727,88.125,11.855286426462726,0.125
0.8234375,0.17656249999999996,88.15354718411902,88.125,11.84645281588098,0.125
0.82375,0.17625000000000002,88.162899006308,88.125,11.837100993692005,0.125
0.8240625,0.17593749999999997,88.17366675312124,88.125,11.826333246878761,0.125
0.824375,0.17562500000000003,88.18479241779532,88.125,11.815207582204678,0.125
0.8246875,0.17531249999999998,88.19880693924111,88.125,11.80119306075889,0.125
0.825,0.17500000000000004,88.21221012013676,88.125,11.78778987986324,0.125
0.8253125,0.1746875,88.23784096042856,88.125,11.762159039571443,0.125
0.825625,0.17437499999999995,88.20651780903789,88.25,11.79348219096211,0.125
0.8259375,0.1740625,88.21074125337017,88.25,11.789258746629827,0.125
0.8262499999999999,0.17375000000000007,88.21522506739747,88.25,11.78477493260253,0.125
0.8265625,0.17343750000000002,88.2199931304645,88.25,11.780006869535498,0.125
0.826875,0.17312499999999997,88.22507368591964,88.25,11.77492631408036,0.125
0.8271875,0.17281250000000004,88.23049701642647,88.25,11.769502983573531,0.125
0.8275,0.1725,88.23630031642602,88.25,11.763699683573975,0.125
0.8278125000000001,0.17218749999999994,88.24252264783377,88.25,11.757477352166234,0.125
0.828125,0.171875,88.24921459626742,88.25,11.750785403732579,0.125
0.8284374999999999,0.17156250000000006,88.25642798740779,88.25,11.74357201259221,0.125
0.82875,0.17125,88.2642345927227,88.25,11.735765407277299,0.125
0.8290625,0.17093749999999996,88.27270746635465,88.25,11.727292533645354,0.125
0.829375,0.17062500000000003,88.28195421865779,88.25,11.718045781342212,0.125
0.8296875,0.17031249999999998,88.29209492871883,88.25,11.707905071281175,0.125
0.83,0.17000000000000004,88.3033031414732,88.25,11.696696858526806,0.125
0.8303125,0.1696875,88.31586852676743,88.25,11.684131473232569,0.125
0.830625,0.16937500000000005,88.33010869920032,88.25,11.669891300799677,0.125
0.8309375,0.1690625,88.34771674843446,88.25,11.652283251565535,0.125
0.83125,0.16874999999999996,88.32964362222039,88.375,11.670356377779612,0.125
0.8315625,0.16843750000000002,88.33387401593073,88.375,11.666125984069268,0.125
0.831875,0.16812499999999997,88.33836892010652,88.375,11.661631079893482,0.125
0.8321875,0.16781250000000003,88.34315355867155,88.375,11.656846441328454,0.125
0.8325,0.16749999999999998,88.34825618849888,88.375,11.65174381150112,0.125
0.8328125,0.16718750000000004,88.35370948054907,88.375,11.646290519450929,0.125
0.833125,0.166875,88.35954986906074,88.375,11.640450130939257,0.125
0.8334375,0.16656249999999995,88.36582098145401,88.375,11.634179018545993,0.125
0.83375,0.16625,88.37257048922072,88.375,11.62742951077928,0.125
0.8340624999999999,0.16593750000000007,88.37985961338677,88.375,11.62014038661323,0.125
0.834375,0.16562500000000002,88.3877514598944,88.375,11.612248540105597,0.125
0.8346875,0.16531249999999997,88.39633991539833,88.375,11.603660084601671,0.125
0.835,0.16500000000000004,88.40570842257299,88.375,11.594291577427015,0.125
0.8353125,0.1646875,88.41602736196837,88.375,11.583972638031625,0.125
0.8356250000000001,0.16437499999999994,88.42740171117563,88.375,11.572598288824366,0.125
0.8359375,0.1640625,88.44025947532441,88.375,11.55974052467559,0.125
0.8362499999999999,0.16375000000000006,88.45469953884157,88.375,11.545300461158433,0.125
0.8365625,0.1634375,88.47296656093009,88.375,11.52703343906991,0.125
0.836875,0.16312499999999996,88.45477756288018,88.5,11.545222437119818,0.125
0.8371875,0.16281250000000003,88.4591424220449,88.5,11.540857577955094,0.125
0.8375,0.16249999999999998,88.46378332131022,88.5,11.536216678689783,0.125
0.8378125,0.16218750000000004,88.46874025288575,88.5,11.531259747114248,0.125
0.838125,0.161875,88.4740257251085,88.5,11.525974274891496,0.125
0.8384375,0.16156250000000005,88.47970367383925,88.5,11.520296326160747,0.125
0.83875,0.16125,88.48577238087756,88.5,11.514227619122437,0.125
0.8390625,0.16093749999999996,88.49234430050983,88.5,11.507655699490172,0.125
0.839375,0.16062500000000002,88.49937551032855,88.5,11.500624489671452,0.125
0.8396875,0.16031249999999997,88.5070844417039,88.5,11.492915558296104,0.125
0.84,0.16000000000000003,88.51531216020845,88.5,11.484687839791548,0.125
0.8403125,0.15968749999999998,88.52452694529062,88.5,11.475473054709383,0.125
0.840625,0.15937500000000004,88.53425813494681,88.5,11.46574186505319,0.125
0.8409375,0.1590625,88.54562304271077,88.5,11.454376957289227,0.125
0.84125,0.15874999999999995,88.55725582880821,88.5,11.44274417119179,0.125
0.8415625,0.1584375,88.57228662930947,88.5,11.427713370690526,0.125
0.8418749999999999,0.15812500000000007,88.58627131310911,88.5,11.413728686890892,0.125
0.8421875,0.15781250000000002,88.61584887012015,88.5,11.384151129879854,0.125
0.8425,0.15749999999999997,88.58205999457023,88.625,11.41794000542977,0.125
0.8428125,0.15718750000000004,88.58669810982705,88.625,11.413301890172946,0.125
0.843125,0.156875,88.59165643398735,88.625,11.408343566012647,0.125
0.8434375000000001,0.15656249999999994,88.59694828858304,88.625,11.403051711416964,0.125
0.84375,0.15625,88.6026386035476,88.625,11.397361396452396,0.125
0.8440624999999999,0.15593750000000006,88.60872683437438,88.625,11.39127316562562,0.125
0.844375,0.155625,88.61532682280779,88.625,11.384673177192212,0.125
0.8446875,0.15531249999999996,88.62239638979459,88.625,11.377603610205412,0.125
0.845,0.15500000000000003,88.63015583048235,88.625,11.369844169517648,0.125
0.8453125,0.15468749999999998,88.63844895075209,88.625,11.361551049247907,0.125
0.845625,0.15437500000000004,88.64774618489287,88.625,11.352253815107133,0.125
0.8459375,0.1540625,88.6575817533242,88.625,11.342418246675805,0.125
0.84625,0.15375000000000005,88.6690736274444,88.625,11.330926372555595,0.125
0.8465625,0.1534375,88.68086738972063,88.625,11.319132610279368,0.125
0.846875,0.15312499999999996,88.69607956878903,88.625,11.303920431210969,0.125
0.8471875,0.15281250000000002,88.7103106052631,88.625,11.289689394736897,0.125
0.8475,0.15249999999999997,88.73963935782263,88.625,11.260360642177375,0.125
0.8478125,0.15218750000000003,88.70706601695397,88.75,11.292933983046026,0.125
0.848125,0.15187499999999998,88.71184388045613,88.75,11.28815611954387,0.125
0.8484375,0.15156250000000004,88.71695451992788,88.75,11.283045480072118,0.125
0.84875,0.15125,88.72242946565913,88.75,11.277570534340867,0.125
0.8490625,0.15093749999999995,88.72831401209268,88.75,11.271685987907318,0.125
0.849375,0.150625,88.73464691474274,88.75,11.26535308525726,0.125
0.8496874999999999,0.15031250000000007,88.74149351584755,88.75,11.258506484152448,0.125
0.85,0.15000000000000002,88.74890028817458,88.75,11.251099711825418,0.125
0.8503125,0.14968749999999997,88.75696788568081,88.75,11.243032114319192,0.125
0.850625,0.14937500000000004,88.7657495466244,88.75,11.234250453375594,0.125
0.8509375,0.1490625,88.7754139687186,88.75,11.224586031281405,0.125
0.8512500000000001,0.14874999999999994,88.78602067457868,88.75,11.21397932542132,0.125
0.8515625,0.1484375,88.79788505617546,88.75,11.20211494382454,0.125
0.8518749999999999,0.14812500000000006,88.81111331076559,88.75,11.188886689234408,0.125
0.8521875,0.1478125,88.82640789015726,88.75,11.173592109842744,0.125
0.8525,0.14749999999999996,88.84476595721175,88.75,11.155234042788251,0.125
0.8528125,0.14718750000000003,88.82955216693396,88.875,11.170447833066035,0.125
0.853125,0.14687499999999998,88.83429563893478,88.875,11.165704361065224,0.125
0.8534375,0.14656250000000004,88.83937594171212,88.875,11.16062405828788,0.125
0.85375,0.14625,88.84481837278496,88.875,11.155181627215043,0.125
0.8540625,0.14593750000000005,88.8506789392861,88.875,11.149321060713902,0.125
0.854375,0.145625,88.85698177495401,88.875,11.143018225045992,0.125
0.8546875,0.14531249999999996,88.86381638790812,88.875,11.136183612091884,0.125
0.855,0.14500000000000002,88.87119453476424,88.875,11.128805465235757,0.125
0.8553125,0.14468749999999997,88.87927305593314,88.875,11.12072694406686,0.125
0.855625,0.14437500000000003,88.88802078929943,88.875,11.111979210700568,0.125
0.8559375,0.14406249999999998,88.89774236002256,88.875,11.102257639977438,0.125
0.85625,0.14375000000000004,88.90828301424385,88.875,11.09171698575615,0.125
0.8565625,0.1434375,88.9203083456243,88.875,11.079691654375694,0.125
0.856875,0.14312499999999995,88.93332955592321,88.875,11.066670444076792,0.125
0.8571875,0.1428125,88.94907859471472,88.875,11.05092140528528,0.125
0.8574999999999999,0.14250000000000007,88.9663626918511,88.875,11.033637308148897,0.125
0.8578125,0.14218750000000002,88.95406080727794,89.0,11.04593919272206,0.125
0.858125,0.14187499999999997,88.95891418695885,89.0,11.04108581304115,0.125
0.8584375,0.14156250000000004,88.96411252708262,89.0,11.03588747291738,0.125
0.85875,0.14125,88.96970430238778,89.0,11.030295697612218,0.125
0.8590625000000001,0.14093749999999994,88.97571788551281,89.0,11.024282114487193,0.125
0.859375,0.140625,88.98222813885525,89.0,11.017771861144752,0.125
0.8596874999999999,0.14031250000000006,88.98925811860207,89.0,11.010741881397934,0.125
0.86,0.14,88.99693476270419,89.0,11.003065237295814,0.125
0.8603125,0.13968749999999996,89.00525383315714,89.0,10.994746166842859,0.125
0.860625,0.13937500000000003,89.01445649055498,89.0,10.985543509445023,0.125
0.8609375,0.13906249999999998,89.02444646392772,89.0,10.975553536072283,0.125
0.86125,0.13875000000000004,89.03574964884056,89.0,10.964250351159436,0.125
0.8615625,0.1384375,89.04797657272437,89.0,10.952023427275634,0.125
0.861875,0.13812500000000005,89.0625233392921,89.0,10.937476660707901,0.125
0.8621875,0.1378125,89.07795297676378,89.0,10.922047023236217,0.125
0.8625,0.13749999999999996,89.10042047264257,89.0,10.899579527357432,0.125
0.8628125,0.13718750000000002,89.08068113456049,89.125,10.919318865439507,0.125
0.863125,0.13687499999999997,89.08579803571081,89.125,10.914201964289191,0.125
0.8634375,0.13656250000000003,89.0912953491372,89.125,10.908704650862802,0.125
0.86375,0.13624999999999998,89.09722427690542,89.125,10.902775723094578,0.125
0.8640625,0.13593750000000004,89.10362444509776,89.125,10.896375554902235,0.125
0.864375,0.135625,89.110571726658,89.125,10.889428273342006,0.125
0.8646875,0.13531249999999995,89.11811105068472,89.125,10.881888949315282,0.125
0.865,0.135,89.1263630629094,89.125,10.873636937090595,0.125
0.8653124999999999,0.13468750000000007,89.13537188457929,89.125,10.864628115420714,0.125
0.865625,0.13437500000000002,89.1453468912948,89.125,10.854653108705193,0.125
0.8659375,0.13406249999999997,89.15631649740338,89.125,10.843683502596619,0.125
0.86625,0.13375000000000004,89.1686860211212,89.125,10.831313978878796,0.125
0.8665625,0.1334375,89.18246496913856,89.125,10.817535030861436,0.125
0.8668750000000001,0.13312499999999994,89.19858349754571,89.125,10.801416502454288,0.125
0.8671875,0.1328125,89.21769505758898,89.125,10.782304942411017,0.125
0.8674999999999999,0.13250000000000006,89.20452335797188,89.25,10.79547664202812,0.125
0.8678125,0.1321875,89.20970378705763,89.25,10.790296212942366,0.125
0.868125,0.13187499999999996,89.21528514565966,89.25,10.784714854340336,0.125
0.8684375,0.13156250000000003,89.22130299767174,89.25,10.778697002328258,0.125
0.86875,0.13124999999999998,89.22782737326006,89.25,10.772172626739945,0.125
0.8690625,0.13093750000000004,89.23489614455637,89.25,10.765103855443627,0.125
0.869375,0.130625,89.24262261542496,89.25,10.757377384575037,0.125
0.8696875,0.13031250000000005,89.25103479286027,89.25,10.748965207139733,0.125
0.87,0.13,89.26033714858217,89.25,10.739662851417833,0.125
0.8703125,0.12968749999999996,89.27050793367313,89.25,10.72949206632687,0.125
0.870625,0.12937500000000002,89.28197331819842,89.25,10.718026681801575,0.125
0.8709375,0.12906249999999997,89.29453058568424,89.25,10.705469414315758,0.125
0.87125,0.12875000000000003,89.30928161443144,89.25,10.690718385568559,0.125
0.8715625,0.12843749999999998,89.32533712003634,89.25,10.674662879963662,0.125
0.871875,0.12812500000000004,89.3475578380524,89.25,10.652442161947604,0.125
0.8721875,0.1278125,89.33046841583561,89.375,10.669531584164389,0.125
0.8725,0.12749999999999995,89.33587286565592,89.375,10.664127134344085,0.125
0.8728125,0.1271875,89.34172657585218,89.375,10.658273424147822,0.125
0.8731249999999999,0.12687500000000007,89.34803245334622,89.375,10.651967546653779,0.125
0.8734375,0.12656250000000002,89.3549256644008,89.375,10.645074335599205,0.125
0.87375,0.12624999999999997,89.36236467217536,89.375,10.63763532782464,0.125
0.8740625,0.12593750000000004,89.37060843418153,89.375,10.629391565818466,0.125
0.874375,0.125625,89.37949213822124,89.375,10.620507861778762,0.125
0.8746875000000001,0.12531249999999994,89.38955988956253,89.375,10.610440110437466,0.125
0.875,0.125,89.40031314537528,89.375,10.599686854624721,0.125
0.8753124999999999,0.12468750000000006,89.41301643617645,89.375,10.586983563823551,0.125
0.875625,0.12437500000000001,89.42623343853928,89.375,10.573766561460715,0.125
0.8759375,0.12406249999999996,89.44338834160855,89.375,10.556611658391446,0.125
0.87625,0.12375000000000003,89.46004148359776,89.375,10.539958516402237,0.125
0.8765625,0.12343749999999998,89.45333201252083,89.5,10.546667987479168,0.125
0.876875,0.12312500000000004,89.45873015469013,89.5,10.54126984530987,0.125
0.8771875,0.12281249999999999,89.46458514432202,89.5,10.535414855677985,0.125
0.8775,0.12250000000000005,89.47089697545773,89.5,10.529103024542266,0.125
0.8778125,0.1221875,89.4778091018345,89.5,10.522190898165505,0.125
0.878125,0.12187499999999996,89.48527227387503,89.5,10.514727726124974,0.125
0.8784375,0.12156250000000002,89.4935632116874,89.5,10.506436788312598,0.125
0.87875,0.12124999999999997,89.50249734344669,89.5,10.497502656553308,0.125
0.8790625,0.12093750000000003,89.51265872424801,89.5,10.487341275751987,0.125
0.879375,0.12062499999999998,89.52349797981228,89.5,10.476502020187723,0.125
0.8796875,0.12031250000000004,89.53637504935924,89.5,10.463624950640764,0.125
0.88,0.12,89.54971673630286,89.5,10.450283263697145,0.125
0.8803125,0.11968749999999995,89.56720052827058,89.5,10.432799471729425,0.125
0.880625,0.11937500000000001,89.58395365377969,89.5,10.416046346220313,0.125
0.8809375,0.11906249999999996,89.57823676246144,89.625,10.421763237538556,0.125
0.88125,0.11875000000000002,89.58380262904853,89.625,10.416197370951465,0.125
0.8815625,0.11843749999999997,89.58982655653662,89.625,10.410173443463378,0.125
0.881875,0.11812500000000004,89.59637580964629,89.625,10.40362419035371,0.125
0.8821875,0.11781249999999999,89.6035049527478,89.625,10.396495047252202,0.125
0.8825,0.11750000000000005,89.6113174252523,89.625,10.388682574747705,0.125
0.8828125,0.1171875,89.6198756380512,89.625,10.380124361948802,0.125
0.8831249999999999,0.11687500000000006,89.62935500151306,89.625,10.370644998486938,0.125
0.8834375,0.11656250000000001,89.6398090713588,89.625,10.360190928641202,0.125
0.88375,0.11624999999999996,89.65158207397991,89.625,10.34841792602009,0.125
0.8840625,0.11593750000000003,89.66464964167056,89.625,10.335350358329435,0.125
0.884375,0.11562499999999998,89.67987093567847,89.625,10.320129064321534,0.125
0.8846875,0.11531250000000004,89.69684686969599,89.625,10.303153130304011,0.125
0.885,0.11499999999999999,89.71943733497739,89.625,10.280562665022615,0.125
0.8853125,0.11468750000000005,89.70531849240335,89.75,10.29468150759665,0.125
0.885625,0.114375,89.71123841551292,89.75,10.288761584487077,0.125
0.8859375,0.11406249999999996,89.71765104860575,89.75,10.282348951394255,0.125
0.88625,0.11375000000000002,89.72467528582526,89.75,10.275324714174744,0.125
0.8865625,0.11343749999999997,89.73231439040184,89.75,10.26768560959816,0.125
0.886875,0.11312500000000003,89.74078266833018,89.75,10.259217331669817,0.125
0.8871875,0.11281249999999998,89.75001638543571,89.75,10.249983614564286,0.125
0.8875,0.11250000000000004,89.76043947453553,89.75,10.23956052546447,0.125
0.8878125,0.1121875,89.77179791132306,89.75,10.228202088676937,0.125
0.888125,0.11187499999999995,89.7850223033844,89.75,10.214977696615605,0.125
0.8884375,0.11156250000000001,89.79933594620785,89.75,10.200664053792153,0.125
0.88875,0.11124999999999996,89.81712395537522,89.75,10.182876044624777,0.125
0.8890625,0.11093750000000002,89.8362892308499,89.75,10.1637107691501,0.125
0.889375,0.11062499999999997,89.82895619207405,89.875,10.171043807925955,0.125
0.8896875,0.11031250000000004,89.8349344754739,89.875,10.1650655245261,0.125
0.89,0.10999999999999999,89.84143578904902,89.875,10.158564210950985,0.125
0.8903125,0.10968750000000005,89.8485474419023,89.875,10.151452558097702,0.125
0.890625,0.109375,89.85633088559838,89.875,10.143669114401618,0.125
0.8909374999999999,0.10906250000000006,89.86492355988919,89.875,10.135076440110808,0.125
0.89125,0.10875000000000001,89.87439701623053,89.875,10.125602983769468,0.125
0.8915625,0.10843749999999996,89.88498404636117,89.875,10.115015953638832,0.125
0.891875,0.10812500000000003,89.89676227852003,89.875,10.103237721479971,0.125
0.8921875,0.10781249999999998,89.91016302192592,89.875,10.089836978074075,0.125
0.8925,0.10750000000000004,89.92530134570657,89.875,10.074698654293428,0.125
0.8928125,0.10718749999999999,89.94309516186186,89.875,10.056904838138138,0.125
0.893125,0.10687500000000005,89.96459908130709,89.875,10.035400918692915,0.125
0.8934375,0.1065625,89.95473280337097,90.0,10.045267196629027,0.125
0.89375,0.10624999999999996,89.96094386580486,90.0,10.039056134195135,0.125
0.8940625,0.10593750000000002,89.96777718715093,90.0,10.03222281284907,0.125
0.894375,0.10562499999999997,89.97518672273473,90.0,10.024813277265267,0.125
0.8946875,0.10531250000000003,89.9834622995355,90.0,10.016537700464497,0.125
0.895,0.10499999999999998,89.99242077546657,90.0,10.00757922453343,0.125
0.8953125,0.10468750000000004,90.00267237169147,90.0,9.997327628308526,0.125
0.895625,0.104375,90.01365821528461,90.0,9.986341784715393,0.125
0.8959375,0.10406249999999995,90.0267942140823,90.0,9.973205785917699,0.125
0.89625,0.10375000000000001,90.04044929654079,90.0,9.959550703459215,0.125
0.8965625,0.10343749999999996,90.05841405423652,90.0,9.941585945763478,0.125
0.896875,0.10312500000000002,90.0754924934009,90.0,9.924507506599099,0.125
0.8971875,0.10281249999999997,90.10866870990428,90.0,9.89133129009572,0.125
0.8975,0.10250000000000004,90.08283405490067,90.125,9.917165945099327,0.125
0.8978125,0.10218749999999999,90.08957198186282,90.125,9.910428018137182,0.125
0.898125,0.10187500000000005,90.09690972762817,90.125,9.903090272371827,0.125
0.8984375,0.1015625,90.1050721402253,90.125,9.894927859774697,0.125
0.8987499999999999,0.10125000000000006,90.11397679496545,90.125,9.886023205034547,0.125
0.8990625,0.10093750000000001,90.124078537435,90.125,9.875921462565003,0.125
0.899375,0.10062499999999996,90.13506224813645,90.125,9.86493775186355,0.125
0.8996875,0.10031250000000003,90.14795368441392,90.125,9.85204631558608,0.125
0.9,0.09999999999999998,90.16174751626909,90.125,9.838252483730912,0.125
0.9003125,0.09968750000000004,90.17914428901312,90.125,9.820855710986876,0.125
0.900625,0.09937499999999999,90.19679835085202,90.125,9.80320164914798,0.125
0.9009375,0.09906250000000005,90.22600345650663,90.125,9.773996543493368,0.125
0.90125,0.09875,90.20694457325895,90.25,9.793055426741049,0.125
0.9015625,0.09843749999999996,90.21382424883748,90.25,9.786175751162517,0.125
0.901875,0.09812500000000002,90.2212931300661,90.25,9.778706869933899,0.125
0.9021875,0.09781249999999997,90.22968304344585,90.25,9.770316956554154,0.125
0.9025,0.09750000000000003,90.23876665544122,90.25,9.761233344558775,0.125
0.9028125,0.09718749999999998,90.24924866421702,90.25,9.75075133578298,0.125
0.903125,0.09687500000000004,90.2604568102023,90.25,9.7395431897977,0.125
0.9034375,0.0965625,90.27403154776123,90.25,9.725968452238774,0.125
0.90375,0.09624999999999995,90.28804105254044,90.25,9.711958947459564,0.125
0.9040625,0.09593750000000001,90.30686400181642,90.25,9.693135998183578,0.125
0.904375,0.09562499999999996,90.32441487587272,90.25,9.67558512412728,0.125
0.9046875,0.09531250000000002,90.3605826564751,90.25,9.639417343524897,0.125
0.905,0.09499999999999997,90.33336906024705,90.375,9.666630939752949,0.125
0.9053125,0.09468750000000004,90.34057111401573,90.375,9.65942888598427,0.125
0.905625,0.09437499999999999,90.34851988031198,90.375,9.651480119688017,0.125
0.9059375,0.09406250000000005,90.35732743207265,90.375,9.642672567927349,0.125
0.90625,0.09375,90.36715057200142,90.375,9.632849427998579,0.125
0.9065624999999999,0.09343750000000006,90.37814577147525,90.375,9.621854228524754,0.125
0.906875,0.09312500000000001,90.3905910189407,90.375,9.609408981059303,0.125
0.9071875,0.09281249999999996,90.40469036138084,90.375,9.595309638619156,0.125
0.9075,0.09250000000000003,90.42108612853532,90.375,9.578913871464678,0.125
0.9078125,0.09218749999999998,90.43995283147515,90.375,9.560047168524846,0.125
0.908125,0.09187500000000004,90.46427261252191,90.375,9.53572738747809,0.125
0.9084375,0.09156249999999999,90.45526200298822,90.5,9.54473799701178,0.125
0.90875,0.09125000000000005,90.46239118122303,90.5,9.537608818776974,0.125
0.9090625,0.0909375,90.47022400665567,90.5,9.52977599334433,0.125
0.909375,0.09062499999999996,90.47897805546359,90.5,9.521021944536415,0.125
0.9096875,0.09031250000000002,90.48864821522018,90.5,9.51135178477982,0.125
0.91,0.08999999999999997,90.49964723803738,90.5,9.500352761962617,0.125
0.9103125,0.08968750000000003,90.5118479074665,90.5,9.488152092533497,0.125
0.910625,0.08937499999999998,90.52611095854127,90.5,9.473889041458733,0.125
0.9109375,0.08906250000000004,90.5419773688332,90.5,9.458022631166799,0.125
0.91125,0.08875,90.56150893446878,90.5,9.438491065531224,0.125
0.9115625,0.08843749999999995,90.58377827116922,90.5,9.416221728830777,0.125
0.911875,0.08812500000000001,90.57936192766805,90.625,9.420638072331954,0.125
0.9121875,0.08781249999999996,90.58660126941032,90.625,9.413398730589677,0.125
0.9125,0.08750000000000002,90.59463766051074,90.625,9.405362339489258,0.125
0.9128125,0.08718749999999997,90.60354483637089,90.625,9.396455163629113,0.125
0.913125,0.08687500000000004,90.61356444090626,90.625,9.38643555909374,0.125
0.9134375,0.08656249999999999,90.62475588377733,90.625,9.375244116222675,0.125
0.91375,0.08625000000000005,90.63759530494448,90.625,9.362404695055517,0.125
0.9140625,0.0859375,90.65203209338108,90.625,9.34796790661892,0.125
0.9143749999999999,0.08562500000000006,90.66921459351758,90.625,9.33078540648242,0.125
0.9146875,0.08531250000000001,90.68857284130924,90.625,9.311427158690762,0.125
0.915,0.08499999999999996,90.71484201300332,90.625,9.28515798699668,0.125
0.9153125,0.08468750000000003,90.70573899453419,90.75,9.294261005465813,0.125
0.915625,0.08437499999999998,90.71329631625419,90.75,9.286703683745813,0.125
0.9159375,0.08406250000000004,90.72189025976768,90.75,9.278109740232324,0.125
0.91625,0.08374999999999999,90.7311966931466,90.75,9.2688033068534,0.125
0.9165625,0.08343750000000005,90.74213003201793,90.75,9.257869967982074,0.125
0.916875,0.083125,90.7537662645785,90.75,9.246233735421498,0.125
0.9171875,0.08281249999999996,90.76825256645887,90.75,9.23174743354113,0.125
0.9175,0.08250000000000002,90.78297900650912,90.75,9.217020993490877,0.125
0.9178125,0.08218749999999997,90.80367101607575,90.75,9.196328983924246,0.125
0.918125,0.08187500000000003,90.82220834378923,90.75,9.177791656210772,0.125
0.9184375,0.08156249999999998,90.86660270261056,90.75,9.133397297389436,0.125
0.91875,0.08125000000000004,90.83458546846465,90.875,9.165414531535347,0.125
0.9190625,0.0809375,90.84298418245095,90.875,9.157015817549052,0.125
0.919375,0.08062499999999995,90.85217679610157,90.875,9.147823203898426,0.125
0.9196875,0.08031250000000001,90.86283733420474,90.875,9.137162665795259,0.125
0.92,0.07999999999999996,90.87441242296919,90.875,9.125587577030814,0.125
0.9203125,0.07968750000000002,90.88845090997185,90.875,9.111549090028149,0.125
0.920625,0.07937499999999997,90.90329128771417,90.875,9.096708712285832,0.125
0.9209375,0.07906250000000004,90.92300450637725,90.875,9.076995493622746,0.125
0.92125,0.07874999999999999,90.94224754659923,90.875,9.057752453400767,0.125
0.9215625,0.07843750000000005,90.97783993613194,90.875,9.022160063868057,0.125
0.921875,0.078125,90.95822824831473,91.0,9.041771751685275,0.125
0.9221874999999999,0.07781250000000006,90.96676988439536,91.0,9.033230115604638,0.125
0.9225,0.07750000000000001,90.97607188692487,91.0,9.02392811307513,0.125
0.9228125,0.07718749999999996,90.98700054336625,91.0,9.01299945663375,0.125
0.923125,0.07687500000000003,90.99873502521537,91.0,9.001264974784632,0.125
0.9234375,0.07656249999999998,91.01329366922774,91.0,8.986706330772265,0.125
0.92375,0.07625000000000004,91.02832440642172,91.0,8.971675593578283,0.125
0.9240625,0.07593749999999999,91.04915752845383,91.0,8.950842471546167,0.125
0.924375,0.07562500000000005,91.06843979653691,91.0,8.931560203463093,0.125
0.9246875,0.0753125,91.10943230845643,91.0,8.890567691543566,0.125
0.925,0.07499999999999996,91.0843137659184,91.125,8.915686234081605,0.125
0.9253125,0.07468750000000002,91.09320345871558,91.125,8.906796541284422,0.125
0.925625,0.07437499999999997,91.1031060753747,91.125,8.896893924625303,0.125
0.9259375,0.07406250000000003,91.11450165394628,91.125,8.885498346053723,0.125
0.92625,0.07374999999999998,91.12726831099133,91.125,8.872731689008674,0.125
0.9265625,0.07343750000000004,91.14239060487391,91.125,8.85760939512609,0.125
0.926875,0.073125,91.1594247526016,91.125,8.840575247398405,0.125
0.9271875,0.07281249999999995,91.18062959026992,91.125,8.819370409730084,0.125
0.9275,0.07250000000000001,91.20526929040696,91.125,8.79473070959304,0.125
0.9278125,0.07218749999999996,91.20449372450216,91.25,8.795506275497843,0.125
0.928125,0.07187500000000002,91.21318104428455,91.25,8.786818955715447,0.125
0.9284375,0.07156249999999997,91.22259699420374,91.25,8.777403005796259,0.125
0.92875,0.07125000000000004,91.23385007197747,91.25,8.766149928022529,0.125
0.9290625,0.07093749999999999,91.24579828518071,91.25,8.754201714819288,0.125
0.929375,0.07062500000000005,91.26103991763004,91.25,8.738960082369957,0.125
0.9296875,0.0703125,91.27640595967725,91.25,8.723594040322752,0.125
0.9299999999999999,0.07000000000000006,91.29874012206429,91.25,8.701259877935712,0.125
0.9303125,0.06968750000000001,91.31836643563317,91.25,8.681633564366834,0.125
0.930625,0.06937499999999996,91.368895767474,91.25,8.631104232525999,0.125
0.9309375,0.06906250000000003,91.33565846504574,91.375,8.66434153495426,0.125
0.93125,0.06874999999999998,91.34506959378973,91.375,8.65493040621027,0.125
0.9315625,0.06843750000000004,91.356323849495,91.375,8.643676150505001,0.125
0.931875,0.06812499999999999,91.36832183794397,91.375,8.631678162056033,0.125
0.9321875,0.06781250000000005,91.38362088734773,91.375,8.616379112652268,0.125
0.9325,0.0675,91.39914559394506,91.375,8.600854406054935,0.125
0.9328125,0.06718749999999996,91.42162849804417,91.375,8.578371501955829,0.125
0.933125,0.06687500000000002,91.44163185148855,91.375,8.558368148511448,0.125
0.9334375,0.06656249999999997,91.49018151635804,91.375,8.509818483641965,0.125
0.93375,0.06625000000000003,91.46059240151821,91.5,8.539407598481787,0.125
0.9340625,0.06593749999999998,91.47042543370752,91.5,8.529574566292482,0.125
0.934375,0.06562500000000004,91.48193777761402,91.5,8.518062222385979,0.125
0.9346875,0.0653125,91.49471468907359,91.5,8.50528531092641,0.125
0.935,0.06499999999999995,91.51030245395023,91.5,8.489697546049769,0.125
0.9353125,0.06468750000000001,91.52741865935563,91.5,8.472581340644368,0.125
0.935625,0.06437499999999996,91.54993589908958,91.5,8.450064100910424,0.125
0.9359375,0.06406250000000002,91.57417755736445,91.5,8.42582244263555,0.125
0.93625,0.06374999999999997,91.57889286491573,91.625,8.42110713508427,0.125
0.9365625,0.06343750000000004,91.58812958887242,91.625,8.41187041112758,0.125
0.936875,0.06312499999999999,91.59898562776075,91.625,8.401014372239246,0.125
0.9371875,0.06281250000000005,91.610917483703,91.625,8.389082516296995,0.125
0.9375,0.0625,91.62561100760232,91.625,8.374388992397684,0.125
0.9378125,0.06218749999999995,91.64139475653735,91.625,8.358605243462648,0.125
0.938125,0.06187500000000001,91.6626375902945,91.625,8.337362409705506,0.125
0.9384375,0.061562499999999964,91.68390661859017,91.625,8.316093381409829,0.125
0.93875,0.06125000000000003,91.72217154068171,91.625,8.277828459318286,0.125
0.9390625,0.06093749999999998,91.7086560601056,91.75,8.291343939894404,0.125
0.939375,0.06062500000000004,91.71908578554024,91.75,8.280914214459756,0.125
0.9396875,0.06031249999999999,91.73090233839129,91.75,8.269097661608711,0.125
0.94,0.06000000000000005,91.74487829424852,91.75,8.255121705751478,0.125
0.9403125,0.059687500000000004,91.760787001206,91.75,8.239212998794002,0.125
0.940625,0.059374999999999956,91.78053711260316,91.75,8.219462887396844,0.125
0.9409375,0.05906250000000002,91.80282908691893,91.75,8.197170913081067,0.125
0.94125,0.05874999999999997,91.83501482288783,91.75,8.164985177112172,0.125
0.9415625,0.05843750000000003,91.83161352014795,91.875,8.168386479852046,0.125
0.941875,0.05812499999999998,91.84212327381127,91.875,8.157876726188732,0.125
0.9421875,0.057812500000000044,91.85401767819425,91.875,8.145982321805747,0.125
0.9425,0.057499999999999996,91.86820615842645,91.875,8.131793841573554,0.125
0.9428125,0.05718749999999995,91.88428335275643,91.875,8.115716647243573,0.125
0.943125,0.05687500000000001,91.90455227864305,91.875,8.095447721356948,0.125
0.9434375,0.05656249999999996,91.92711694355869,91.875,8.072883056441313,0.125
0.94375,0.05625000000000002,91.960870200335,91.875,8.039129799665005,0.125
0.9440625,0.05593749999999997,91.9569668208393,92.0,8.043033179160702,0.125
0.944375,0.055625000000000036,91.96811599767689,92.0,8.03188400232311,0.125
0.9446875,0.05531249999999999,91.98026027496276,92.0,8.01973972503724,0.125
0.945,0.05500000000000005,91.99570957503039,92.0,8.00429042496961,0.125
0.9453125,0.0546875,92.01195109339112,92.0,7.988048906608881,0.125
0.945625,0.05437499999999995,92.03502465614011,92.0,7.964975343859891,0.125
0.9459375,0.05406250000000001,92.05700340304779,92.0,7.942996596952213,0.125
0.94625,0.053749999999999964,92.10176269687737,92.0,7.898237303122627,0.125
0.9465625,0.05343750000000003,92.0851776942617,92.125,7.914822305738298,0.125
0.946875,0.05312499999999998,92.09701331574193,92.125,7.902986684258067,0.125
0.9471875,0.05281250000000004,92.1106281231122,92.125,7.889371876887793,0.125
0.9475,0.05249999999999999,92.12699708784302,92.125,7.873002912156977,0.125
0.9478125,0.05218750000000005,92.14617235441109,92.125,7.853827645588908,0.125
0.948125,0.051875000000000004,92.1701411552452,92.125,7.829858844754796,0.125
0.9484375,0.051562499999999956,92.19998008837936,92.125,7.8000199116206375,0.125
0.94875,0.05125000000000002,92.20513657778136,92.25,7.79486342221864,0.125
0.9490625,0.05093749999999997,92.21685113818582,92.25,7.783148861814183,0.125
0.949375,0.05062500000000003,92.22960279155458,92.25,7.7703972084454165,0.125
0.9496875,0.05031249999999998,92.24614798340953,92.25,7.753852016590471,0.125
0.95,0.050000000000000044,92.26354092380265,92.25,7.736459076197349,0.125
0.9503125,0.049687499999999996,92.28882455796021,92.25,7.711175442039789,0.125
0.950625,0.04937499999999995,92.31332230696586,92.25,7.686677693034142,0.125
0.9509375,0.04906250000000001,92.32766661436088,92.375,7.672333385639121,0.125
0.95125,0.04874999999999996,92.33938634887113,92.375,7.66061365112887,0.125
0.9515625,0.04843750000000002,92.3521837924449,92.375,7.6478162075550955,0.125
0.951875,0.04812499999999997,92.36883760650522,92.375,7.631162393494776,0.125
0.9521875,0.047812500000000036,92.38640449082585,92.375,7.6135955091741465,0.125
0.9525,0.04749999999999999,92.41205457943215,92.375,7.5879454205678485,0.125
0.9528125,0.04718750000000005,92.43696212519347,92.375,7.5630378748065255,0.125
0.953125,0.046875,92.4527159249723,92.5,7.547284075027704,0.125
0.9534375,0.04656249999999995,92.46456375154878,92.5,7.535436248451219,0.125
0.95375,0.04625000000000001,92.47836728826242,92.5,7.521632711737581,0.125
0.9540625,0.045937499999999964,92.49505019617553,92.5,7.5049498038244735,0.125
0.954375,0.04562500000000003,92.51489041864953,92.5,7.485109581350471,0.125
0.9546875,0.04531249999999998,92.53989832750513,92.5,7.460101672494872,0.125
0.955,0.04500000000000004,92.57137186298101,92.5,7.42862813701899,0.125
0.9553125,0.04468749999999999,92.5804734837663,92.625,7.419526516233702,0.125
0.955625,0.04437500000000005,92.59269059469382,92.625,7.407309405306179,0.125
0.9559375,0.044062500000000004,92.60854386947314,92.625,7.391456130526862,0.125
0.95625,0.043749999999999956,92.62539971052286,92.625,7.374600289477144,0.125
0.9565625,0.04343750000000002,92.64989881379121,92.625,7.350101186208789,0.125
0.956875,0.04312499999999997,92.6736509797807,92.625,7.326349020219297,0.125
0.9571875,0.04281250000000003,92.7218323699732,92.625,7.2781676300268,0.125
0.9575,0.04249999999999998,92.71092077399307,92.75,7.289079226006933,0.125
0.9578125,0.042187500000000044,92.72529569639087,92.75,7.274704303609127,0.125
0.958125,0.041874999999999996,92.74222407349984,92.75,7.257775926500159,0.125
0.9584375,0.04156249999999995,92.76356620026364,92.75,7.236433799736361,0.125
0.95875,0.04125000000000001,92.78891446609764,92.75,7.211085533902363,0.125
0.9590625,0.04093749999999996,92.82508941232794,92.75,7.174910587672059,0.125
0.959375,0.04062500000000002,92.83187774373475,92.875,7.168122256265249,0.125
0.9596875,0.04031249999999997,92.84571354323009,92.875,7.15428645676991,0.125
0.96,0.040000000000000036,92.86278043277618,92.875,7.1372195672238234,0.125
0.9603125,0.03968749999999999,92.88306419093256,92.875,7.116935809067442,0.125
0.960625,0.03937500000000005,92.9093523387854,92.875,7.090647661214604,0.125
0.9609375,0.0390625,92.94226709420734,92.875,7.057732905792662,0.125
0.96125,0.03874999999999995,92.95531990214555,93.0,7.044680097854453,0.125
0.9615625,0.03843750000000001,92.96953353308304,93.0,7.0304664669169625,0.125
0.961875,0.038124999999999964,92.98673905883776,93.0,7.013260941162244,0.125
0.9621875,0.03781250000000003,93.00802571545742,93.0,6.991974284542579,0.125
0.9625,0.03749999999999998,93.03442339066216,93.0,6.965576609337845,0.125
0.9628125,0.03718750000000004,93.07061645863084,93.0,6.9293835413691625,0.125
0.963125,0.03687499999999999,93.08127226422467,93.125,6.9187277357753345,0.125
0.9634375,0.03656250000000005,93.09693958509045,93.125,6.903060414909547,0.125
0.96375,0.036250000000000004,93.11422754874876,93.125,6.885772451251242,0.125
0.9640625,0.035937499999999956,93.13898360467462,93.125,6.861016395325379,0.125
0.964375,0.03562500000000002,93.16453783991439,93.125,6.835462160085612,0.125
0.9646875,0.03531249999999997,93.21279902746024,93.125,6.787200972539765,0.125
0.965,0.03500000000000003,93.21042602568885,93.25,6.789573974311153,0.125
0.9653125,0.03468749999999998,93.22793582237635,93.25,6.772064177623648,0.125
0.965625,0.034375000000000044,93.24698515996832,93.25,6.753014840031682,0.125
0.9659375,0.034062499999999996,93.27538203689525,93.25,6.724617963104748,0.125
0.96625,0.03374999999999995,93.30516513568342,93.25,6.694834864316576,0.125
0.9665625,0.03343750000000001,93.32792350889406,93.375,6.6720764911059405,0.125
0.966875,0.03312499999999996,93.344742092928,93.375,6.655257907071999,0.125
0.9671875,0.03281250000000002,93.36193151735655,93.375,6.6380684826434475,0.125
0.9675,0.03249999999999997,93.38970113731142,93.375,6.61029886268858,0.125
0.9678125,0.032187500000000036,93.41484451374633,93.375,6.585155486253669,0.125
0.968125,0.03187499999999999,93.475134975275,93.375,6.524865024725003,0.125
0.9684375,0.03156250000000005,93.46454779142242,93.5,6.535452208577581,0.125
0.96875,0.03125,93.48174442314868,93.5,6.518255576851317,0.125
0.9690625,0.03093749999999995,93.50811013933198,93.5,6.491889860668024,0.125
0.969375,0.030625000000000013,93.53407337474074,93.5,6.465926625259257,0.125
0.9696875,0.030312499999999964,93.58762926734072,93.5,6.412370732659284,0.125
0.97,0.030000000000000027,93.58775011806438,93.625,6.412249881935622,0.125
0.9703125,0.029687499999999978,93.60490439905354,93.625,6.395095600946462,0.125
0.970625,0.02937500000000004,93.63235553416264,93.625,6.367644465837358,0.125
0.9709375,0.02906249999999999,93.65827230016843,93.625,6.341727699831566,0.125
0.97125,0.028750000000000053,93.71606924849951,93.625,6.283930751500492,0.125
0.9715625,0.028437500000000004,93.71424512467986,93.75,6.285754875320137,0.125
0.971875,0.028124999999999956,93.73172423176513,93.75,6.268275768234872,0.125
0.9721875,0.027812500000000018,93.7624471782625,93.75,6.237552821737495,0.125
0.9725,0.02749999999999997,93.78826593368059,93.75,6.2117340663194085,0.125
0.9728125,0.02718750000000003,93.87029335586278,93.75,6.129706644137215,0.125
0.973125,0.026874999999999982,93.84278881893397,93.875,6.157211181066032,0.125
0.9734375,0.026562500000000044,93.86565813571164,93.875,6.134341864288359,0.125
0.97375,0.026249999999999996,93.89411760789785,93.875,6.105882392102146,0.125
0.9740625,0.025937499999999947,93.93607077048154,93.875,6.063929229518465,0.125
0.974375,0.02562500000000001,93.95807904185548,94.0,6.041920958144516,0.125
0.9746875,0.02531249999999996,93.97570788231431,94.0,6.02429211768569,0.125
0.975,0.025000000000000022,94.00664869284785,94.0,5.993351307152153,0.125
0.9753125,0.024687499999999973,94.03343885477867,94.0,5.966561145221334,0.125
0.975625,0.024375000000000036,94.11317804571632,94.0,5.8868219542836755,0.125
0.9759375,0.024062499999999987,94.09277467451865,94.125,5.907225325481349,0.125
0.97625,0.02375000000000005,94.12002801229974,94.125,5.879971987700259,0.125
0.9765625,0.0234375,94.14815330144442,94.125,5.851846698555576,0.125
0.976875,0.02312499999999995,94.20708632288434,94.125,5.7929136771156635,0.125
0.9771875,0.022812500000000013,94.21307474761633,94.25,5.786925252383668,0.125
0.9775,0.022499999999999964,94.23902235899149,94.25,5.760977641008509,0.125
0.9778125,0.022187500000000027,94.26801268264096,94.25,5.731987317359042,0.125
0.978125,0.021874999999999978,94.32257969664009,94.25,5.677420303359909,0.125
0.9784375,0.02156250000000004,94.33629950522806,94.375,5.663700494771945,0.125
0.97875,0.02124999999999999,94.36318029306379,94.375,5.636819706936208,0.125
0.9790625,0.020937500000000053,94.39247665151842,94.375,5.607523348481578,0.125
0.979375,0.020625000000000004,94.45164119482759,94.375,5.548358805172413,0.125
0.9796875,0.020312499999999956,94.46218985294892,94.5,5.537810147051076,0.125
0.98,0.020000000000000018,94.49332086090729,94.5,5.506679139092711,0.125
0.9803125,0.01968749999999997,94.52131898455956,94.5,5.4786810154404435,0.125
0.980625,0.01937500000000003,94.59955819849489,94.5,5.40044180150511,0.125
0.9809375,0.019062499999999982,94.59361708612778,94.625,5.406382913872221,0.125
0.98125,0.018750000000000044,94.62609693762492,94.625,5.373903062375078,0.125
0.9815625,0.018437499999999996,94.66483919676413,94.625,5.3351608032358655,0.125
0.981875,0.018124999999999947,94.70349810742532,94.75,5.296501892574682,0.125
0.9821875,0.01781250000000001,94.73344601793217,94.75,5.266553982067833,0.125
0.9825,0.01749999999999996,94.76190166099953,94.75,5.238098339000473,0.125
0.9828125,0.017187500000000022,94.83419345791583,94.75,5.1658065420841695,0.125
0.983125,0.016874999999999973,94.84308434768283,94.875,5.156915652317167,0.125
0.9834375,0.016562500000000036,94.87464768020928,94.875,5.125352319790721,0.125
0.98375,0.016249999999999987,94.92475260786775,94.875,5.075247392132255,0.125
0.9840625,0.01593750000000005,94.9582192870613,95.0,5.041780712938703,0.125
0.984375,0.015625,94.99174154188758,95.0,5.008258458112422,0.125
0.9846875,0.015312499999999951,95.03104220602064,95.0,4.9689577939793566,0.125
0.985,0.015000000000000013,95.07800199751583,95.125,4.921998002484173,0.125
0.9853125,0.014687499999999964,95.11198644681608,95.125,4.888013553183924,0.125
0.985625,0.014375000000000027,95.14864466998819,95.125,4.851355330011813,0.125
0.9859375,0.014062499999999978,95.20217698910298,95.25,4.7978230108970195,0.125
0.98625,0.01375000000000004,95.23496571652561,95.25,4.765034283474392,0.125
0.9865625,0.013437499999999991,95.27721331559512,95.25,4.7227866844048805,0.125
0.986875,0.013125000000000053,95.33088726372621,95.375,4.669112736273789,0.125
0.9871875,0.012812500000000004,95.36103851855924,95.375,4.638961481440759,0.125
0.9875,0.012499999999999956,95.41839201985869,95.375,4.581607980141314,0.125
0.9878125,0.012187500000000018,95.46413178175698,95.5,4.535868218243024,0.125
0.988125,0.011874999999999969,95.49259824800403,95.5,4.507401751995971,0.125
0.9884375,0.011562500000000031,95.5768741903184,95.5,4.4231258096815935,0.125
0.98875,0.011249999999999982,95.59877245811194,95.625,4.401227541888062,0.125
0.9890625,0.010937500000000044,95.64239242852419,95.625,4.3576075714758105,0.125
0.989375,0.010624999999999996,95.70727399064575,95.75,4.292726009354254,0.125
0.9896875,0.010312499999999947,95.73698867793989,95.75,4.263011322060109,0.125
0.99,0.010000000000000009,95.82551073698966,95.75,4.174489263010344,0.125
0.9903125,0.00968749999999996,95.84838753161779,95.875,4.151612468382211,0.125
0.990625,0.009375000000000022,95.91106989724338,95.875,4.0889301027566205,0.125
0.9909375,0.009062499999999973,95.96439217642718,96.0,4.035607823572818,0.125
0.99125,0.008750000000000036,96.01285976019801,96.0,3.987140239801988,0.125
0.9915625,0.008437499999999987,96.08364256353626,96.125,3.9163574364637412,0.125
0.991875,0.008125000000000049,96.12550958998986,96.125,3.8744904100101394,0.125
0.9921875,0.0078125,96.20553909553746,96.25,3.7944609044625395,0.125
0.9925,0.007499999999999951,96.24792936836252,96.25,3.75207063163748,0.125
0.9928125,0.007187500000000013,96.32983694856708,96.375,3.6701630514329224,0.125
0.993125,0.0068749999999999645,96.38127163923666,96.375,3.618728360763342,0.125
0.9934375,0.006562500000000027,96.45801211178075,96.5,3.5419878882192535,0.125
0.99375,0.006249999999999978,96.52811275556206,96.5,3.471887244437937,0.125
0.9940625,0.00593750000000004,96.58606827973,96.625,3.41393172027,0.125
0.994375,0.005624999999999991,96.70672615147706,96.625,3.2932738485229436,0.125
0.9946875,0.005312500000000053,96.73778342597352,96.75,3.262216574026482,0.125
0.995,0.0050000000000000044,96.82291157379495,96.875,3.177088426205046,0.125
0.9953125,0.004687499999999956,96.94137639785313,96.875,3.0586236021468665,0.125
0.995625,0.004375000000000018,96.99360944228515,97.0,3.0063905577148518,0.125
0.9959375,0.004062499999999969,97.07284778580564,97.125,2.927152214194365,0.125
0.99625,0.003750000000000031,97.17744728771953,97.25,2.8225527122804692,0.125
0.9965625,0.0034374999999999822,97.33093147474683,97.25,2.6690685252531665,0.125
0.996875,0.0031250000000000444,97.42019117452746,97.375,2.57980882547254,0.125
0.9971875,0.0028124999999999956,97.5288215633296,97.5,2.4711784366703995,0.125
0.9975,0.0024999999999999467,97.65199568927846,97.625,2.348004310721535,0.125
0.9978125,0.002187500000000009,97.78855338634332,97.75,2.211446613656676,0.125
0.998125,0.00187499999999996,97.93809208814724,97.875,2.0619079118527566,0.125
0.9984375,0.0015625000000000222,98.10134711861363,98.0,1.8986528813863686,0.125
0.99875,0.0012499999999999734,98.21351753736464,98.25,1.7864824626353624,0.125
0.9990625,0.0009375000000000355,98.35999606141985,98.375,1.6400039385801506,0.125
0.999375,0.0006249999999999867,98.4752380083194,98.5,1.5247619916806059,0.125
0.9996875,0.00031250000000004885,98.74145608240308,98.75,1.2585439175969242,0.125
1.0,0.0,100.0,100.0,0.0,0.125
