t,lattice_S_star,pde_S_star_interp,lattice_defined,abs_diff
0.0,,80.8756289264018,False,
0.0003333333333333333,,80.87716141260223,False,
0.0006666666666666666,,80.87872097918086,False,
0.001,,80.88030840568156,False,
0.0013333333333333333,,80.88192450688054,False,
0.0016666666666666666,,80.88357013527639,False,
0.002,,80.88524618386025,False,
0.002333333333333333,,80.88695358914816,False,
0.0026666666666666666,,80.888693334574,False,
0.003,,80.89046645430241,False,
0.003333333333333333,,80.89227403742314,False,
0.0036666666666666666,,80.89411723278556,False,
0.004,,80.8959972542632,False,
0.004333333333333333,,80.8979153870805,False,
0.004666666666666666,,80.89987299433032,False,
0.005,,80.90187152572857,False,
0.005333333333333333,,80.90391512061387,False,
0.005666666666666666,,80.9060030314704,False,
0.006,,80.90813704687258,False,
0.006333333333333333,,80.91031909332766,False,
0.006666666666666666,,80.91255124872724,False,
0.007,,80.91483576764165,False,
0.007333333333333333,,80.91717510351974,False,
0.007666666666666666,,80.91957193836362,False,
0.008,,80.9220292296728,False,
0.008333333333333333,,80.92455022776639,False,
0.008666666666666666,,80.9271385976484,False,
0.009,,80.92979835696538,False,
0.009333333333333332,,80.9325342272609,False,
0.009666666666666667,,80.93535126390603,False,
0.01,,80.93825590635032,False,
0.010333333333333333,,80.94126066037032,False,
0.010666666666666666,,80.94436987760639,False,
0.011,,80.94759279331008,False,
0.011333333333333332,,80.95094364771377,False,
0.011666666666666665,,80.95443715163803,False,
0.012,,80.95809528858334,False,
0.012333333333333333,,80.96194698324067,False,
0.012666666666666666,,80.96602625019945,False,
0.013,,80.97040947218996,False,
0.013333333333333332,,80.9751464921452,False,
0.013666666666666666,,80.98052924725125,False,
0.014,,80.9866805432241,False,
0.014333333333333333,,80.95838985100661,False,
0.014666666666666666,,80.95460197457766,False,
0.015,,80.95546554486796,False,
0.015333333333333332,,80.95634105832177,False,
0.015666666666666666,,80.95722808650088,False,
0.016,,80.9581268584481,False,
0.01633333333333333,,80.95903760943989,False,
0.016666666666666666,,80.95996058122498,False,
0.016999999999999998,,80.96089602224791,False,
0.017333333333333333,,80.96184418789838,False,
0.017666666666666667,,80.96280534076674,False,
0.018,,80.96377975091515,False,
0.018333333333333333,,80.96476769615339,False,
0.018666666666666665,,80.96576946234185,False,
0.019,,80.96678534370042,False,
0.019333333333333334,80.91377895740668,80.96781564312838,True,0.05403668572169806
0.019666666666666666,80.61886238031148,80.96886067256804,True,0.3499982922565579
0.02,80.91377895740668,80.96992075332302,True,0.05614179591634638
0.02033333333333333,80.61886238031148,80.97099714143121,True,0.3521347611197285
0.020666666666666667,80.91377895740668,80.97208929231321,True,0.05831033490653681
0.020999999999999998,80.61886238031148,80.97319755958408,True,0.3543351792725957
0.021333333333333333,80.91377895740668,80.97432230798515,True,0.06054335057847027
0.021666666666666667,80.61886238031148,80.97546391387802,True,0.3566015335665327
0.022,80.91377895740668,80.97662276574697,True,0.0628438083402898
0.022333333333333334,80.61886238031148,80.97779926474522,True,0.3589368844337315
0.022666666666666665,80.91377895740668,80.97899382525122,True,0.06521486784454567
0.023,80.61886238031148,80.98020687548554,True,0.36134449517405187
0.02333333333333333,80.91377895740668,80.98143885815026,True,0.0676599007435783
0.023666666666666666,80.61886238031148,80.98269023111993,True,0.36382785080844826
0.024,80.91377895740668,80.98396146815206,True,0.07018251074538284
0.024333333333333332,80.61886238031148,80.98525305970497,True,0.3663906793934899
0.024666666666666667,80.91377895740668,80.98656551372925,True,0.07278655632256914
0.024999999999999998,80.61886238031148,80.98789935658365,True,0.36903697627217014
0.025333333333333333,80.91377895740668,80.98925645755257,True,0.07547750014589383
0.025666666666666667,80.61886238031148,80.99063612446119,True,0.37177374414970643
0.026,80.91377895740668,80.9920389484792,True,0.07825999107252812
0.026333333333333334,80.61886238031148,80.99346554371269,True,0.37460316340120414
0.026666666666666665,80.91377895740668,80.99491654850819,True,0.08113759110150909
0.027,80.61886238031148,80.99639262688575,True,0.3775302465742669
0.02733333333333333,80.91377895740668,80.99789447005199,True,0.0841155126453117
0.027666666666666666,80.61886238031148,80.99942279808664,True,0.3805604177751576
0.028,80.91377895740668,81.00097836176454,True,0.087199404357861
0.028333333333333332,80.61886238031148,81.00256194453847,True,0.3836995642269869
0.028666666666666667,80.91377895740668,81.0041743647265,True,0.09039540731981788
0.028999999999999998,80.61886238031148,81.00581647789728,True,0.3869540975858001
0.029333333333333333,80.91377895740668,81.00748917952289,True,0.09371022211621494
0.029666666666666664,80.61886238031148,81.00919340785471,True,0.39033102754322613
0.03,80.91377895740668,81.01093014722927,True,0.09715118982259696
0.030333333333333334,80.61886238031148,81.01270246874218,True,0.39384008843069296
0.030666666666666665,80.91377895740668,81.01450955009444,True,0.10073059268776774
0.031,80.61886238031148,81.01635254688983,True,0.39749016657835057
0.03133333333333333,80.91377895740668,81.01823267914064,True,0.10445372173396095
0.03166666666666666,80.61886238031148,81.02015123693576,True,0.4012888566242765
0.032,80.91377895740668,81.02210958732633,True,0.10833062991964937
0.03233333333333333,80.61886238031148,81.02410918180206,True,0.405246801490577
0.03266666666666666,80.91377895740668,81.02615156500731,True,0.1123726076006335
0.033,80.61886238031148,81.0282383852657,True,0.4093760049542112
0.03333333333333333,80.91377895740668,81.03037140501898,True,0.11659244761230525
0.033666666666666664,80.61886238031148,81.03255251736203,True,0.41369013705055124
0.033999999999999996,80.91377895740668,81.03478375618278,True,0.12100479877609871
0.034333333333333334,80.61886238031148,81.03706732642318,True,0.41820494611170034
0.034666666666666665,80.91377895740668,81.03940560586145,True,0.12562664845476945
0.034999999999999996,80.61886238031148,81.04180120952577,True,0.4229388292142886
0.035333333333333335,80.91377895740668,81.04426068145382,True,0.13048172404714364
0.035666666666666666,80.61886238031148,81.04678385151713,True,0.42792147120565005
0.036,80.91377895740668,81.04937420490162,True,0.13559524749494756
0.036333333333333336,80.61886238031148,81.05203573763166,True,0.4331733573201717
0.03666666666666667,80.91377895740668,81.05477283315473,True,0.14099387574805178
0.037,80.61886238031148,81.05759057458323,True,0.4387281942717465
0.03733333333333333,80.91377895740668,81.0604947455044,True,0.14671578809772257
0.03766666666666667,80.61886238031148,81.06349193713882,True,0.44462955682733707
0.038,80.91377895740668,81.06659039293262,True,0.15281143552594756
0.03833333333333333,80.61886238031148,81.06979864380953,True,0.4509362634980505
0.03866666666666667,80.91377895740668,81.07312997646598,True,0.15935101905930082
0.039,80.61886238031148,81.07659469708035,True,0.45773231676886894
0.03933333333333333,80.91377895740668,81.08021833521683,True,0.16643937781014984
0.03966666666666666,80.61886238031148,81.0840095506589,True,0.4651471703474215
0.04,80.91377895740668,81.08802889400137,True,0.17424993659469123
0.04033333333333333,80.61886238031148,81.09228890541819,True,0.4734265251067029
0.04066666666666666,80.91377895740668,81.09693304423415,True,0.18315408682747147
0.041,80.61886238031148,81.10197685071877,True,0.48311447040728694
0.04133333333333333,80.91377895740668,81.1078238911988,True,0.19404493379212795
0.041666666666666664,80.61886238031148,81.10098074527045,True,0.4821183649589642
0.041999999999999996,80.91377895740668,81.07912843979345,True,0.16534948238677316
0.042333333333333334,80.61886238031148,81.08001200443134,True,0.46114962411985516
0.042666666666666665,80.91377895740668,81.08090740330549,True,0.16712844589881115
0.043,81.20977438608669,81.08181487584643,True,0.12795951024025953
0.043333333333333335,80.91377895740668,81.08273466810756,True,0.16895571070088522
0.043666666666666666,81.20977438608669,81.08366703300833,True,0.12610735307836762
0.044,80.91377895740668,81.08461223058258,True,0.17083327317590147
0.04433333333333333,81.20977438608669,81.08557052824798,True,0.12420385783870813
0.04466666666666667,80.91377895740668,81.08654220106803,True,0.17276324366135043
0.045,81.20977438608669,81.0875275320585,True,0.12224685402819091
0.04533333333333333,80.91377895740668,81.08852765067088,True,0.17474869326420617
0.04566666666666667,81.20977438608669,81.08954205284519,True,0.1202323332415034
0.046,80.91377895740668,81.09057104876592,True,0.17679209135924623
0.04633333333333333,81.20977438608669,81.09161495794919,True,0.11815942813750269
0.04666666666666666,80.91377895740668,81.0926741096146,True,0.17889515220792873
0.047,81.20977438608669,81.09374884307118,True,0.11602554301551038
0.04733333333333333,80.91377895740668,81.09483950814602,True,0.18106055073934613
0.04766666666666666,81.20977438608669,81.09594646561794,True,0.11382792046875068
0.048,80.91377895740668,81.09707008767721,True,0.18329113027053268
0.04833333333333333,81.20977438608669,81.09821075842186,True,0.11156362766483596
0.048666666666666664,80.91377895740668,81.09936887437449,True,0.1855899169678139
0.048999999999999995,81.20977438608669,81.1005448450269,True,0.10922954105978988
0.04933333333333333,80.91377895740668,81.10173909342777,True,0.18796013602108985
0.049666666666666665,81.20977438608669,81.10295205679583,True,0.1068223292908641
0.049999999999999996,80.91377895740668,81.10418418717522,True,0.1904052297685439
0.050333333333333334,81.20977438608669,81.10543713557229,True,0.1043372505144049
0.050666666666666665,80.91377895740668,81.10671025804353,True,0.19293130063685737
0.051,81.20977438608669,81.10800405831088,True,0.10177032777581019
0.051333333333333335,80.91377895740668,81.10931905818015,True,0.19554010077347073
0.051666666666666666,81.20977438608669,81.11065579846701,True,0.09911858761968517
0.052,80.91377895740668,81.11201483996892,True,0.19823588256224411
0.05233333333333333,81.20977438608669,81.11339676453692,True,0.09637762154977736
0.05266666666666667,80.91377895740668,81.11480217620242,True,0.20102321879573992
0.053,81.20977438608669,81.11623170240355,True,0.09354268368313967
0.05333333333333333,80.91377895740668,81.1176859953074,True,0.20390703790071996
0.05366666666666667,81.20977438608669,81.11916573323403,True,0.09060865285266573
0.054,80.91377895740668,81.12067162221057,True,0.20689266480388824
0.05433333333333333,81.20977438608669,81.12220439763487,True,0.0875699884518184
0.05466666666666666,80.91377895740668,81.12376482612835,True,0.2099858687216738
0.055,81.20977438608669,81.12535370748951,True,0.0844206785971835
0.05533333333333333,80.91377895740668,81.12697365110319,True,0.2131946936965079
0.05566666666666666,81.20977438608669,81.12862385721799,True,0.08115052886870444
0.056,80.91377895740668,81.13030524603356,True,0.21652628862688061
0.05633333333333333,81.20977438608669,81.13201878166404,True,0.07775560442264862
0.056666666666666664,80.91377895740668,81.13376547544135,True,0.2199865180346734
0.056999999999999995,81.20977438608669,81.13554638957089,True,0.07422799651580192
0.05733333333333333,80.91377895740668,81.13736264120035,True,0.22358368379367732
0.057666666666666665,81.20977438608669,81.13921540698189,True,0.07055897910480269
0.057999999999999996,80.91377895740668,81.14110592816972,True,0.22732697076304476
0.058333333333333334,81.20977438608669,81.14303551647669,True,0.06673886961000619
0.058666666666666666,80.91377895740668,81.14500556045893,True,0.2312266030522494
0.059,81.20977438608669,81.1470175333204,True,0.06275685276629872
0.05933333333333333,80.91377895740668,81.14907300078887,True,0.23529404338219706
0.059666666666666666,81.20977438608669,81.15117363214655,True,0.05860075394014075
0.06,80.91377895740668,81.15332120943543,True,0.23954225202875534
0.06033333333333333,81.20977438608669,81.15552063904113,True,0.05425374704556418
0.06066666666666667,80.91377895740668,81.15777122335689,True,0.24399226595021162
0.061,81.20977438608669,81.16007520791487,True,0.04969917817182079
0.06133333333333333,80.91377895740668,81.16243502060385,True,0.24865606319717415
0.06166666666666666,81.20977438608669,81.16485331036141,True,0.044921075725284254
0.062,80.91377895740668,81.16733296849557,True,0.2535540110888945
0.06233333333333333,81.20977438608669,81.16987717685902,True,0.039897209227675035
0.06266666666666666,80.91377895740668,81.172489460212,True,0.2587105028053287
0.063,81.20977438608669,81.17517371949553,True,0.034600666591160234
0.06333333333333332,80.91377895740668,81.17793439223446,True,0.26415543482778503
0.06366666666666666,81.20977438608669,81.18077636290639,True,0.028998023180307086
0.064,80.91377895740668,81.18370548576019,True,0.2699265283535084
0.06433333333333333,81.20977438608669,81.18672798065306,True,0.023046405433632344
0.06466666666666666,80.91377895740668,81.18985213847469,True,0.27607318106801415
0.065,81.20977438608669,81.19308587808698,True,0.016688507999717217
0.06533333333333333,80.91377895740668,81.1964500474332,True,0.28267109002652546
0.06566666666666666,81.20977438608669,81.1999490824838,True,0.00982530360289502
0.066,80.91377895740668,81.20360456230588,True,0.2898256048992067
0.06633333333333333,81.20977438608669,81.20743476666019,True,0.002339619426507511
0.06666666666666667,80.91377895740668,81.21147573058624,True,0.2976967731795668
0.067,81.20977438608669,81.21576947265017,True,0.005995086563473251
0.06733333333333333,80.91377895740668,81.22037535279995,True,0.3065963953932709
0.06766666666666667,81.20977438608669,81.22544649466316,True,0.01567210857646728
0.06799999999999999,80.91377895740668,81.23105208399639,True,0.3172731265897113
0.06833333333333333,81.20977438608669,81.23839618744532,True,0.02862180135862502
0.06866666666666667,80.91377895740668,81.21398282374926,True,0.300203866342585
0.06899999999999999,81.20977438608669,81.20484653822228,True,0.004927847864408363
0.06933333333333333,80.91377895740668,81.20576619017847,True,0.2919872327717883
0.06966666666666667,81.20977438608669,81.20669858437714,True,0.0030758017095564583
0.06999999999999999,80.91377895740668,81.2076439875373,True,0.29386503013061827
0.07033333333333333,81.20977438608669,81.20860347200963,True,0.0011709140770648219
0.07066666666666667,80.91377895740668,81.20957655437125,True,0.29579759696457586
0.071,81.20977438608669,81.2105635264941,True,0.0007891404074058528
0.07133333333333333,80.91377895740668,81.21156468885665,True,0.2977857314499772
0.07166666666666667,81.20977438608669,81.21258035087399,True,0.002805964787299331
0.072,80.91377895740668,81.21361083126443,True,0.2998318738577552
0.07233333333333333,81.20977438608669,81.21465645841589,True,0.004882072329195353
0.07266666666666667,80.91377895740668,81.21571757077382,True,0.3019386133671418
0.073,81.20977438608669,81.21679451725045,True,0.007020131163756105
0.07333333333333333,80.91377895740668,81.21788765765866,True,0.30410870025198733
0.07366666666666666,81.20977438608669,81.21899736317638,True,0.009222977089692108
0.074,80.91377895740668,81.22012401681769,True,0.3063450594110151
0.07433333333333333,81.20977438608669,81.22126801394549,True,0.011493627858797595
0.07466666666666666,80.91377895740668,81.22242976281348,True,0.3086508054067991
0.075,81.20977438608669,81.2236096851341,True,0.01383529904740044
0.07533333333333334,80.91377895740668,81.22480933784122,True,0.3110303804345449
0.07566666666666666,81.20977438608669,81.22602810202362,True,0.016253715936926483
0.076,80.91377895740668,81.22726644608221,True,0.3134874886755341
0.07633333333333334,81.20977438608669,81.22852485469448,True,0.018750468607791504
0.07666666666666666,80.91377895740668,81.22980382956891,True,0.31602487216223096
0.077,81.20977438608669,81.23110389030558,True,0.021329504218883244
0.07733333333333334,80.91377895740668,81.23242557527085,True,0.31864661786417514
0.07766666666666666,81.20977438608669,81.23376944255195,True,0.02399505646525313
0.078,80.91377895740668,81.23513607098245,True,0.3213571135757718
0.07833333333333332,81.20977438608669,81.23652606123476,True,0.02675167514806276
0.07866666666666666,80.91377895740668,81.23794003699045,True,0.3241610795837744
0.079,81.20977438608669,81.23937864622226,True,0.029604260135570826
0.07933333333333333,80.91377895740668,81.24084256253154,True,0.327063605124863
0.07966666666666666,81.20977438608669,81.24233248665104,True,0.03255810056434427
0.08,80.91377895740668,81.24384914802239,True,0.3300701906157144
0.08033333333333333,81.20977438608669,81.24539497060987,True,0.03562058452317274
0.08066666666666666,80.91377895740668,81.2469691744027,True,0.3331902169960159
0.081,81.20977438608669,81.24857259177455,True,0.03879820568785419
0.08133333333333333,80.91377895740668,81.25020609221777,True,0.336427134811089
0.08166666666666667,81.20977438608669,81.25187058484802,True,0.042096198761328196
0.082,80.91377895740668,81.2535670211713,True,0.33978806376462956
0.08233333333333333,81.20977438608669,81.25529639812302,True,0.04552201203632933
0.08266666666666667,80.91377895740668,81.25705976145501,True,0.3432808040483337
0.08299999999999999,81.20977438608669,81.25885820946772,True,0.04908382338102513
0.08333333333333333,80.91377895740668,81.26069289718735,True,0.3469139397806771
0.08366666666666667,81.20977438608669,81.26256504103284,True,0.05279065494615054
0.08399999999999999,80.91377895740668,81.26447592403413,True,0.35069696662745287
0.08433333333333333,81.20977438608669,81.26642690178093,True,0.056652515694239014
0.08466666666666667,80.91377895740668,81.26841940903682,True,0.35464045163014646
0.08499999999999999,81.20977438608669,81.2704549674578,True,0.060680581371101994
0.08533333333333333,80.91377895740668,81.27253792297165,True,0.35875896556497366
0.08566666666666667,81.20977438608669,81.27466747385219,True,0.06489308776549763
0.086,80.91377895740668,81.27684548025525,True,0.36306652284856966
0.08633333333333333,81.20977438608669,81.27907393622782,True,0.06929955014112466
0.08666666666666667,80.91377895740668,81.2813549854875,True,0.36757602808081913
0.087,81.20977438608669,81.28369094130453,True,0.07391655521783491
0.08733333333333333,80.91377895740668,81.28608430910114,True,0.37230535169446455
0.08766666666666667,81.20977438608669,81.28853781386968,True,0.07876342778298806
0.088,80.91377895740668,81.2910544349066,True,0.3772754774999214
0.08833333333333333,81.20977438608669,81.2936374424709,True,0.0838630563842031
0.08866666666666666,80.91377895740668,81.29629045726888,True,0.3825114998622041
0.089,81.20977438608669,81.29901749361512,True,0.08924310752843212
0.08933333333333333,80.91377895740668,81.30182307648634,True,0.38804411907966596
0.08966666666666666,81.20977438608669,81.30471226957907,True,0.09493788349237775
0.09,80.91377895740668,81.30769094168176,True,0.39391198427507845
0.09033333333333333,81.20977438608669,81.31077181159607,True,0.10099742550937663
0.09066666666666666,80.91377895740668,81.3139577574344,True,0.40017880002771733
0.091,81.20977438608669,81.31725814057287,True,0.10748375448618219
0.09133333333333334,80.91377895740668,81.32068475211767,True,0.406905794710994
0.09166666666666666,81.20977438608669,81.32425162846589,True,0.11447724237919488
0.092,80.91377895740668,81.32797698098273,True,0.4141980235760485
0.09233333333333334,81.20977438608669,81.33188461403613,True,0.1221102279494346
0.09266666666666666,80.91377895740668,81.33600506673623,True,0.4222261093295572
0.093,81.20977438608669,81.34038791149257,True,0.13061352540587734
0.09333333333333332,80.91377895740668,81.34508962416936,True,0.43131066676268404
0.09366666666666666,81.20977438608669,81.35025732587324,True,0.14048293978655124
0.094,80.91377895740668,81.35601093132355,True,0.44223197391687563
0.09433333333333332,81.20977438608669,81.3632820294787,True,0.15350764339200396
0.09466666666666666,80.91377895740668,81.33139012323912,True,0.4176111658324402
0.095,81.20977438608669,81.32992138014046,True,0.12014699405376916
0.09533333333333333,80.91377895740668,81.33087012001714,True,0.4170911626104612
0.09566666666666666,81.20977438608669,81.3318324137744,True,0.12205802768771434
0.096,80.91377895740668,81.33280855409717,True,0.41902959669049267
0.09633333333333333,81.20977438608669,81.33379884232858,True,0.12402445624188374
0.09666666666666666,80.91377895740668,81.3348035887975,True,0.42102463139082147
0.097,81.20977438608669,81.33582311318663,True,0.12604872709994197
0.09733333333333333,80.91377895740668,81.33685774488326,True,0.4230787874765838
0.09766666666666667,81.20977438608669,81.33790782338899,True,0.12813343730229576
0.09799999999999999,80.91377895740668,81.33897369871477,True,0.4251947413080899
0.09833333333333333,81.20977438608669,81.34005573182334,True,0.1302813457366483
0.09866666666666667,80.91377895740668,81.34115429508371,True,0.4273753376770344
0.09899999999999999,81.20977438608669,81.34226977274335,True,0.1324953866566574
0.09933333333333333,80.91377895740668,81.34340256144503,True,0.42962360403835476
0.09966666666666667,81.20977438608669,81.34455307076666,True,0.13477868467997212
0.09999999999999999,80.91377895740668,81.34572172377035,True,0.4319427663636759
0.10033333333333333,81.20977438608669,81.34691007720322,True,0.13713569111652646
0.10066666666666667,80.91377895740668,81.3481175153045,True,0.43433855789781717
0.10099999999999999,81.20977438608669,81.34934450793219,True,0.13957012184549455
0.10133333333333333,80.91377895740668,81.35059154121454,True,0.43681258380786403
0.10166666666666667,81.20977438608669,81.35185911833395,True,0.14208473224725537
0.102,80.91377895740668,81.35314776034163,True,0.4393688029349505
0.10233333333333333,81.20977438608669,81.35445800705185,True,0.14468362096515364
0.10266666666666667,80.91377895740668,81.35579041796207,True,0.442011460555392
0.103,81.20977438608669,81.35714557326946,True,0.1473711871827703
0.10333333333333333,80.91377895740668,81.35852407494097,True,0.44474511753429624
0.10366666666666666,81.20977438608669,81.35992654786324,True,0.15015216177654622
0.104,80.91377895740668,81.36135364108088,True,0.4475746836742047
0.10433333333333333,81.20977438608669,81.36280602913061,True,0.15303164304391714
0.10466666666666666,80.91377895740668,81.36428441347451,True,0.4505054560678303
0.105,81.20977438608669,81.3657895240502,True,0.1560151379635073
0.10533333333333333,81.50685261296161,81.36732378439926,True,0.13952882856234794
0.10566666666666666,81.20977438608669,81.36888641492452,True,0.15911202883782494
0.106,81.50685261296161,81.37047824737363,True,0.136374365587983
0.10633333333333334,81.20977438608669,81.37210015004705,True,0.1623257639603537
0.10666666666666666,81.50685261296161,81.3737530302602,True,0.13309958270140498
0.107,81.20977438608669,81.37543783694909,True,0.16566345086239664
0.10733333333333334,81.50685261296161,81.37715556359447,True,0.1296970493671381
0.10766666666666666,81.20977438608669,81.3789072514195,True,0.1691328653328128
0.108,81.50685261296161,81.38069399292269,True,0.12615862003892175
0.10833333333333332,81.20977438608669,81.38251693583894,True,0.17274254975224324
0.10866666666666666,81.50685261296161,81.3843772874807,True,0.1224753254809059
0.109,81.20977438608669,81.38627631971592,True,0.1765019336292255
0.10933333333333332,81.50685261296161,81.38821537430458,True,0.1186372386570298
0.10966666666666666,81.20977438608669,81.3901958694315,True,0.18042148334480146
0.11,81.50685261296161,81.3922193061516,True,0.11463330681000627
0.11033333333333332,81.20977438608669,81.39428999658827,True,0.1845156105015775
0.11066666666666666,81.50685261296161,81.39640711430607,True,0.11044549865553677
0.111,81.20977438608669,81.39857248313473,True,0.18879809704803563
0.11133333333333333,81.50685261296161,81.40078805140479,True,0.10606456155682054
0.11166666666666666,81.20977438608669,81.40305590950734,True,0.19328152342065152
0.112,81.50685261296161,81.40537830428038,True,0.10147430868123308
0.11233333333333333,81.20977438608669,81.40775766148762,True,0.19798327540092941
0.11266666666666666,81.50685261296161,81.41019661055701,True,0.09665600240460037
0.11299999999999999,81.20977438608669,81.41269800750187,True,0.20292362141518083
0.11333333333333333,81.50685261296161,81.41526498859209,True,0.09158762436952372
0.11366666666666667,81.20977438608669,81.41790097181361,True,0.2081265857269159
0.11399999999999999,81.50685261296161,81.4206097959612,True,0.08624281700041081
0.11433333333333333,81.20977438608669,81.42339562137742,True,0.21362123529073074
0.11466666666666667,81.50685261296161,81.42626332450294,True,0.0805892884586683
0.11499999999999999,81.20977438608669,81.42921803953345,True,0.21944365344675987
0.11533333333333333,81.50685261296161,81.43227219364636,True,0.07458041931525372
0.11566666666666667,81.20977438608669,81.43542731719535,True,0.22565293110865525
0.11599999999999999,81.50685261296161,81.43869266896974,True,0.06815994399187275
0.11633333333333333,81.20977438608669,81.44207754098365,True,0.23230315489695386
0.11666666666666667,81.50685261296161,81.44559518323436,True,0.06125742972724879
0.11699999999999999,81.20977438608669,81.44926026798524,True,0.23948588189854547
0.11733333333333333,81.50685261296161,81.45309189120502,True,0.05376072175658919
0.11766666666666667,81.20977438608669,81.4571187912456,True,0.24734440515891265
0.118,81.50685261296161,81.46136605561301,True,0.04548655734859608
0.11833333333333333,81.20977438608669,81.46590944959333,True,0.2561350635066333
0.11866666666666666,81.50685261296161,81.47076394922874,True,0.03608866373286901
0.119,81.20977438608669,81.4762145209953,True,0.2664401349086063
0.11933333333333333,81.50685261296161,81.48212709895502,True,0.024725514006590288
0.11966666666666666,81.20977438608669,81.49060029310739,True,0.28082590702069865
0.12,81.50685261296161,81.45422127982866,True,0.05263133313295043
0.12033333333333333,81.20977438608669,81.45518789336285,True,0.24541350727615452
0.12066666666666666,81.50685261296161,81.45616864188817,True,0.05068397107343969
0.121,81.20977438608669,81.45716383769408,True,0.2473894516073898
0.12133333333333333,81.50685261296161,81.45817380247908,True,0.04867881048252798
0.12166666666666666,81.20977438608669,81.4591988677836,True,0.2494244816969058
0.122,81.50685261296161,81.46023937533829,True,0.04661323762331904
0.12233333333333334,81.20977438608669,81.46129567749692,True,0.25152129141022783
0.12266666666666666,81.50685261296161,81.46236813768449,True,0.044484475277116076
0.123,81.20977438608669,81.46345713080154,True,0.2536827447148511
0.12333333333333332,81.50685261296161,81.46456304380419,True,0.04228956915741833
0.12366666666666666,81.20977438608669,81.46568627614757,True,0.25591189006087234
0.124,81.50685261296161,81.46682724030069,True,0.040025372660920766
0.12433333333333332,81.20977438608669,81.46798636236258,True,0.2582119762758879
0.12466666666666666,81.50685261296161,81.46916408266787,True,0.03768853029373531
0.125,81.20977438608669,81.47036085640434,True,0.2605864703176479
0.12533333333333332,81.50685261296161,81.47157833141986,True,0.03527428154174572
0.12566666666666665,81.20977438608669,81.47281587357253,True,0.263041487485836
0.126,81.50685261296161,81.47407398966948,True,0.032778623292131215
0.12633333333333333,81.20977438608669,81.4753532045237,True,0.2655788184370067
0.12666666666666665,81.50685261296161,81.47665406182138,True,0.030198551140230734
0.127,81.20977438608669,81.4779771250617,True,0.2682027389750061
0.12733333333333333,81.50685261296161,81.47932297855156,True,0.02752963441004397
0.12766666666666665,81.20977438608669,81.48069222847562,True,0.2709178423889256
0.128,81.50685261296161,81.48208550404173,True,0.02476710891987466
0.12833333333333333,81.20977438608669,81.48350345869812,True,0.273729072611431
0.12866666666666665,81.50685261296161,81.48494677147083,True,0.02190584149077779
0.129,81.20977438608669,81.48641614835896,True,0.2766417622722628
0.12933333333333333,81.50685261296161,81.48791232387848,True,0.018940289083133166
0.12966666666666665,81.20977438608669,81.48943606271452,True,0.2796616766278248
0.13,81.50685261296161,81.49098816150547,True,0.015864451456138795
0.13033333333333333,81.20977438608669,81.49257121884916,True,0.2827968327624717
0.13066666666666665,81.50685261296161,81.49418443375869,True,0.01266817920291885
0.131,81.20977438608669,81.49582871753898,True,0.2860543314522914
0.13133333333333333,81.50685261296161,81.49750502285143,True,0.009347590110181159
0.13166666666666665,81.20977438608669,81.49921434655283,True,0.2894399604661402
0.132,81.50685261296161,81.50095773278991,True,0.005894880171695149
0.13233333333333333,81.20977438608669,81.50273627641963,True,0.29296189033293274
0.13266666666666665,81.50685261296161,81.50455112678921,True,0.0023014861723993363
0.133,81.20977438608669,81.50640349197357,True,0.2966291058868791
0.13333333333333333,81.50685261296161,81.50829464337788,True,0.0014420304162712227
0.13366666666666666,81.20977438608669,81.51022592116487,True,0.30045153507818156
0.134,81.50685261296161,81.51219873980095,True,0.005346126839341991
0.13433333333333333,81.20977438608669,81.51421459535604,True,0.30444020926934456
0.13466666666666666,81.50685261296161,81.51627507186889,True,0.009422458907280884
0.135,81.20977438608669,81.51838185202057,True,0.3086074659338749
0.13533333333333333,81.50685261296161,81.52053966458801,True,0.013687051626405378
0.13566666666666666,81.20977438608669,81.52274770437097,True,0.31297331828427843
0.13599999999999998,81.50685261296161,81.52500803119293,True,0.01815541823131639
0.13633333333333333,81.20977438608669,81.52732286053089,True,0.31754847444419454
0.13666666666666666,81.50685261296161,81.52969457134103,True,0.022841958379416383
0.13699999999999998,81.20977438608669,81.53212573903235,True,0.32235135294565964
0.13733333333333334,81.50685261296161,81.53461915418012,True,0.02776654121851152
0.13766666666666666,81.20977438608669,81.53717785264409,True,0.32740346655739927
0.13799999999999998,81.50685261296161,81.53980517799296,True,0.032952565031351355
0.13833333333333334,81.20977438608669,81.5425047597817,True,0.33273037369501424
0.13866666666666666,81.50685261296161,81.54528073028345,True,0.03842811732184259
0.13899999999999998,81.20977438608669,81.54813747467024,True,0.3383630885835487
0.13933333333333334,81.50685261296161,81.55108035212673,True,0.044227739165123126
0.13966666666666666,81.20977438608669,81.5541146445305,True,0.34434025844380756
0.13999999999999999,81.50685261296161,81.55724785673155,True,0.05039524376994109
0.14033333333333334,81.20977438608669,81.56049294787073,True,0.35071856178403493
0.14066666666666666,81.50685261296161,81.56385550452826,True,0.05700289156665406
0.141,81.20977438608669,81.56734385600227,True,0.3575694699155747
0.14133333333333334,81.50685261296161,81.57097490669841,True,0.06412229373680134
0.14166666666666666,81.20977438608669,81.57476221883354,True,0.36498783274684854
0.142,81.50685261296161,81.57873003604736,True,0.07187742308575196
0.14233333333333334,81.20977438608669,81.58290921514636,True,0.37313482905966566
0.14266666666666666,81.50685261296161,81.58732737993347,True,0.08047476697186084
0.143,81.20977438608669,81.59208517511246,True,0.382310789025766
0.14333333333333334,81.50685261296161,81.59716973228413,True,0.09031711932252051
0.14366666666666666,81.20977438608669,81.60303514590818,True,0.3932607598214872
0.144,81.50685261296161,81.6093189876046,True,0.10246637464298658
0.14433333333333334,81.20977438608669,81.58296389100965,True,0.3731895049229621
0.14466666666666667,81.50685261296161,81.57959053000661,True,0.07273791704500354
0.145,81.20977438608669,81.58059043113249,True,0.37081604504579957
0.14533333333333334,81.50685261296161,81.5816063042677,True,0.07475369130608556
0.14566666666666667,81.20977438608669,81.58263762507539,True,0.37286323898869966
0.146,81.50685261296161,81.58368474874487,True,0.07683213578326331
0.14633333333333332,81.20977438608669,81.58474804165283,True,0.37497365556613715
0.14666666666666667,81.50685261296161,81.58582788184364,True,0.07897526888203288
0.147,81.20977438608669,81.58692465950583,True,0.377150273419133
0.14733333333333332,81.50685261296161,81.58803877749222,True,0.08118616453060667
0.14766666666666667,81.20977438608669,81.58917065186152,True,0.37939626577482954
0.148,81.50685261296161,81.59032071246388,True,0.08346809950226941
0.14833333333333332,81.20977438608669,81.59148940353231,True,0.38171501744561454
0.14866666666666667,81.50685261296161,81.59267718434685,True,0.08582457138524546
0.149,81.20977438608669,81.59388452988904,True,0.38411014380234576
0.14933333333333332,81.50685261296161,81.59511193159646,True,0.08825931863485437
0.14966666666666667,81.20977438608669,81.59635989810539,True,0.38658551201869784
0.15,81.50685261296161,81.5976289560768,True,0.09077634311519489
0.15033333333333332,81.20977438608669,81.59892095708409,True,0.38914657099739713
0.15066666666666667,81.50685261296161,81.60023522559749,True,0.0933826126358781
0.151,81.20977438608669,81.60157235122294,True,0.39179796513624865
0.15133333333333332,81.50685261296161,81.60293294564957,True,0.09608033268796135
0.15166666666666667,81.20977438608669,81.60431764378139,True,0.3945432576946928
0.152,81.50685261296161,81.6057271049552,True,0.09887449199359821
0.15233333333333332,81.20977438608669,81.6071620142756,True,0.39738762818890905
0.15266666666666667,81.50685261296161,81.60862308400586,True,0.1017704710442473
0.153,81.20977438608669,81.61011105510256,True,0.4003366690158714
0.15333333333333332,81.50685261296161,81.61162669885488,True,0.10477408589326842
0.15366666666666667,81.20977438608669,81.61317081864782,True,0.4033964325611237
0.154,81.50685261296161,81.61474425189662,True,0.10789163893501552
0.15433333333333332,81.20977438608669,81.61634787212887,True,0.406573486042177
0.15466666666666667,81.50685261296161,81.61798259122699,True,0.11112997826538162
0.155,81.20977438608669,81.6196493619571,True,0.4098749758704088
0.15533333333333332,81.50685261296161,81.62135118593929,True,0.11449857297768062
0.15566666666666665,81.20977438608669,81.62308722206515,True,0.41331283597845925
0.156,81.50685261296161,81.62485857133875,True,0.11800595837713956
0.15633333333333332,81.20977438608669,81.62666638896168,True,0.41689200287498807
0.15666666666666665,81.50685261296161,81.62851188834581,True,0.12165927538420362
0.157,81.20977438608669,81.63039634571446,True,0.4206219596277663
0.15733333333333333,81.50685261296161,81.63232110511193,True,0.1254684921503184
0.15766666666666665,81.20977438608669,81.63428758409015,True,0.4245131980034529
0.158,81.50685261296161,81.63629728015783,True,0.12944466719622483
0.15833333333333333,81.20977438608669,81.63835177773554,True,0.4285773916488438
0.15866666666666665,81.50685261296161,81.64045275692908,True,0.13360014396747033
0.159,81.20977438608669,81.64260200167679,True,0.4328276155900994
0.15933333333333333,81.50685261296161,81.64480141271041,True,0.13794879974879848
0.15966666666666665,81.20977438608669,81.64705301579697,True,0.43727862971027776
0.16,81.50685261296161,81.64935898340337,True,0.14250637044176528
0.16033333333333333,81.20977438608669,81.65172512121296,True,0.4419507351262695
0.16066666666666665,81.50685261296161,81.65415076147899,True,0.147298148517379
0.161,81.20977438608669,81.6566386405098,True,0.4468642544231045
0.16133333333333333,81.50685261296161,81.65919174941659,True,0.15233913645498376
0.16166666666666665,81.20977438608669,81.66181333084053,True,0.45203894475383777
0.162,81.50685261296161,81.66450696053813,True,0.15765434757652486
0.16233333333333333,81.20977438608669,81.66727657337253,True,0.45750218728584
0.16266666666666665,81.50685261296161,81.67012652091321,True,0.16327390795160568
0.163,81.20977438608669,81.67306174742716,True,0.46328736134046267
0.16333333333333333,81.50685261296161,81.67608762848384,True,0.16923501552223286
0.16366666666666665,81.8050175990789,81.67921072533463,True,0.12580687374426702
0.164,81.50685261296161,81.68243769072721,True,0.17558507776560361
0.16433333333333333,81.8050175990789,81.68577802640237,True,0.11923957267651986
0.16466666666666666,81.50685261296161,81.6892396431813,True,0.1823870302196866
0.165,81.8050175990789,81.6928382513201,True,0.11217934775879712
0.16533333333333333,81.50685261296161,81.69659195491101,True,0.18973934194940512
0.16566666666666666,81.8050175990789,81.7005214584045,True,0.10449614067439938
0.16599999999999998,81.50685261296161,81.70463902524502,True,0.19778641228340632
0.16633333333333333,81.8050175990789,81.70899387533507,True,0.0960237237438264
0.16666666666666666,81.50685261296161,81.7136187708435,True,0.20676615788188712
0.16699999999999998,81.8050175990789,81.71859312791938,True,0.08642447115951768
0.16733333333333333,81.50685261296161,81.72407499063034,True,0.2172223776687332
0.16766666666666666,81.8050175990789,81.73013073161862,True,0.07488686746027895
0.16799999999999998,81.50685261296161,81.73836668865762,True,0.2315140756960119
0.16833333333333333,81.8050175990789,81.71690590203539,True,0.08811169704350164
0.16866666666666666,81.50685261296161,81.70503660176291,True,0.19818398880130417
0.16899999999999998,81.8050175990789,81.70607300220463,True,0.09894459687426149
0.16933333333333334,81.50685261296161,81.70712552901686,True,0.20027291605525477
0.16966666666666666,81.8050175990789,81.70819456125152,True,0.09682303782737733
0.16999999999999998,81.50685261296161,81.70928049014226,True,0.20242787718065358
0.17033333333333334,81.8050175990789,81.71038476186855,True,0.09463283721034088
0.17066666666666666,81.50685261296161,81.71150679930898,True,0.2046541863473692
0.17099999999999999,81.8050175990789,81.7126470357781,True,0.09237056330078985
0.17133333333333334,81.50685261296161,81.71380591915926,True,0.20695330619764718
0.17166666666666666,81.8050175990789,81.71498391254559,True,0.09003368653330313
0.172,81.50685261296161,81.71618149493492,True,0.20932888197330612
0.17233333333333334,81.8050175990789,81.7173991619542,True,0.08761843712468931
0.17266666666666666,81.50685261296161,81.71863742663552,True,0.21178481367391555
0.173,81.8050175990789,81.71989682023569,True,0.0851207788432049
0.17333333333333334,81.50685261296161,81.72117789310556,True,0.21432528014395302
0.17366666666666666,81.8050175990789,81.72248121563081,True,0.08253638344808678
0.174,81.50685261296161,81.72380737920011,True,0.2169547662385014
0.17433333333333334,81.8050175990789,81.72515699728942,True,0.07986060178947696
0.17466666666666666,81.50685261296161,81.7265307065579,True,0.21967809359628632
0.175,81.8050175990789,81.72792916807882,True,0.07708843100007812
0.17533333333333334,81.50685261296161,81.72935460703107,True,0.2225019940694608
0.17566666666666667,81.8050175990789,81.7308062813418,True,0.07421131773709533
0.176,81.50685261296161,81.73228493821304,True,0.22543232525143253
0.17633333333333331,81.8050175990789,81.73379135534604,True,0.07122624373285191
0.17666666666666667,81.50685261296161,81.73532634274282,True,0.22847372978121427
0.177,81.8050175990789,81.73689074458979,True,0.06812685448910827
0.17733333333333332,81.50685261296161,81.7384854413298,True,0.2316328283681912
0.17766666666666667,81.8050175990789,81.74011135190568,True,0.06490624717321225
0.178,81.50685261296161,81.74176943620206,True,0.2349168232404537
0.17833333333333332,81.8050175990789,81.74346069770719,True,0.06155690137170211
0.17866666666666667,81.50685261296161,81.74518618643185,True,0.23833357347024275
0.179,81.8050175990789,81.7469470021044,True,0.05807059697448835
0.17933333333333332,81.50685261296161,81.74874429769164,True,0.2418916847300352
0.17966666666666667,81.8050175990789,81.75057928327206,True,0.054438315806834225
0.18,81.50685261296161,81.75245323037024,True,0.24560061740862693
0.18033333333333332,81.8050175990789,81.75436993012154,True,0.050647668957353176
0.18066666666666667,81.50685261296161,81.75632850355616,True,0.2494758905945531
0.181,81.8050175990789,81.75833045069588,True,0.04668714838301469
0.18133333333333332,81.50685261296161,81.76037735737563,True,0.2535247444140225
0.18166666666666667,81.8050175990789,81.76247090291702,True,0.04254669616187812
0.182,81.50685261296161,81.76461286918816,True,0.25776025622654686
0.18233333333333332,81.8050175990789,81.76680515066894,True,0.03821244840995064
0.18266666666666667,81.50685261296161,81.76904976614757,True,0.2621971531859657
0.183,81.8050175990789,81.77134887249653,True,0.03366872658236275
0.18333333333333332,81.50685261296161,81.77370477968861,True,0.2668521667270056
0.18366666666666667,81.8050175990789,81.77611997088616,True,0.028897628192737557
0.184,81.50685261296161,81.77859712084502,True,0.27174450788341176
0.18433333333333332,81.8050175990789,81.78113912823522,True,0.023878470843669675
0.18466666666666667,81.50685261296161,81.78374913473864,True,0.27689652177703294
0.185,81.8050175990789,81.78643058404869,True,0.018587015030206544
0.18533333333333332,81.50685261296161,81.7891918992091,True,0.2823392862474918
0.18566666666666667,81.8050175990789,81.7920331052617,True,0.012984493817199905
0.186,81.50685261296161,81.7949588832817,True,0.2881062703200854
0.18633333333333332,81.8050175990789,81.79797454489925,True,0.0070430541796469015
0.18666666666666665,81.50685261296161,81.80108603360665,True,0.29423342064504254
0.187,81.8050175990789,81.80430020512068,True,0.0007173939582116873
0.18733333333333332,81.50685261296161,81.80762496363228,True,0.30077235067066965
0.18766666666666665,81.8050175990789,81.81106949054512,True,0.006051891466228199
0.188,81.50685261296161,81.81464505023061,True,0.30779243726900063
0.18833333333333332,81.8050175990789,81.81836441411552,True,0.013346815036626936
0.18866666666666665,81.50685261296161,81.82224544271718,True,0.3153928297555666
0.189,81.8050175990789,81.82630642332201,True,0.021288824243114846
0.18933333333333333,81.50685261296161,81.83058068333796,True,0.32372807037634743
0.18966666666666665,81.8050175990789,81.83509416807402,True,0.030076568995127673
0.19,81.50685261296161,81.83992560448901,True,0.333072991527402
0.19033333333333333,81.8050175990789,81.84514161832648,True,0.04012401924758535
0.19066666666666665,81.50685261296161,81.85096562802302,True,0.34411301506141
0.191,81.8050175990789,81.85765531550165,True,0.05263771642275117
0.19133333333333333,81.50685261296161,81.8546139308986,True,0.3477613179369854
0.19166666666666665,81.8050175990789,81.8294373428691,True,0.024419743790204507
0.192,81.50685261296161,81.83049489484891,True,0.3236422818873024
0.19233333333333333,81.8050175990789,81.83156930918548,True,0.02655171010658819
0.19266666666666665,81.50685261296161,81.83266099196057,True,0.325808378998957
0.193,81.8050175990789,81.83377036263998,True,0.028752763561087136
0.19333333333333333,81.50685261296161,81.83489785465768,True,0.3280452416960742
0.19366666666666665,81.8050175990789,81.83604391601429,True,0.031026316935395926
0.194,81.50685261296161,81.83720900993296,True,0.33035639697135366
0.19433333333333333,81.8050175990789,81.83839361554077,True,0.03337601646187238
0.19466666666666665,81.50685261296161,81.8395982285912,True,0.33274561562959093
0.195,81.8050175990789,81.84082336222824,True,0.03580576314934092
0.19533333333333333,81.50685261296161,81.84207081853899,True,0.3352182055773767
0.19566666666666666,81.8050175990789,81.84333994059084,True,0.03832234151194314
0.19599999999999998,81.50685261296161,81.84463130210943,True,0.33777868914782516
0.19633333333333333,81.8050175990789,81.84594549798776,True,0.04092789890886195
0.19666666666666666,81.50685261296161,81.84728314535066,True,0.34043053238904974
0.19699999999999998,81.8050175990789,81.84864488467815,True,0.04362728559925699
0.19733333333333333,81.50685261296161,81.85003138101769,True,0.3431787680560774
0.19766666666666666,81.8050175990789,81.85144332526392,True,0.04642572618502072
0.19799999999999998,81.50685261296161,81.85288143555442,True,0.34602882259281387
0.19833333333333333,81.8050175990789,81.8543464587387,True,0.049328859659809154
0.19866666666666666,81.50685261296161,81.85583917198714,True,0.34898655902553344
0.19899999999999998,81.8050175990789,81.8573603845022,True,0.05234278542330628
0.19933333333333333,81.50685261296161,81.8589109393741,True,0.35205832641248946
0.19966666666666666,81.8050175990789,81.86049171557808,True,0.05547411649918388
0.19999999999999998,81.50685261296161,81.86210363015685,True,0.35525101719524343
0.20033333333333334,81.8050175990789,81.86374958741396,True,0.05873198833506876
0.20066666666666666,81.50685261296161,81.86542875720653,True,0.3585761442449211
0.20099999999999998,81.8050175990789,81.86714219346936,True,0.062124594390468246
0.20133333333333334,81.50685261296161,81.86889099965668,True,0.36203838669507604
0.20166666666666666,81.8050175990789,81.87067633216932,True,0.06565873309043013
0.20199999999999999,81.50685261296161,81.8724994041399,True,0.3656467911782926
0.20233333333333334,81.8050175990789,81.87436148960677,True,0.06934389052787537
0.20266666666666666,81.50685261296161,81.87626392815123,True,0.3694113151896232
0.20299999999999999,81.8050175990789,81.87820813003452,True,0.07319053095562822
0.20333333333333334,81.50685261296161,81.88019558200494,True,0.3733429690433354
0.20366666666666666,81.8050175990789,81.882227853616,True,0.07721025453710695
0.204,81.50685261296161,81.88430660475636,True,0.37745399179475214
0.20433333333333334,81.8050175990789,81.88643359337586,True,0.081415994296961
0.20466666666666666,81.50685261296161,81.8886106857116,True,0.38175807274998874
0.205,81.8050175990789,81.8908398654215,True,0.08582226634260337
0.20533333333333334,81.50685261296161,81.89312656976533,True,0.3862739568037199
0.20566666666666666,81.8050175990789,81.89547000485184,True,0.09045240577295033
0.206,81.50685261296161,81.89787262210456,True,0.39102000914294877
0.2063333333333333,81.8050175990789,81.90033705444749,True,0.0953194553685961
0.20666666666666667,81.50685261296161,81.90286614796698,True,0.3960135350053662
0.207,81.8050175990789,81.90546298248921,True,0.10044538341031739
0.20733333333333331,81.50685261296161,81.90813091146731,True,0.4012782985057015
0.20766666666666667,81.8050175990789,81.91087360457172,True,0.10585600549282503
0.208,81.50685261296161,81.91369508216508,True,0.4068424692034682
0.20833333333333331,81.8050175990789,81.91659982706135,True,0.11158222798245276
0.20866666666666667,81.50685261296161,81.91959275361205,True,0.41274014065044184
0.209,81.8050175990789,81.92267953463839,True,0.11766193555949656
0.20933333333333332,81.50685261296161,81.92586629617333,True,0.41901368321171617
0.20966666666666667,81.8050175990789,81.92916059996105,True,0.12414300088215668
0.21,81.50685261296161,81.93257019556624,True,0.42571758260463355
0.21033333333333332,81.8050175990789,81.93611397466829,True,0.1310963755893937
0.21066666666666667,81.50685261296161,81.93979567356769,True,0.43294306060607823
0.211,81.8050175990789,81.94363192547858,True,0.13861432639968996
0.21133333333333332,81.50685261296161,81.94763892692765,True,0.4407863139660435
0.21166666666666667,81.8050175990789,81.95184276401761,True,0.14682516493871844
0.212,81.50685261296161,81.95627351775566,True,0.44942090479405294
0.21233333333333332,81.8050175990789,81.96097446654942,True,0.15595686747052184
0.21266666666666667,81.50685261296161,81.9660196611045,True,0.4591670481428878
0.213,81.8050175990789,81.97148967036112,True,0.16647207128222874
0.21333333333333332,81.50685261296161,81.97764885621231,True,0.47079624325070313
0.21366666666666667,81.8050175990789,81.98480590061821,True,0.17978830153931824
0.214,81.50685261296161,81.96047339448462,True,0.4536207815230142
0.21433333333333332,81.8050175990789,81.95480024755665,True,0.14978264847775336
0.21466666666666667,81.50685261296161,81.95589403055581,True,0.44904141759420213
0.215,81.8050175990789,81.95700578573722,True,0.15198818665832903
0.21533333333333332,81.50685261296161,81.95813706955575,True,0.45128445659413785
0.21566666666666667,81.8050175990789,81.95928728550282,True,0.15426968642393035
0.216,81.50685261296161,81.96045691305227,True,0.4536043000906602
0.21633333333333332,81.8050175990789,81.96164644836502,True,0.15662884928612186
0.21666666666666665,81.50685261296161,81.96285640503885,True,0.4560037920772402
0.217,81.8050175990789,81.96408731494542,True,0.1590697158665222
0.21733333333333332,81.50685261296161,81.96533972906703,True,0.4584871161054167
0.21766666666666665,81.8050175990789,81.96661421843065,True,0.16159661935175507
0.218,82.10427331997609,81.96791137507613,True,0.13636194489996
0.21833333333333332,81.8050175990789,81.96923181308836,True,0.164214214009462
0.21866666666666665,82.10427331997609,81.97057616971173,True,0.13369715026435358
0.219,81.8050175990789,81.97194510651929,True,0.1669275074403913
0.21933333333333332,82.10427331997609,81.97333931067769,True,0.13093400929840016
0.21966666666666665,81.8050175990789,81.97475949629796,True,0.16974189721906896
0.22,82.10427331997609,81.97620640585983,True,0.12806691411626048
0.22033333333333333,81.8050175990789,81.97768247652698,True,0.172664877448085
0.22066666666666665,82.10427331997609,81.97918694062339,True,0.12508637935269462
0.221,81.8050175990789,81.98072064114386,True,0.175703042064967
0.22133333333333333,82.10427331997609,81.98228445681147,True,0.1219888631646171
0.22166666666666665,81.8050175990789,81.98387930422669,True,0.17886170514779565
0.222,82.10427331997609,81.98550614016871,True,0.11876717980737794
0.22233333333333333,81.8050175990789,81.9871659640993,True,0.1821483650204101
0.22266666666666665,82.10427331997609,81.98885982089837,True,0.11541349907771803
0.223,81.8050175990789,81.9905888038335,True,0.1855712047546092
0.22333333333333333,82.10427331997609,81.9923540578363,True,0.11191926213979286
0.22366666666666665,81.8050175990789,81.99415678304005,True,0.18913918396116003
0.224,82.10427331997609,81.99599823878093,True,0.10827508119515983
0.22433333333333333,81.8050175990789,81.99787974781479,True,0.19286214873589813
0.22466666666666665,82.10427331997609,81.99980270135046,True,0.10447061862562634
0.225,81.8050175990789,82.00176856402506,True,0.19675096494616184
0.22533333333333333,82.10427331997609,82.00378159130833,True,0.10049172866776246
0.22566666666666665,81.8050175990789,82.0058408943646,True,0.20082329528570142
0.22599999999999998,82.10427331997609,82.0079482142817,True,0.09632510569439034
0.22633333333333333,81.8050175990789,82.01010539554635,True,0.20508779646745268
0.22666666666666666,82.10427331997609,82.0123143978165,True,0.09195892215959134
0.22699999999999998,81.8050175990789,82.01457730554286,True,0.20955970646396338
0.22733333333333333,82.10427331997609,82.01689634244461,True,0.087376977531477
0.22766666666666666,81.8050175990789,82.01927388684017,True,0.21425628776127326
0.22799999999999998,82.10427331997609,82.02171248598958,True,0.0825608339865056
0.22833333333333333,81.8050175990789,82.02421488704358,True,0.21919728796468974
0.22866666666666666,82.10427331997609,82.02678403873152,True,0.07748928124456711
0.22899999999999998,81.8050175990789,82.02942316734047,True,0.22440556826157376
0.22933333333333333,82.10427331997609,82.03213572310202,True,0.07213759687407162
0.22966666666666666,81.8050175990789,82.03492558668002,True,0.2299079876011234
0.22999999999999998,82.10427331997609,82.03779682869649,True,0.06647649127960165
0.23033333333333333,81.8050175990789,82.04075964514675,True,0.23574204606785543
0.23066666666666666,82.10427331997609,82.04381419184432,True,0.060459128131768125
0.23099999999999998,81.8050175990789,82.04696672976796,True,0.24194913068906487
0.23133333333333334,82.10427331997609,82.0502235527905,True,0.05404976718558885
0.23166666666666666,81.8050175990789,82.05359278655482,True,0.24857518747592167
0.23199999999999998,82.10427331997609,82.05708304380553,True,0.0471902761705536
0.23233333333333334,81.8050175990789,82.06070483400688,True,0.25568723492798995
0.23266666666666666,82.10427331997609,82.06447174450184,True,0.03980157547424312
0.23299999999999998,81.8050175990789,82.06839626068614,True,0.26337866160724843
0.23333333333333334,82.10427331997609,82.07250500186007,True,0.03176831811602199
0.23366666666666666,81.8050175990789,82.0768070823764,True,0.2717894832975105
0.23399999999999999,82.10427331997609,82.0813692901894,True,0.022904029786687374
0.23433333333333334,81.8050175990789,82.08617009453639,True,0.28115249545749066
0.23466666666666666,82.10427331997609,82.09141995503316,True,0.012853364942927215
0.235,81.8050175990789,82.09693900396746,True,0.2919214048885692
0.23533333333333334,82.10427331997609,82.10358426368704,True,0.0006890562890475849
0.23566666666666666,81.8050175990789,82.1053685915417,True,0.3003509924628105
0.236,82.10427331997609,82.07891988113542,True,0.025353438840667764
0.2363333333333333,81.8050175990789,82.08003132541208,True,0.2750137263331851
0.23666666666666666,82.10427331997609,82.08116144916576,True,0.023111870810325286
0.237,81.8050175990789,82.08231072639633,True,0.27729312731743505
0.2373333333333333,82.10427331997609,82.0834796475597,True,0.02079367241638863
0.23766666666666666,81.8050175990789,82.08466872031603,True,0.2796511212371371
0.238,82.10427331997609,82.08587847031842,True,0.018394849657667578
0.2383333333333333,81.8050175990789,82.08710944206436,True,0.28209184298546575
0.23866666666666667,82.10427331997609,82.08836219977609,True,0.01591112020000196
0.239,81.8050175990789,82.08963732835797,True,0.284619729279072
0.23933333333333331,82.10427331997609,82.09093543439349,True,0.013337885582600961
0.23966666666666667,81.8050175990789,82.09225714723142,True,0.2872395481525274
0.24,82.10427331997609,82.09360312011185,True,0.010670199864236452
0.24033333333333332,81.8050175990789,82.09497553981687,True,0.28995794073797754
0.24066666666666667,82.10427331997609,82.09637368410469,True,0.007899635871396526
0.241,81.8050175990789,82.09779829018709,True,0.2927806911081916
0.24133333333333332,82.10427331997609,82.09925012489613,True,0.005023195079957077
0.24166666666666667,81.8050175990789,82.10072998631183,True,0.295712387232939
0.242,82.10427331997609,82.10223870550341,True,0.0020346144726772764
0.24233333333333332,81.8050175990789,82.10377714841655,True,0.29875954933766025
0.24266666666666667,82.10427331997609,82.10534621790202,True,0.0010728979259368998
0.243,81.8050175990789,82.10694685590512,True,0.3019292568262273
0.24333333333333332,82.10427331997609,82.10858004585103,True,0.004306725874940298
0.24366666666666667,81.8050175990789,82.11024681520894,True,0.3052292161300443
0.244,82.10427331997609,82.11194823830809,True,0.007674918332000402
0.24433333333333332,81.8050175990789,82.11368543937493,True,0.3086678402960388
0.24466666666666667,82.10427331997609,82.11545959591065,True,0.011186275934562673
0.245,81.8050175990789,82.11727194228608,True,0.3122543432071865
0.24533333333333332,82.10427331997609,82.11912617656851,True,0.014852856592426633
0.24566666666666667,81.8050175990789,82.12102141570267,True,0.31600381662377686
0.246,82.10427331997609,82.1229591026869,True,0.018685782710818444
0.24633333333333332,81.8050175990789,82.1249407573253,True,0.3199231582464108
0.24666666666666665,82.10427331997609,82.12696798274263,True,0.022694662766539864
0.247,81.8050175990789,82.12904247210535,True,0.32402487302645966
0.24733333333333332,82.10427331997609,82.13116601669026,True,0.02689269671417094
0.24766666666666665,81.8050175990789,82.1333405147994,True,0.32832291572050565
0.248,82.10427331997609,82.13556798137476,True,0.031294661398675316
0.24833333333333332,81.8050175990789,82.13785056100949,True,0.33283296193059186
0.24866666666666665,82.10427331997609,82.14019053792579,True,0.03591721794970226
0.249,81.8050175990789,82.14259035797441,True,0.33757275889551863
0.24933333333333332,82.10427331997609,82.14505263385303,True,0.04077931387693923
0.24966666666666665,81.8050175990789,82.14758018908078,True,0.34256259000189004
0.25,82.10427331997609,82.15017604171071,True,0.0459027217346204
0.25033333333333335,81.8050175990789,82.15284792477689,True,0.34783032569799843
0.25066666666666665,82.10427331997609,82.1555953821936,True,0.051322062217508346
0.251,81.8050175990789,82.15842242011304,True,0.3534048210341467
0.2513333333333333,82.10427331997609,82.16133333459192,True,0.057060014615828436
0.25166666666666665,81.8050175990789,82.16433299692198,True,0.3593153978430905
0.252,82.10427331997609,82.16742672359996,True,0.0631534036238719
0.2523333333333333,81.8050175990789,82.17062053719407,True,0.36560293811517397
0.25266666666666665,82.10427331997609,82.17392136497315,True,0.06964804499706645
0.253,81.8050175990789,82.17733668402374,True,0.37231908494484856
0.2533333333333333,82.10427331997609,82.180876349765,True,0.07660302978891309
0.25366666666666665,81.8050175990789,82.18454930761582,True,0.3795317085369305
0.254,82.10427331997609,82.18837169912314,True,0.08409837914705065
0.2543333333333333,81.8050175990789,82.19235240494957,True,0.3873348058706796
0.25466666666666665,82.10427331997609,82.19652343550253,True,0.09225011552643991
0.255,81.8050175990789,82.20088571370219,True,0.39586811462329763
0.2553333333333333,82.10427331997609,82.20553100309672,True,0.10125768312063599
0.25566666666666665,81.8050175990789,82.21043158532855,True,0.4054139862496555
0.256,82.10427331997609,82.2157493758747,True,0.11147605589860632
0.2563333333333333,81.8050175990789,82.22150169195187,True,0.4164840928729774
0.25666666666666665,82.10427331997609,82.22800551713912,True,0.12373219716303652
0.257,81.8050175990789,82.23634767783477,True,0.43133007875587737
0.2573333333333333,82.10427331997609,82.22484175201875,True,0.12056843204265988
0.25766666666666665,81.8050175990789,82.20504758694398,True,0.40002998786508215
0.258,82.10427331997609,82.20621038759788,True,0.10193706762179033
0.2583333333333333,81.8050175990789,82.20739344818372,True,0.4023758491048284
0.25866666666666666,82.10427331997609,82.20859730190064,True,0.10432398192455139
0.259,81.8050175990789,82.2098225011586,True,0.40480490207970377
0.2593333333333333,82.10427331997609,82.21106961850779,True,0.10679629853170525
0.25966666666666666,81.8050175990789,82.21233924758572,True,0.40732164850682295
0.26,82.10427331997609,82.21363200415661,True,0.10935868418052053
0.2603333333333333,81.8050175990789,82.21494996425544,True,0.4099323651765445
0.26066666666666666,82.10427331997609,82.2162924307489,True,0.11201911077280613
0.261,81.8050175990789,82.21766009687812,True,0.4126424977992258
0.2613333333333333,82.10427331997609,82.21905368310927,True,0.1147803631331783
0.26166666666666666,81.8050175990789,82.2204739385842,True,0.4154563395053117
0.262,82.10427331997609,82.22192164264841,True,0.1176483226723235
0.2623333333333333,81.8050175990789,82.22339760651197,True,0.4183800074330719
0.26266666666666666,82.10427331997609,82.22490267501905,True,0.1206293550429649
0.263,81.8050175990789,82.22643772855963,True,0.4214201294807367
0.2633333333333333,82.10427331997609,82.22800368512976,True,0.1237303651536763
0.26366666666666666,81.8050175990789,82.22960150254113,True,0.42458390346223496
0.264,82.10427331997609,82.23123218083641,True,0.12695886086032715
0.2643333333333333,81.8050175990789,82.23289676488118,True,0.42787916580228114
0.26466666666666666,82.10427331997609,82.23459634719786,True,0.13032302722177747
0.265,81.8050175990789,82.23633207103622,True,0.43131447195732164
0.2653333333333333,82.10427331997609,82.2381074039839,True,0.13383408400781605
0.26566666666666666,81.8050175990789,82.23992147723388,True,0.43490387815498366
0.266,82.10427331997609,82.2417756181579,True,0.1375022981818148
0.2663333333333333,81.8050175990789,82.24367122134123,True,0.4386536222623363
0.26666666666666666,82.10427331997609,82.24560975361793,True,0.14133643364183968
0.267,81.8050175990789,82.24759275963126,True,0.4425751605523658
0.2673333333333333,82.10427331997609,82.24962186806306,True,0.14534854808697162
0.26766666666666666,81.8050175990789,82.2516987985409,True,0.4466811994620059
0.268,82.10427331997609,82.25382536948216,True,0.14955204950607026
0.2683333333333333,81.8050175990789,82.25600350678366,True,0.4509859077047622
0.26866666666666666,82.10427331997609,82.25823525396439,True,0.15396193398829894
0.269,81.8050175990789,82.26052278313891,True,0.4555051840600157
0.2693333333333333,82.10427331997609,82.26286840872272,True,0.15859508874663675
0.26966666666666667,82.4046237657339,82.26527460111329,True,0.13934916462061153
0.27,82.10427331997609,82.26774400633657,True,0.16347068636048334
0.2703333333333333,82.4046237657339,82.27028352775667,True,0.13434023797722716
0.27066666666666667,82.10427331997609,82.2728925271908,True,0.1686192072147179
0.271,82.4046237657339,82.27557435082646,True,0.12904941490744193
0.2713333333333333,82.10427331997609,82.27833263891856,True,0.17405931894246862
0.27166666666666667,82.4046237657339,82.2811713572315,True,0.12345240850240202
0.27199999999999996,82.10427331997609,82.28409486105944,True,0.17982154108335635
0.2723333333333333,82.4046237657339,82.28710795188496,True,0.11751581384893939
0.27266666666666667,82.10427331997609,82.29021595785248,True,0.1859426378763942
0.27299999999999996,82.4046237657339,82.29342485991364,True,0.1111989058202596
0.2733333333333333,82.10427331997609,82.29674135854827,True,0.19246803857218708
0.27366666666666667,82.4046237657339,82.30017319970558,True,0.10445056602831926
0.27399999999999997,82.10427331997609,82.30372910105798,True,0.19945578108189466
0.2743333333333333,82.4046237657339,82.3074196557733,True,0.09720410996060025
0.27466666666666667,82.10427331997609,82.3112566967435,True,0.2069833767674112
0.27499999999999997,82.4046237657339,82.31525586037024,True,0.0893679053636589
0.2753333333333333,82.10427331997609,82.31944617532997,True,0.21517285535388453
0.27566666666666667,82.4046237657339,82.32384417511429,True,0.08077959061961337
0.27599999999999997,82.10427331997609,82.32847985109821,True,0.22420653112212108
0.2763333333333333,82.4046237657339,82.33340068743836,True,0.07122307829554586
0.27666666666666667,82.10427331997609,82.33866976440937,True,0.2343964444332869
0.27699999999999997,82.4046237657339,82.34439696596637,True,0.06022679976753409
0.2773333333333333,82.10427331997609,82.35076734212653,True,0.24649402215044347
0.2776666666666667,82.4046237657339,82.35830244259392,True,0.04632132313997772
0.27799999999999997,82.10427331997609,82.34218631561102,True,0.23791299563492885
0.2783333333333333,82.4046237657339,82.32976310256097,True,0.07486066317292739
0.2786666666666667,82.10427331997609,82.33095417562907,True,0.22668085565298668
0.27899999999999997,82.4046237657339,82.3321665372431,True,0.07245722849080494
0.2793333333333333,82.10427331997609,82.33340076193345,True,0.22912744195735968
0.2796666666666667,82.4046237657339,82.3346574454664,True,0.06996632026749694
0.27999999999999997,82.10427331997609,82.33593720585179,True,0.23166388587570452
0.2803333333333333,82.4046237657339,82.33724211882985,True,0.06738164690405313
0.2806666666666667,82.10427331997609,82.33857149277989,True,0.23429817280380405
0.28099999999999997,82.4046237657339,82.33992602362737,True,0.06469774210653156
0.2813333333333333,82.10427331997609,82.34130643467708,True,0.2370331147009921
0.2816666666666667,82.4046237657339,82.34271347803177,True,0.06191028770213336
0.282,82.10427331997609,82.34414793614019,True,0.23987461616410144
0.2823333333333333,82.4046237657339,82.34561062344441,True,0.059013142289487064
0.2826666666666667,82.10427331997609,82.34710238814665,True,0.2428290681705647
0.283,82.4046237657339,82.34862411410568,True,0.05599965162822684
0.2833333333333333,82.10427331997609,82.35017672288302,True,0.2459034029069329
0.2836666666666667,82.4046237657339,82.35176117594371,True,0.05286258979019465
0.284,82.10427331997609,82.35337847702351,True,0.2491051570474241
0.2843333333333333,82.4046237657339,82.35502967473649,True,0.04959409099741663
0.2846666666666667,82.10427331997609,82.3567158653186,True,0.2524425453425181
0.285,82.4046237657339,82.35843819570124,True,0.046185570032662326
0.2853333333333333,82.10427331997609,82.36020013731438,True,0.2559268173382918
0.2856666666666667,82.4046237657339,82.362000824788,True,0.04262294094590402
0.286,82.10427331997609,82.3638415885212,True,0.2595682685451095
0.28633333333333333,82.4046237657339,82.36572382576614,True,0.038899939967762975
0.2866666666666667,82.10427331997609,82.36764900544117,True,0.2633756854650784
0.287,82.4046237657339,82.36961867361255,True,0.03500509212135228
0.28733333333333333,82.10427331997609,82.37163445944783,True,0.26736113947174545
0.2876666666666667,82.4046237657339,82.37369808188659,True,0.030925683847314644
0.288,82.10427331997609,82.3758113572828,True,0.271538037306712
0.28833333333333333,82.4046237657339,82.37797620736269,True,0.026647558371209357
0.2886666666666667,82.10427331997609,82.38019466972135,True,0.2759213497452606
0.289,82.4046237657339,82.38246890656617,True,0.022154859167727636
0.28933333333333333,82.10427331997609,82.38480122081123,True,0.2805279008351391
0.2896666666666667,82.4046237657339,82.38719406325342,True,0.017429702480484366
0.29,82.10427331997609,82.38965006101377,True,0.2853767410376804
0.29033333333333333,82.4046237657339,82.39217607357683,True,0.012447692157067536
0.2906666666666667,82.10427331997609,82.39477143513432,True,0.2904981151582291
0.291,82.4046237657339,82.39743942876652,True,0.007184336967384297
0.29133333333333333,82.10427331997609,82.40018364127403,True,0.2959103212979386
0.29166666666666663,82.4046237657339,82.40300793972241,True,0.0016158260114877976
0.292,82.10427331997609,82.40591658165422,True,0.30164326167813726
0.29233333333333333,82.4046237657339,82.40891422802427,True,0.004290462290370556
0.29266666666666663,82.10427331997609,82.41200600622774,True,0.3077326862516543
0.293,82.4046237657339,82.41519773589724,True,0.010573970163335389
0.29333333333333333,82.10427331997609,82.41849565118436,True,0.3142223312082706
0.29366666666666663,82.4046237657339,82.42190745312121,True,0.017283687387305235
0.294,82.10427331997609,82.42544064803882,True,0.3211673280627281
0.29433333333333334,82.4046237657339,82.42910644692947,True,0.024482681195564737
0.29466666666666663,82.10427331997609,82.4329132745036,True,0.3286399545275174
0.295,82.4046237657339,82.43687997390165,True,0.032256208167751765
0.29533333333333334,82.10427331997609,82.44102541801861,True,0.33675209804252404
0.29566666666666663,82.4046237657339,82.44537499867897,True,0.04075123294506966
0.296,82.10427331997609,82.44993891027747,True,0.34566559030137967
0.29633333333333334,82.4046237657339,82.4547757344381,True,0.050151968704199135
0.29666666666666663,82.10427331997609,82.45991737104895,True,0.3556440510728578
0.297,82.4046237657339,82.46545404555349,True,0.060830279819583666
0.29733333333333334,82.10427331997609,82.47156398399656,True,0.36729066402047295
0.29766666666666663,82.4046237657339,82.47829845563477,True,0.07367468990086934
0.298,82.10427331997609,82.4875882011459,True,0.3833148811698095
0.29833333333333334,82.4046237657339,82.46690735142633,True,0.06228358569242687
0.29866666666666664,82.10427331997609,82.45530537178318,True,0.3510320518070955
0.299,82.4046237657339,82.45654056560976,True,0.051916799875854736
0.29933333333333334,82.10427331997609,82.45779855042713,True,0.3535252304510408
0.29966666666666664,82.4046237657339,82.45907996136225,True,0.05445619562834736
0.3,82.10427331997609,82.46038545779916,True,0.35611213782307516
0.30033333333333334,82.4046237657339,82.46171722350665,True,0.05709345777275132
0.30066666666666664,82.10427331997609,82.46307455335456,True,0.3588012333784718
0.301,82.4046237657339,82.46445819177711,True,0.05983442604320999
0.30133333333333334,82.10427331997609,82.46586891313896,True,0.3615955931628747
0.30166666666666664,82.4046237657339,82.46730752337353,True,0.06268375763963263
0.302,82.10427331997609,82.46877486166953,True,0.36450154169344273
0.30233333333333334,82.4046237657339,82.4702718023416,True,0.06564803660769769
0.30266666666666664,82.10427331997609,82.47179925680315,True,0.36752593682706447
0.303,82.4046237657339,82.4733581756982,True,0.06873440996429281
0.30333333333333334,82.10427331997609,82.47494955120989,True,0.37067623123380145
0.30366666666666664,82.4046237657339,82.47657441953639,True,0.07195065380248877
0.304,82.10427331997609,82.47823386358769,True,0.37396054361160225
0.30433333333333334,82.4046237657339,82.47992901587828,True,0.07530525014438183
0.30466666666666664,82.10427331997609,82.48166106171995,True,0.3773877417438598
0.305,82.4046237657339,82.48343124262524,True,0.07880747689134182
0.30533333333333335,82.10427331997609,82.48524326025664,True,0.38096994028055065
0.30566666666666664,82.4046237657339,82.48709623942054,True,0.0824724736866358
0.306,82.10427331997609,82.48899162599416,True,0.38471830601807255
0.30633333333333335,82.4046237657339,82.49093094044082,True,0.08630717470691707
0.30666666666666664,82.10427331997609,82.49291578363221,True,0.38864246365612587
0.307,82.4046237657339,82.49494784288201,True,0.09032407714811086
0.30733333333333335,82.10427331997609,82.49702889905657,True,0.392755579080486
0.30766666666666664,82.4046237657339,82.49916083433928,True,0.09453706860537636
0.308,82.10427331997609,82.50134564063434,True,0.3970723206582534
0.30833333333333335,82.4046237657339,82.50358543038585,True,0.09896166465195222
0.30866666666666664,82.10427331997609,82.50588244554984,True,0.4016091255737564
0.309,82.4046237657339,82.50823907472386,True,0.10361530898995852
0.30933333333333335,82.10427331997609,82.51065785943823,True,0.40638453946213815
0.30966666666666665,82.4046237657339,82.5131415260253,True,0.1085177602913916
0.31,82.10427331997609,82.51569297860676,True,0.41141965863067753
0.31033333333333335,82.4046237657339,82.5183197375537,True,0.1136959718197943
0.31066666666666665,82.10427331997609,82.52102119076845,True,0.41674787079236353
0.311,82.4046237657339,82.52380107170013,True,0.11917730596623244
0.3113333333333333,82.10427331997609,82.52666337255803,True,0.42239005258194595
0.31166666666666665,82.4046237657339,82.5296125300049,True,0.12498876427099503
0.312,82.10427331997609,82.53265334860747,True,0.4283800286313806
0.3123333333333333,82.4046237657339,82.53579117292907,True,0.1311674071951643
0.31266666666666665,82.10427331997609,82.53903200606273,True,0.4347586860866386
0.313,82.4046237657339,82.54238232165017,True,0.13775855591626396
0.3133333333333333,82.10427331997609,82.54585012044716,True,0.4415768004710685
0.31366666666666665,82.4046237657339,82.54944307380248,True,0.1448193080685769
0.314,82.10427331997609,82.55317306895589,True,0.4488997489797981
0.3143333333333333,82.4046237657339,82.55704823521482,True,0.1524244694809198
0.31466666666666665,82.10427331997609,82.56108932940707,True,0.45681600943098033
0.315,82.4046237657339,82.56530106144493,True,0.16067729571102518
0.3153333333333333,82.10427331997609,82.56973925883949,True,0.46546593886340304
0.31566666666666665,82.4046237657339,82.57439067412372,True,0.16976690838981767
0.316,82.10427331997609,82.57933604060611,True,0.47506272063002086
0.3163333333333333,82.4046237657339,82.58458045635491,True,0.17995669062101172
0.31666666666666665,82.10427331997609,82.59025848154097,True,0.4859851615648836
0.317,82.4046237657339,82.59650630985269,True,0.19188254411878347
0.3173333333333333,82.10427331997609,82.60344927338242,True,0.49917595340633625
0.31766666666666665,82.4046237657339,82.61349342481299,True,0.2088696590790846
0.318,82.70607294102942,82.59548373019933,True,0.110589210830085
0.3183333333333333,82.4046237657339,82.58042837381976,True,0.17580460808585485
0.31866666666666665,82.70607294102942,82.58170137539327,True,0.12437156563615304
0.319,82.4046237657339,82.58299855223825,True,0.17837478650434946
0.3193333333333333,82.70607294102942,82.58432059781515,True,0.12175234321426842
0.31966666666666665,82.4046237657339,82.58566823284777,True,0.18104446711386402
0.32,82.70607294102942,82.58704220673837,True,0.11903073429104438
0.3203333333333333,82.4046237657339,82.58844494198141,True,0.1838211762475055
0.32066666666666666,82.70607294102942,82.58987570088937,True,0.11619724014005328
0.321,82.4046237657339,82.59133533390813,True,0.18671156817423196
0.3213333333333333,82.70607294102942,82.59282472724429,True,0.11324821378512695
0.32166666666666666,82.4046237657339,82.59434480486904,True,0.1897210391351365
0.322,82.70607294102942,82.59589653068257,True,0.11017641034685255
0.3223333333333333,82.4046237657339,82.59748091086283,True,0.19285714512892582
0.32266666666666666,82.70607294102942,82.59909899636705,True,0.10697394466237142
0.323,82.4046237657339,82.60075188566066,True,0.1961281199267546
0.3233333333333333,82.70607294102942,82.60244072766551,True,0.10363221336390893
0.32366666666666666,82.4046237657339,82.60416672495865,True,0.1995429592247433
0.324,82.70607294102942,82.60593113723972,True,0.10014180378969684
0.3243333333333333,82.4046237657339,82.6077352851508,True,0.20311151941689332
0.32466666666666666,82.70607294102942,82.60958055436507,True,0.09649238666435167
0.325,82.4046237657339,82.61146840021847,True,0.20684463448456825
0.3253333333333333,82.70607294102942,82.61340304176092,True,0.09266989926850044
0.32566666666666666,82.4046237657339,82.61538358831758,True,0.21075982258368242
0.326,82.70607294102942,82.61741175063553,True,0.08866119039389275
0.3263333333333333,82.4046237657339,82.61948933410052,True,0.2148655683666192
0.32666666666666666,82.70607294102942,82.62161824603345,True,0.08445469499596925
0.327,82.4046237657339,82.62380050479824,True,0.21917673906433777
0.3273333333333333,82.70607294102942,82.62603824921162,True,0.08003469181780076
0.32766666666666666,82.4046237657339,82.62833374957889,True,0.22370998384498364
0.328,82.70607294102942,82.63068942098468,True,0.07538352004473836
0.3283333333333333,82.4046237657339,82.63310783535356,True,0.22848406961965395
0.32866666666666666,82.70607294102942,82.63559174309181,True,0.07048119793761032
0.329,82.4046237657339,82.63814408177748,True,0.23352031604358103
0.3293333333333333,82.70607294102942,82.64076801812294,True,0.06530492290647771
0.32966666666666666,82.4046237657339,82.64346693822367,True,0.23884317248976572
0.33,82.70607294102942,82.6462445421939,True,0.0598283988355206
0.3303333333333333,82.4046237657339,82.6491098902446,True,0.24448612451070062
0.33066666666666666,82.70607294102942,82.65206279129644,True,0.054010149732974355
0.331,82.4046237657339,82.65510799578703,True,0.25048423005313225
0.3313333333333333,82.70607294102942,82.65825090661244,True,0.047822034416981296
0.33166666666666667,82.4046237657339,82.66149733397424,True,0.25687356824033714
0.33199999999999996,82.70607294102942,82.66485394139133,True,0.04121899963809028
0.3323333333333333,82.4046237657339,82.66832815940096,True,0.2637043936670551
0.33266666666666667,82.70607294102942,82.6719282926532,True,0.03414464837621267
0.33299999999999996,82.4046237657339,82.67566460874242,True,0.27104084300852094
0.3333333333333333,82.70607294102942,82.67954727106337,True,0.026525669966048326
0.33366666666666667,82.4046237657339,82.6835924207267,True,0.278968654992795
0.33399999999999996,82.70607294102942,82.6878111420112,True,0.01826179901821945
0.3343333333333333,82.4046237657339,82.69223398663787,True,0.2876102209039715
0.33466666666666667,82.70607294102942,82.69686696322545,True,0.009205977803972587
0.33499999999999996,82.4046237657339,82.70178182204094,True,0.2971580563070404
0.3353333333333333,82.70607294102942,82.70698026635895,True,0.0009073253295355244
0.33566666666666667,82.4046237657339,82.71262451218593,True,0.3080007464520236
0.33599999999999997,82.70607294102942,82.71869098763267,True,0.012618046603250832
0.3363333333333333,82.4046237657339,82.72557432587922,True,0.3209505601453202
0.33666666666666667,82.70607294102942,82.73394268373387,True,0.027869742704453415
0.33699999999999997,82.4046237657339,82.72636092249437,True,0.321737156760463
0.3373333333333333,82.70607294102942,82.70502794662524,True,0.0010449944041823755
0.33766666666666667,82.4046237657339,82.70632980395446,True,0.3017060382205585
0.33799999999999997,82.70607294102942,82.7076570120021,True,0.0015840709726830937
0.3383333333333333,82.4046237657339,82.70901031631698,True,0.3043865505830752
0.33866666666666667,82.70607294102942,82.71039049249408,True,0.0043175514646662805
0.33899999999999997,82.4046237657339,82.71179834775835,True,0.3071745820244445
0.3393333333333333,82.70607294102942,82.71323472267729,True,0.007161781647866405
0.3396666666666667,82.4046237657339,82.71470049297828,True,0.31007672724437896
0.33999999999999997,82.70607294102942,82.71619657151048,True,0.010123630481061241
0.3403333333333333,82.4046237657339,82.7177258076173,True,0.31310204188339696
0.3406666666666667,82.70607294102942,82.71928741281074,True,0.013214471781324733
0.34099999999999997,82.4046237657339,82.72088243186762,True,0.3162586661337201
0.3413333333333333,82.70607294102942,82.72251195664981,True,0.016439015620392183
0.3416666666666667,82.4046237657339,82.72417712897098,True,0.31955336323707684
0.34199999999999997,82.70607294102942,82.72587914375406,True,0.019806202724637956
0.3423333333333333,82.4046237657339,82.72761925238288,True,0.3229954866489777
0.3426666666666667,82.70607294102942,82.72939876642835,True,0.02332582539892769
0.34299999999999997,82.4046237657339,82.73121906164549,True,0.32659529591158787
0.3433333333333333,82.70607294102942,82.73308158237015,True,0.027008641340728445
0.3436666666666667,82.4046237657339,82.73498784637329,True,0.3303640806393844
0.344,82.70607294102942,82.73693945006849,True,0.030866509039071843
0.3443333333333333,82.4046237657339,82.73893807452133,True,0.33431430878742674
0.3446666666666667,82.70607294102942,82.74098549160676,True,0.03491255057734577
0.345,82.4046237657339,82.74308357172188,True,0.33845980598798064
0.3453333333333333,82.70607294102942,82.74523751031424,True,0.03916456928482148
0.3456666666666667,82.4046237657339,82.74744642616,True,0.3428226604260942
0.346,82.70607294102942,82.74971255685894,True,0.043639615829519585
0.3463333333333333,82.4046237657339,82.75203828036051,True,0.3474145146266068
0.3466666666666667,82.70607294102942,82.7544261256736,True,0.04835318464418492
0.347,82.4046237657339,82.75687879071951,True,0.35225502498560957
0.3473333333333333,82.70607294102942,82.75939915794213,True,0.053326216912708446
0.3476666666666667,82.4046237657339,82.76199031452211,True,0.35736654878820673
0.348,82.70607294102942,82.76465558086706,True,0.05858263983763834
0.34833333333333333,82.4046237657339,82.76739852434748,True,0.36277475861358255
0.3486666666666667,82.70607294102942,82.77022302447998,True,0.0641500834505564
0.349,82.4046237657339,82.77313324771274,True,0.36850948197883326
0.34933333333333333,82.70607294102942,82.77613381854799,True,0.07006087751857137
0.3496666666666667,82.4046237657339,82.7792296525956,True,0.37460588686170126
0.35,82.70607294102942,82.78242643089531,True,0.07635348986589463
0.35033333333333333,82.4046237657339,82.78573669760883,True,0.3811129318749238
0.3506666666666667,82.70607294102942,82.78916182074065,True,0.08308887971122658
0.351,82.4046237657339,82.79270918254134,True,0.38808541680744213
0.35133333333333333,82.70607294102942,82.79638830358951,True,0.09031536256009076
0.3516666666666666,82.4046237657339,82.80020896069283,True,0.39558519495892597
0.352,82.70607294102942,82.80418372530231,True,0.09811078427289033
0.35233333333333333,82.4046237657339,82.80832707526577,True,0.4037033095318634
0.35266666666666663,82.70607294102942,82.81265534968847,True,0.106582408659051
0.353,82.4046237657339,82.81719430556248,True,0.41257053982857883
0.35333333333333333,82.70607294102942,82.82196260579306,True,0.11588966476364249
0.35366666666666663,82.4046237657339,82.8270184244589,True,0.42239465872499693
0.354,82.70607294102942,82.83237046266592,True,0.1262975216365021
0.35433333333333333,82.4046237657339,82.83818699836044,True,0.43356323262653973
0.35466666666666663,82.70607294102942,82.84440704181712,True,0.13833410078770214
0.355,82.4046237657339,82.8516721013987,True,0.4470483356648032
0.35533333333333333,82.70607294102942,82.85710904414472,True,0.15103610311530247
0.35566666666666663,82.4046237657339,82.82900504846864,True,0.4243812827347426
0.356,82.70607294102942,82.83032412122307,True,0.124251180193653
0.35633333333333334,82.4046237657339,82.83166941300064,True,0.42704564726673766
0.35666666666666663,82.70607294102942,82.8330417105874,True,0.1269687695579762
0.357,82.4046237657339,82.83444183309174,True,0.4298180673578429
0.35733333333333334,82.70607294102942,82.8358706336882,True,0.1297976926587836
0.35766666666666663,82.4046237657339,82.83732900148138,True,0.432705235747477
0.358,82.70607294102942,82.83881786351688,True,0.13274492248746128
0.35833333333333334,82.4046237657339,82.84033818691678,True,0.4357144211828796
0.35866666666666663,82.70607294102942,82.84189098119919,True,0.13581804016976662
0.359,82.4046237657339,82.84347730075436,True,0.4388535350204563
0.35933333333333334,82.70607294102942,82.84509824752168,True,0.13902530649225753
0.35966666666666663,82.4046237657339,82.84675497388463,True,0.4421312081507267
0.36,82.70607294102942,82.84844868580016,True,0.14237574477074588
0.36033333333333334,82.4046237657339,82.85018297393256,True,0.44555920819865946
0.36066666666666664,82.70607294102942,82.85195698831622,True,0.14588404728679905
0.361,82.4046237657339,82.85377212803067,True,0.4491483622967678
0.36133333333333334,82.70607294102942,82.8556298621415,True,0.14955692111207952
0.36166666666666664,82.4046237657339,82.85753173456104,True,0.4529079688271338
0.362,82.70607294102942,82.85947936944574,True,0.1534064284163179
0.36233333333333334,82.4046237657339,82.86147447709118,True,0.4568507113572764
0.36266666666666664,82.70607294102942,82.86351886046121,True,0.15744591943179387
0.363,83.00862486518942,82.86561442248517,True,0.14301044270425223
0.36333333333333334,82.70607294102942,82.8677631739627,True,0.16169023293328166
0.36366666666666664,83.00862486518942,82.86996724292443,True,0.13865762226498646
0.364,82.70607294102942,82.87222888401887,True,0.16615594298944814
0.36433333333333334,83.00862486518942,82.87455049126383,True,0.13407437392558563
0.36466666666666664,82.70607294102942,82.87693460849356,True,0.17086166746413767
0.365,83.00862486518942,82.87938394839733,True,0.12924091679208516
0.36533333333333334,82.70607294102942,82.88190559099512,True,0.1758326499656988
0.36566666666666664,83.00862486518942,82.88449881655312,True,0.12412604863629895
0.366,82.70607294102942,82.88716698110602,True,0.18109404007660146
0.36633333333333334,83.00862486518942,82.88991370864242,True,0.11871115654699338
0.36666666666666664,82.70607294102942,82.89274290187471,True,0.1866699608452933
0.367,83.00862486518942,82.89565880273669,True,0.11296606245272756
0.36733333333333335,82.70607294102942,82.89866602329354,True,0.19259308226412486
0.36766666666666664,83.00862486518942,82.90176960076143,True,0.10685526442799187
0.368,82.70607294102942,82.90497511049779,True,0.19890216946836858
0.36833333333333335,83.00862486518942,82.90828862726084,True,0.10033623792857327
0.36866666666666664,82.70607294102942,82.91171712324704,True,0.20564418221762537
0.369,83.00862486518942,82.91526802506748,True,0.09335684012194179
0.36933333333333335,82.70607294102942,82.91895052471624,True,0.21287758368681864
0.36966666666666664,83.00862486518942,82.9227737417005,True,0.0858511234889221
0.37,82.70607294102942,82.9267508351815,True,0.22067789415207528
0.37033333333333335,83.00862486518942,82.93090368593096,True,0.07772117925846089
0.37066666666666664,82.70607294102942,82.93524391052604,True,0.22917096949662152
0.371,83.00862486518942,82.93978773113989,True,0.06883713404953085
0.37133333333333335,82.70607294102942,82.9445675240828,True,0.2384945830533809
0.37166666666666665,83.00862486518942,82.94961270876911,True,0.05901215642030877
0.372,82.70607294102942,82.95497600798204,True,0.24890306695262154
0.3723333333333333,83.00862486518942,82.96073198835033,True,0.04789287683908583
0.37266666666666665,82.70607294102942,82.96697285040412,True,0.2608999093747002
0.373,83.00862486518942,82.9739801146695,True,0.034644750519916556
0.3733333333333333,82.70607294102942,82.98205107790214,True,0.2759781368727232
0.37366666666666665,83.00862486518942,82.96213693599924,True,0.04648792919017808
0.374,82.70607294102942,82.95494998561601,True,0.24887704458659243
0.3743333333333333,83.00862486518942,82.95632481533498,True,0.0523000498544377
0.37466666666666665,82.70607294102942,82.95772789685017,True,0.25165495582075437
0.375,83.00862486518942,82.95916010657406,True,0.049464758615357596
0.3753333333333333,82.70607294102942,82.96062418136327,True,0.25455124033385346
0.37566666666666665,83.00862486518942,82.96211936146264,True,0.04650550372677742
0.376,82.70607294102942,82.9636466483272,True,0.2575737072977802
0.3763333333333333,83.00862486518942,82.96520708788759,True,0.04341777730182628
0.37666666666666665,82.70607294102942,82.96680177317874,True,0.26072883214932574
0.377,83.00862486518942,82.96843184717459,True,0.04019301801483266
0.3773333333333333,82.70607294102942,82.97009850585096,True,0.2640255648215373
0.37766666666666665,83.00862486518942,82.9718030015063,True,0.03682186368311591
0.378,82.70607294102942,82.9735466463579,True,0.26747370532848436
0.3783333333333333,83.00862486518942,82.97533081643611,True,0.033294048753305105
0.37866666666666665,82.70607294102942,82.97715695587218,True,0.27108401484275646
0.379,83.00862486518942,82.97902658146198,True,0.029598283727438
0.3793333333333333,82.70607294102942,82.9809412878961,True,0.2748683468666826
0.37966666666666665,83.00862486518942,82.98290275307903,True,0.025722112110386774
0.38,82.70607294102942,82.98491274468401,True,0.2788398036545914
0.3803333333333333,83.00862486518942,82.98697620610739,True,0.021648659082032395
0.38066666666666665,82.70607294102942,82.9890922564697,True,0.2830193154402849
0.381,83.00862486518942,82.99126299419133,True,0.01736187099808717
0.3813333333333333,82.70607294102942,82.99349064210573,True,0.2874177010763077
0.38166666666666665,83.00862486518942,82.99577755629949,True,0.012847308889931242
0.382,82.70607294102942,82.9981262401152,True,0.29205329908577937
0.3823333333333333,83.00862486518942,83.00053935648256,True,0.008085508706855649
0.38266666666666665,82.70607294102942,83.0030197435346,True,0.29694680250517536
0.383,83.00862486518942,83.00557043587122,True,0.003054429318197549
0.3833333333333333,82.70607294102942,83.00819467540272,True,0.30212173437330136
0.38366666666666666,83.00862486518942,83.01089595780701,True,0.002271092617590398
0.384,82.70607294102942,83.01367801570849,True,0.30760507467907416
0.3843333333333333,83.00862486518942,83.01654493733685,True,0.007920072147427959
0.38466666666666666,82.70607294102942,83.0195010508412,True,0.31342810981178104
0.385,83.00862486518942,83.022551247969,True,0.013926382779587243
0.3853333333333333,82.70607294102942,83.02570674907865,True,0.31963380804923247
0.38566666666666666,83.00862486518942,83.02896808204002,True,0.020343216850605472
0.386,82.70607294102942,83.03234138900798,True,0.32626844797856336
0.3863333333333333,83.00862486518942,83.0358342526369,True,0.0272093874474848
0.38666666666666666,82.70607294102942,83.03945439962915,True,0.3333814585997317
0.387,83.00862486518942,83.04321134978717,True,0.03458648459775304
0.3873333333333333,82.70607294102942,83.04711569289965,True,0.3410427518702335
0.38766666666666666,83.00862486518942,83.05117904081781,True,0.04255417562839625
0.388,82.70607294102942,83.05541834492634,True,0.34934540389691904
0.3883333333333333,83.00862486518942,83.0598456390618,True,0.051220773872387326
0.38866666666666666,82.70607294102942,83.0644948328833,True,0.3584218918538795
0.389,83.00862486518942,83.06936892512432,True,0.060744059934904726
0.3893333333333333,82.70607294102942,83.07455377401627,True,0.3684808329868474
0.38966666666666666,83.00862486518942,83.08000250841842,True,0.07137764322899898
0.39,82.70607294102942,83.08598217989746,True,0.37990923886803785
0.3903333333333333,83.00862486518942,83.09229555410552,True,0.08367068891610074
0.39066666666666666,82.70607294102942,83.09974749589264,True,0.39367455486322456
0.391,83.00862486518942,83.10842176507177,True,0.09979689988234952
0.3913333333333333,82.70607294102942,83.10856765040744,True,0.40249470937801846
0.39166666666666666,83.00862486518942,83.08018932723687,True,0.07156446204744782
0.39199999999999996,82.70607294102942,83.0816089939701,True,0.3755360529406744
0.3923333333333333,83.00862486518942,83.08305873277612,True,0.07443386758670556
0.39266666666666666,82.70607294102942,83.08453950586267,True,0.37846656483324637
0.39299999999999996,83.00862486518942,83.08605231764489,True,0.077427452455467
0.3933333333333333,82.70607294102942,83.08759821718922,True,0.381525276159806
0.39366666666666666,83.00862486518942,83.08917830084577,True,0.08055343565635553
0.39399999999999996,82.70607294102942,83.09079371507237,True,0.3847207740429468
0.3943333333333333,83.00862486518942,83.09244565947772,True,0.08382079428830025
0.39466666666666667,82.70607294102942,83.09413539014393,True,0.38806244911451415
0.39499999999999996,83.00862486518942,83.09586422317166,True,0.08723935798224147
0.3953333333333333,82.70607294102942,83.09763600507878,True,0.3915630640493646
0.39566666666666667,83.00862486518942,83.09944988645469,True,0.09082502126527459
0.39599999999999996,82.70607294102942,83.10130740042783,True,0.3952344593984094
0.3963333333333333,83.00862486518942,83.10321015887517,True,0.09458529368575341
0.39666666666666667,82.70607294102942,83.10515985817527,True,0.3990869171458513
0.39699999999999996,83.00862486518942,83.1071582852294,True,0.09853342003998478
0.3973333333333333,82.70607294102942,83.10920732437454,True,0.40313438334511886
0.39766666666666667,83.00862486518942,83.11130896490232,True,0.10268409971290282
0.39799999999999996,82.70607294102942,83.11346530916322,True,0.40739236813379875
0.3983333333333333,83.00862486518942,83.11567858261063,True,0.10705371742120917
0.39866666666666667,82.70607294102942,83.11795114252745,True,0.4118782014980269
0.39899999999999997,83.00862486518942,83.12028549307642,True,0.11166062788700515
0.3993333333333333,82.70607294102942,83.12268429219615,True,0.4166113511667362
0.39966666666666667,83.00862486518942,83.12515037796724,True,0.11652551277782663
0.39999999999999997,82.70607294102942,83.12768676572982,True,0.4216138247004011
0.4003333333333333,83.00862486518942,83.13030123101292,True,0.12167636582350383
0.40066666666666667,82.70607294102942,83.1329931052591,True,0.42692016422968493
0.40099999999999997,83.00862486518942,83.13576618048862,True,0.12714131529919825
0.4013333333333333,82.70607294102942,83.13862449801711,True,0.4325515569876899
0.40166666666666667,83.00862486518942,83.14157248665245,True,0.13294762146303185
0.40199999999999997,82.70607294102942,83.14461490912338,True,0.43854196809395773
0.4023333333333333,83.00862486518942,83.14775699039075,True,0.13913212520132845
0.4026666666666667,82.70607294102942,83.15100449647846,True,0.4449315554490454
0.40299999999999997,83.00862486518942,83.15436361814955,True,0.14573875296012773
0.4033333333333333,82.70607294102942,83.15784167116018,True,0.451768730130766
0.4036666666666667,83.00862486518942,83.1614458810782,True,0.15282101588877595
0.40399999999999997,82.70607294102942,83.16518632559433,True,0.45911338456491535
0.4043333333333333,83.00862486518942,83.16907083035316,True,0.16044596516374554
0.4046666666666667,82.70607294102942,83.17311523842488,True,0.46704229739546577
0.40499999999999997,83.00862486518942,83.17732569965216,True,0.1687008344627401
0.4053333333333333,82.70607294102942,83.1817431964022,True,0.4756702553727763
0.4056666666666667,83.00862486518942,83.18635989054117,True,0.17773502535175112
0.40599999999999997,83.31228357224404,83.1912253281736,True,0.12105824407043997
0.4063333333333333,83.00862486518942,83.19634491857005,True,0.18772005338063025
0.4066666666666667,83.31228357224404,83.20179333763355,True,0.11049023461049501
0.407,83.00862486518942,83.20761958433843,True,0.19899471914901312
0.4073333333333333,83.31228357224404,83.21389657594702,True,0.09838699629702319
0.4076666666666667,83.00862486518942,83.22098476187365,True,0.21235989668423372
0.408,83.31228357224404,83.22863726058245,True,0.08364631166159597
0.4083333333333333,83.00862486518942,83.21289555646356,True,0.20427069127414654
0.4086666666666667,83.31228357224404,83.20459065661097,True,0.10769291563306638
0.409,83.00862486518942,83.20603674736589,True,0.19741188217646766
0.4093333333333333,83.31228357224404,83.20751414973557,True,0.10476942250846832
0.4096666666666667,83.00862486518942,83.20902388695411,True,0.20039902176469582
0.41,83.31228357224404,83.21056702802754,True,0.10171654421650089
0.4103333333333333,83.00862486518942,83.21214678989338,True,0.20352192470396346
0.4106666666666667,83.31228357224404,83.21376237795837,True,0.09852119428566652
0.411,83.00862486518942,83.2154150247767,True,0.20679015958728542
0.41133333333333333,83.31228357224404,83.21710602155886,True,0.09517755068517886
0.4116666666666666,83.00862486518942,83.21883672187566,True,0.21021185668624298
0.412,83.31228357224404,83.22060854572865,True,0.09167502651538939
0.41233333333333333,83.00862486518942,83.22242298394926,True,0.2137981187598399
0.4126666666666666,83.31228357224404,83.22428160299108,True,0.08800196925295722
0.413,83.00862486518942,83.22618605019113,True,0.2175611850017134
0.41333333333333333,83.31228357224404,83.2281380594687,True,0.08414551277533633
0.4136666666666666,83.00862486518942,83.23013945769567,True,0.22151459250625294
0.414,83.31228357224404,83.23219217149754,True,0.08009140074649679
0.41433333333333333,83.00862486518942,83.23429823518005,True,0.2256733699906306
0.41466666666666663,83.31228357224404,83.23645979871417,True,0.07582377352987635
0.415,83.00862486518942,83.23867913807598,True,0.23005427288656222
0.41533333333333333,83.31228357224404,83.24096235528074,True,0.07132121696329818
0.41566666666666663,83.00862486518942,83.24330862182553,True,0.23468375663611596
0.416,83.31228357224404,83.24572068510301,True,0.06656288714103198
0.41633333333333333,83.00862486518942,83.24820147425403,True,0.23957660906461342
0.41666666666666663,83.31228357224404,83.25075411359644,True,0.06152945864759829
0.417,83.00862486518942,83.25338194736834,True,0.24475708217892134
0.41733333333333333,83.31228357224404,83.25608856012339,True,0.05619501212065359
0.41766666666666663,83.00862486518942,83.25887780400504,True,0.2502529388156205
0.418,83.31228357224404,83.26175383895777,True,0.0505297332862682
0.41833333333333333,83.00862486518942,83.26472114720455,True,0.256096282015136
0.41866666666666663,83.31228357224404,83.26778463260096,True,0.04449893964307705
0.419,83.00862486518942,83.27094956695072,True,0.26232470176130107
0.41933333333333334,83.31228357224404,83.27422186457926,True,0.0380617076647809
0.41966666666666663,83.00862486518942,83.27760778495777,True,0.268982919768348
0.42,83.31228357224404,83.28111471816301,True,0.031168854081030872
0.42033333333333334,83.00862486518942,83.28475824988281,True,0.2761333846933951
0.42066666666666663,83.31228357224404,83.28854099146822,True,0.023742580775817146
0.421,83.00862486518942,83.29247252080343,True,0.2838476556140108
0.42133333333333334,83.31228357224404,83.29656580762776,True,0.015717764616283603
0.42166666666666663,83.00862486518942,83.30083392035647,True,0.2922090551670493
0.422,83.31228357224404,83.305294381647,True,0.006989190597039396
0.42233333333333334,83.00862486518942,83.3099677917873,True,0.30134292659788287
0.42266666666666663,83.31228357224404,83.31487716373307,True,0.002593591489031155
0.423,83.00862486518942,83.32006348770884,True,0.3114386225194181
0.42333333333333334,83.31228357224404,83.3255511780327,True,0.013267605788655601
0.42366666666666664,83.00862486518942,83.33144933796264,True,0.32282447277322035
0.424,83.31228357224404,83.33775027017404,True,0.025466697929999782
0.42433333333333334,83.00862486518942,83.34485514579332,True,0.3362302806038997
0.42466666666666664,83.31228357224404,83.35250566377864,True,0.0402220915346021
0.425,83.00862486518942,83.36344635062127,True,0.3548214854318559
0.42533333333333334,83.31228357224404,83.32950103998905,True,0.017217467745012982
0.42566666666666664,83.00862486518942,83.33098721740825,True,0.3223623522188319
0.426,83.31228357224404,83.3325064969799,True,0.020222924735861625
0.42633333333333334,83.00862486518942,83.33405999215847,True,0.3254351269690545
0.42666666666666664,83.31228357224404,83.33564886773094,True,0.023365295486897253
0.427,83.00862486518942,83.33727434293418,True,0.3286494777447615
0.42733333333333334,83.31228357224404,83.33893769482115,True,0.026654122577113526
0.42766666666666664,83.00862486518942,83.34064026190606,True,0.33201539671664193
0.428,83.31228357224404,83.34238344809869,True,0.030099875854645575
0.42833333333333334,83.00862486518942,83.34416872698002,True,0.3355438617905975
0.42866666666666664,83.31228357224404,83.34599764646912,True,0.03371407422507389
0.429,83.00862486518942,83.34787183386071,True,0.33924696867129
0.42933333333333334,83.31228357224404,83.34979300141332,True,0.03750942916927613
0.42966666666666664,83.00862486518942,83.35176295230205,True,0.34313808711263505
0.43,83.31228357224404,83.35378358746703,True,0.041500015222993625
0.43033333333333335,83.00862486518942,83.3558601366647,True,0.34723527147528443
0.43066666666666664,83.31228357224404,83.35799174386986,True,0.04570817162581875
0.431,83.00862486518942,83.36018067060502,True,0.3515558054156003
0.43133333333333335,83.31228357224404,83.36242931303171,True,0.05014574078766998
0.43166666666666664,83.00862486518942,83.36474021249182,True,0.35611534730240635
0.432,83.31228357224404,83.36711606927773,True,0.05483249703368642
0.4323333333333333,83.00862486518942,83.3695597564619,True,0.36093489127247835
0.43266666666666664,83.31228357224404,83.37207433634863,True,0.05979076410459072
0.433,83.00862486518942,83.37466308087512,True,0.3660382156857054
0.4333333333333333,83.31228357224404,83.37732948835739,True,0.06504591611334831
0.43366666666666664,83.00862486518942,83.38007731932716,True,0.37145245413773864
0.434,83.31228357224404,83.38291060363592,True,0.07062703139187931
0.4343333333333333,83.00862486518942,83.3858337160056,True,0.3772088508161886
0.43466666666666665,83.31228357224404,83.3888513409484,True,0.07656776870436488
0.435,83.00862486518942,83.39196865464439,True,0.38334378945496894
0.4353333333333333,83.31228357224404,83.39519770741043,True,0.08291413516639068
0.43566666666666665,83.00862486518942,83.39853894365179,True,0.38991407846236825
0.436,83.31228357224404,83.40199907127077,True,0.08971549902672393
0.4363333333333333,83.00862486518942,83.40558589407982,True,0.3969610288904022
0.43666666666666665,83.31228357224404,83.40930776334501,True,0.09702419110097082
0.437,83.00862486518942,83.4131744694116,True,0.4045496042221828
0.4373333333333333,83.31228357224404,83.41719702167187,True,0.10491344942782632
0.43766666666666665,83.00862486518942,83.42138780558638,True,0.41276294039695927
0.438,83.31228357224404,83.42576288120873,True,0.11347930896468483
0.4383333333333333,83.00862486518942,83.43033743707964,True,0.42171257189022526
0.43866666666666665,83.31228357224404,83.43513906727225,True,0.12285549502820459
0.439,83.00862486518942,83.44018336612775,True,0.4315585009383369
0.4393333333333333,83.31228357224404,83.44552938499793,True,0.13324581275388425
0.43966666666666665,83.00862486518942,83.45117880362311,True,0.44255393843369006
0.44,83.31228357224404,83.45729271649294,True,0.14500914424890254
0.4403333333333333,83.00862486518942,83.46384676850951,True,0.45522190332009416
0.44066666666666665,83.31228357224404,83.47130336321092,True,0.15901979096688024
0.441,83.00862486518942,83.47980177169464,True,0.4711769065052209
0.4413333333333333,83.31228357224404,83.47929766554695,True,0.16701409330291028
0.44166666666666665,83.00862486518942,83.45490790613832,True,0.4462830409488987
0.442,83.31228357224404,83.4564447414065,True,0.1441611691624587
0.4423333333333333,83.00862486518942,83.45801684185946,True,0.44939197667004294
0.44266666666666665,83.31228357224404,83.45962542954668,True,0.14734185730263505
0.443,83.00862486518942,83.46127178457289,True,0.45264691938346857
0.4433333333333333,83.31228357224404,83.46295724874922,True,0.15067367650517838
0.44366666666666665,83.00862486518942,83.4646832295147,True,0.4560583643252869
0.444,83.31228357224404,83.46645120423011,True,0.15416763198606986
0.4443333333333333,83.00862486518942,83.46826272476271,True,0.4596378595732915
0.44466666666666665,83.31228357224404,83.47011942262546,True,0.15783585038141723
0.445,83.00862486518942,83.47202301429658,True,0.4633981491071637
0.4453333333333333,83.31228357224404,83.47397828441969,True,0.16169471217564535
0.44566666666666666,83.61705311098055,83.47598438465273,True,0.1410687263278163
0.446,83.31228357224404,83.47804334326985,True,0.16575977102580453
0.4463333333333333,83.61705311098055,83.48015730279249,True,0.1368958081880578
0.44666666666666666,83.31228357224404,83.48232852990449,True,0.17004495766045125
0.447,83.61705311098055,83.48455942462866,True,0.13249368635189285
0.4473333333333333,83.31228357224404,83.48685253219585,True,0.17456895995181299
0.44766666666666666,83.61705311098055,83.48921055559184,True,0.12784255538871037
0.448,83.31228357224404,83.49163636820072,True,0.17935279595667453
0.4483333333333333,83.61705311098055,83.49413303418181,True,0.12292007679873507
0.44866666666666666,83.31228357224404,83.4967038166537,True,0.1844202444096652
0.449,83.61705311098055,83.49935221837059,True,0.1177008926099603
0.4493333333333333,83.31228357224404,83.50208196806274,True,0.1897983958186984
0.44966666666666666,83.61705311098055,83.5048971158748,True,0.11215599510575203
0.45,83.31228357224404,83.50780194630147,True,0.19551837405742845
0.4503333333333333,83.61705311098055,83.51080706806358,True,0.10624604291696471
0.45066666666666666,83.31228357224404,83.51391221003719,True,0.20162863779314932
0.451,83.61705311098055,83.51712310875001,True,0.09993000223053627
0.4513333333333333,83.31228357224404,83.52044574100388,True,0.2081621687598414
0.45166666666666666,83.61705311098055,83.52388701210559,True,0.09316609887495986
0.45199999999999996,83.31228357224404,83.5274542605296,True,0.21517068828555352
0.4523333333333333,83.61705311098055,83.5311558239234,True,0.0858972870571506
0.45266666666666666,83.31228357224404,83.53500130890379,True,0.22271773665974592
0.45299999999999996,83.61705311098055,83.5390004998692,True,0.07805261111134598
0.4533333333333333,83.31228357224404,83.54316753925329,True,0.23088396700924818
0.45366666666666666,83.61705311098055,83.54751246481432,True,0.06954064616623157
0.45399999999999996,83.31228357224404,83.55206021888289,True,0.23977664663884468
0.4543333333333333,83.61705311098055,83.55681535963191,True,0.0602377513486374
0.45466666666666666,83.31228357224404,83.56183224302866,True,0.24954867078461973
0.45499999999999996,83.61705311098055,83.56708811016652,True,0.04996500081402644
0.4553333333333333,83.31228357224404,83.57274106072026,True,0.2604574884762201
0.45566666666666666,83.61705311098055,83.57869511234716,True,0.03835799863338707
0.45599999999999996,83.31228357224404,83.5852364470067,True,0.27295287476265173
0.4563333333333333,83.61705311098055,83.59229846356057,True,0.024754647419982234
0.45666666666666667,83.31228357224404,83.60038579009452,True,0.2881022178504793
0.45699999999999996,83.61705311098055,83.61211754109763,True,0.004935569882917434
0.4573333333333333,83.31228357224404,83.60257053788543,True,0.29028696564138556
0.45766666666666667,83.61705311098055,83.58079541727508,True,0.0362576937054655
0.45799999999999996,83.31228357224404,83.58239597199264,True,0.2701123997485979
0.4583333333333333,83.61705311098055,83.58403450260424,True,0.033018608376309544
0.45866666666666667,83.31228357224404,83.58571237030257,True,0.27342879805853215
0.45899999999999996,83.61705311098055,83.58743100323693,True,0.029622107743620063
0.4593333333333333,83.31228357224404,83.58919190087953,True,0.27690832863548565
0.45966666666666667,83.61705311098055,83.59099663873698,True,0.02605647224356744
0.45999999999999996,83.31228357224404,83.59284687353106,True,0.28056330128701745
0.4603333333333333,83.61705311098055,83.5947472355738,True,0.02230587540674378
0.46066666666666667,83.31228357224404,83.5966968895562,True,0.2844133173121577
0.46099999999999997,83.61705311098055,83.59869778827992,True,0.018355322700628562
0.4613333333333333,83.31228357224404,83.60075199328143,True,0.28846842103739334
0.46166666666666667,83.61705311098055,83.60286168278452,True,0.014191428196028255
0.46199999999999997,83.31228357224404,83.6050291612029,True,0.2927455889588657
0.4623333333333333,83.61705311098055,83.60725686905707,True,0.00979624192348183
0.46266666666666667,83.31228357224404,83.60954739430821,True,0.297263822064167
0.46299999999999997,83.61705311098055,83.61190348552321,True,0.005149625457335105
0.4633333333333333,83.31228357224404,83.61432806449446,True,0.30204449225041685
0.46366666666666667,83.61705311098055,83.6168242458519,True,0.00022886512864772612
0.46399999999999997,83.31228357224404,83.61939534803165,True,0.30711177578760385
0.4643333333333333,83.61705311098055,83.62204492749154,True,0.00499181651099434
0.4646666666666667,83.31228357224404,83.62477677810203,True,0.3124932058579901
0.46499999999999997,83.61705311098055,83.62759500138625,True,0.010541890405704635
0.4653333333333333,83.31228357224404,83.63050958448648,True,0.31822601224243385
0.4656666666666667,83.61705311098055,83.63352026557254,True,0.016467154591992994
0.46599999999999997,83.31228357224404,83.63663220814438,True,0.3243486359003356
0.4663333333333333,83.61705311098055,83.63985113836215,True,0.022798027381597308
0.4666666666666667,83.31228357224404,83.64318319780963,True,0.3308996255655927
0.46699999999999997,83.61705311098055,83.64663524018972,True,0.029582129209174468
0.4673333333333333,83.31228357224404,83.65021477989205,True,0.3379312076480119
0.4676666666666667,83.61705311098055,83.65393009280068,True,0.03687698182012866
0.46799999999999997,83.31228357224404,83.65779083715752,True,0.34550726491347916
0.4683333333333333,83.61705311098055,83.66180693672185,True,0.04475382574129583
0.4686666666666667,83.31228357224404,83.66599192687247,True,0.35370835462842365
0.469,83.61705311098055,83.67035704901053,True,0.05330393802998401
0.4693333333333333,83.31228357224404,83.67492410890291,True,0.36264053665887275
0.4696666666666667,83.61705311098055,83.67970301844798,True,0.06264990746743138
0.47,83.31228357224404,83.68473614112659,True,0.37245256888255085
0.4703333333333333,83.61705311098055,83.690041600476,True,0.07298848949544379
0.4706666666666667,83.31228357224404,83.69569292486347,True,0.38340935261942377
0.471,83.61705311098055,83.70168720489286,True,0.0846340939123138
0.4713333333333333,83.31228357224404,83.70818499395568,True,0.3959014217116419
0.4716666666666667,83.61705311098055,83.71526092687691,True,0.09820781589635885
0.472,83.31228357224404,83.72317459141325,True,0.4108910191692132
0.4723333333333333,83.61705311098055,83.73329412729761,True,0.11624101631706196
0.4726666666666666,83.31228357224404,83.72097564450287,True,0.4086920722588303
0.473,83.61705311098055,83.70552376272737,True,0.08847065174681745
0.47333333333333333,83.31228357224404,83.7071624533672,True,0.3948788811231623
0.4736666666666666,83.61705311098055,83.70884100903908,True,0.09178789805852716
0.474,83.31228357224404,83.71056089440806,True,0.3982773221640201
0.47433333333333333,83.61705311098055,83.7123236479848,True,0.0952705370042537
0.4746666666666666,83.31228357224404,83.71413088700962,True,0.40184731476557545
0.475,83.61705311098055,83.71598431286782,True,0.09893120188726812
0.47533333333333333,83.31228357224404,83.7178886500603,True,0.40560507781626143
0.4756666666666666,83.61705311098055,83.71984307416716,True,0.10278996318660916
0.476,83.31228357224404,83.72184959343328,True,0.40956602118923513
0.47633333333333333,83.61705311098055,83.7239103288802,True,0.10685721789964475
0.4766666666666666,83.31228357224404,83.72602752252857,True,0.4137439502845268
0.477,83.61705311098055,83.72820354730105,True,0.11115043632050003
0.47733333333333333,83.31228357224404,83.73044091729209,True,0.41815734504804425
0.47766666666666663,83.61705311098055,83.73274229953597,True,0.11568918855542165
0.478,83.31228357224404,83.7351105277024,True,0.4228269554583619
0.47833333333333333,83.61705311098055,83.73754861503309,True,0.12049550405254195
0.47866666666666663,83.31228357224404,83.74005977496068,True,0.4277762027166432
0.479,83.61705311098055,83.74264743182499,True,0.1255943208444421
0.47933333333333333,83.31228357224404,83.74531525741463,True,0.4330316851705902
0.47966666666666663,83.61705311098055,83.74806716819745,True,0.13101405721690185
0.48,83.31228357224404,83.75090740152643,True,0.43862382928239185
0.48033333333333333,83.61705311098055,83.7538462183705,True,0.13679310738994843
0.48066666666666663,83.31228357224404,83.75688340469164,True,0.4445998324475937
0.481,83.61705311098055,83.7600242906746,True,0.14297117969404383
0.48133333333333334,83.31228357224404,83.76327479608838,True,0.45099122384434054
0.48166666666666663,83.61705311098055,83.76664125968888,True,0.14958814870833237
0.482,83.31228357224404,83.77013076276937,True,0.4578471905253281
0.48233333333333334,83.61705311098055,83.7737510616411,True,0.15669795066054348
0.48266666666666663,83.31228357224404,83.77751068956256,True,0.46522711731851984
0.483,83.61705311098055,83.78141962810788,True,0.16436651712733408
0.48333333333333334,83.92293754499731,83.78548805418708,True,0.1374494908102264
0.48366666666666663,83.61705311098055,83.78973001113378,True,0.17267690015323467
0.484,83.92293754499731,83.79415685773347,True,0.1287806872638413
0.48433333333333334,83.61705311098055,83.7987913944135,True,0.1817382834329493
0.48466666666666663,83.92293754499731,83.8036430764208,True,0.11929446857651271
0.485,83.61705311098055,83.80875665757524,True,0.19170354659469524
0.48533333333333334,83.92293754499731,83.81414852095628,True,0.1087890240410303
0.48566666666666664,83.61705311098055,83.81989712635354,True,0.2028440153729889
0.486,83.92293754499731,83.82599518731998,True,0.09694235767733517
0.48633333333333334,83.61705311098055,83.83261200727608,True,0.2155588962955335
0.48666666666666664,83.92293754499731,83.83981918934121,True,0.08311835565609726
0.487,83.61705311098055,83.84788405510984,True,0.23083094412929483
0.48733333333333334,83.92293754499731,83.8582570730394,True,0.06468047195791371
0.48766666666666664,83.61705311098055,83.84608120973074,True,0.2290280987501916
0.488,83.92293754499731,83.83059890651313,True,0.09233863848417911
0.48833333333333334,83.61705311098055,83.83228536841128,True,0.2152322574307277
0.48866666666666664,83.92293754499731,83.83401401149122,True,0.08892353350609028
0.489,83.61705311098055,83.83578642920996,True,0.2187333182294111
0.48933333333333334,83.92293754499731,83.83760429759344,True,0.08533324740386661
0.48966666666666664,83.61705311098055,83.83946938101761,True,0.22241627003705844
0.49,83.92293754499731,83.84138353816351,True,0.0815540068337981
0.49033333333333334,83.61705311098055,83.84335185280295,True,0.22629874182240428
0.49066666666666664,83.92293754499731,83.84537351241343,True,0.07756403258387934
0.491,83.61705311098055,83.84745072229596,True,0.2303976113154107
0.49133333333333334,83.92293754499731,83.84958581479553,True,0.07335173020177876
0.49166666666666664,83.61705311098055,83.85178126050529,True,0.23472814952474153
0.492,83.92293754499731,83.85403967836771,True,0.06889786662959807
0.4923333333333333,83.61705311098055,83.85636384897535,True,0.23931073799479918
0.49266666666666664,83.92293754499731,83.85875672847574,True,0.0641808165215707
0.493,83.61705311098055,83.86122146241154,True,0.2441683514309858
0.4933333333333333,83.92293754499731,83.86376140875849,True,0.059176136238818344
0.49366666666666664,83.61705311098055,83.86638014569003,True,0.2493270347094807
0.494,83.92293754499731,83.86908151874698,True,0.05385602625032959
0.4943333333333333,83.61705311098055,83.87186962109887,True,0.2548165101183173
0.49466666666666664,83.92293754499731,83.8747489062717,True,0.048188638725605415
0.495,83.61705311098055,83.87772407817835,True,0.2606709671977967
0.4953333333333333,83.92293754499731,83.88080664895425,True,0.042130896043062194
0.49566666666666664,83.61705311098055,83.88399646738668,True,0.26694335640613076
0.496,83.92293754499731,83.8872998513008,True,0.035637693696514816
0.4963333333333333,83.61705311098055,83.89072334835618,True,0.2736702373756259
0.49666666666666665,83.92293754499731,83.8942745514086,True,0.028662993588710606
0.497,83.61705311098055,83.89796148800004,True,0.280908377019486
0.4973333333333333,83.92293754499731,83.90179328377384,True,0.02114426122346913
0.49766666666666665,83.61705311098055,83.90578044451442,True,0.2887273335338705
0.498,83.92293754499731,83.90993356038051,True,0.013003984616801745
0.4983333333333333,83.61705311098055,83.91426814584334,True,0.2972150348627878
0.49866666666666665,83.92293754499731,83.91879472702028,True,0.004142817977026425
0.499,83.61705311098055,83.92354086178183,True,0.3064877508012813
0.4993333333333333,83.92293754499731,83.92851016107022,True,0.005572616072910819
0.49966666666666665,83.61705311098055,83.93376313340059,True,0.31671002242003965
0.5,83.92293754499731,83.93927110298122,True,0.016333557983912783
0.5003333333333333,83.61705311098055,83.94520951254034,True,0.3281564015597951
0.5006666666666667,83.92293754499731,83.95146519296799,True,0.02852764797067664
0.501,83.61705311098055,83.95835459003665,True,0.3413014790560993
0.5013333333333333,83.92293754499731,83.96578975635293,True,0.04285221135562267
0.5016666666666667,83.61705311098055,83.97431891930665,True,0.35726580832610466
0.502,83.92293754499731,83.98706284119478,True,0.06412529619747431
0.5023333333333333,83.61705311098055,83.97821807376108,True,0.3611649627805349
0.5026666666666666,83.92293754499731,83.95599219094304,True,0.03305464594572527
0.503,83.61705311098055,83.95773608870752,True,0.34068297772697065
0.5033333333333333,83.92293754499731,83.95952494392466,True,0.03658739892735241
0.5036666666666666,83.61705311098055,83.9613605076651,True,0.344307396684556
0.504,83.92293754499731,83.9632446246604,True,0.040307079663094214
0.5043333333333333,83.61705311098055,83.96517923997347,True,0.3481261289929165
0.5046666666666666,83.92293754499731,83.96716640618689,True,0.04422886118958047
0.505,83.61705311098055,83.9692082914877,True,0.3521551805071539
0.5053333333333333,83.92293754499731,83.97131068450362,True,0.04837313950631028
0.5056666666666666,83.61705311098055,83.97347280091515,True,0.3564196899345973
0.506,83.92293754499731,83.97569723602166,True,0.052759691024348854
0.5063333333333333,83.61705311098055,83.97798674434618,True,0.360933633365633
0.5066666666666666,83.92293754499731,83.98034425246338,True,0.057406707466071794
0.507,83.61705311098055,83.98277287471488,True,0.365719763734333
0.5073333333333333,83.92293754499731,83.98527592964878,True,0.06233838465146846
0.5076666666666666,83.61705311098055,83.98785695912592,True,0.37080384814537126
0.508,83.92293754499731,83.9905197510555,True,0.06758220605819076
0.5083333333333333,83.61705311098055,83.99326836090039,True,0.3762152499198379
0.5086666666666666,83.92293754499731,83.99610714733141,True,0.07316960233410441
0.509,83.61705311098055,83.99904079042885,True,0.3819876794483008
0.5093333333333333,83.92293754499731,84.00207435748983,True,0.07913681249252136
0.5096666666666666,83.61705311098055,84.00521329788444,True,0.38816018690388887
0.51,83.92293754499731,84.00846358477963,True,0.08552603978232298
0.5103333333333333,83.61705311098055,84.01183897446957,True,0.39478586348901956
0.5106666666666666,83.92293754499731,84.01534014416373,True,0.09240259916641946
0.511,83.61705311098055,84.01897490221512,True,0.40192179123457095
0.5113333333333333,83.92293754499731,84.02275212675717,True,0.09981458175985836
0.5116666666666666,83.61705311098055,84.02668146608922,True,0.4096283551086657
0.512,83.92293754499731,84.03077400039324,True,0.10783645539592612
0.5123333333333333,83.61705311098055,84.0350421968425,True,0.4179890858619473
0.5126666666666666,83.92293754499731,84.03950015193186,True,0.11656260693455067
0.513,83.61705311098055,84.04416526558974,True,0.4271121546091905
0.5133333333333333,83.92293754499731,84.0490555617278,True,0.12611801673048717
0.5136666666666666,83.61705311098055,84.05419867698194,True,0.43714556600139076
0.514,83.92293754499731,84.05961662470567,True,0.13667907970835813
0.5143333333333333,83.61705311098055,84.06536270810658,True,0.4483095971260269
0.5146666666666666,83.92293754499731,84.0714575412862,True,0.1485199962888828
0.515,83.61705311098055,84.0780331262853,True,0.46098001530475585
0.5153333333333333,83.92293754499731,84.08512925552603,True,0.16219171052871673
0.5156666666666666,83.61705311098055,84.09311142804911,True,0.4760583170685635
0.516,83.92293754499731,84.10221643441693,True,0.17927888941962067
0.5163333333333333,83.61705311098055,84.10246253073302,True,0.48540941975247165
0.5166666666666666,83.92293754499731,84.07991136947818,True,0.15697382448087183
0.517,83.61705311098055,84.08167607295862,True,0.4646229619780655
0.5173333333333333,83.92293754499731,84.08348717066391,True,0.16054962566660436
0.5176666666666666,83.61705311098055,84.08534650453309,True,0.4682933935525426
0.518,83.92293754499731,84.08725601682794,True,0.16431847183062587
0.5183333333333333,83.61705311098055,84.08921775741258,True,0.4721646464320344
0.5186666666666666,83.92293754499731,84.09123389153017,True,0.16829634653285552
0.519,84.22994095275797,84.0933067087486,True,0.13663424400937174
0.5193333333333333,83.92293754499731,84.09543863201422,True,0.17250108701691147
0.5196666666666666,84.22994095275797,84.09763222905745,True,0.13230872370051827
0.52,83.92293754499731,84.09989022252738,True,0.1769526775300676
0.5203333333333333,84.22994095275797,84.10221964451016,True,0.12772130824781414
0.5206666666666666,83.92293754499731,84.10461979377098,True,0.18168224877366868
0.521,84.22994095275797,84.10709398088451,True,0.12284697187345728
0.5213333333333333,83.92293754499731,84.10964573452671,True,0.18670818952939783
0.5216666666666666,84.22994095275797,84.11227882969361,True,0.1176621230643633
0.522,83.92293754499731,84.11499730455712,True,0.19205975955981103
0.5223333333333333,84.22994095275797,84.11780549321831,True,0.1121354595396582
0.5226666666666666,83.92293754499731,84.12070805719033,True,0.1977705121930171
0.523,84.22994095275797,84.12371001021454,True,0.10623094254343357
0.5233333333333333,83.92293754499731,84.1268167965096,True,0.2038792515122907
0.5236666666666666,84.22994095275797,84.1300342610278,True,0.09990669173016897
0.524,83.92293754499731,84.13336887056141,True,0.2104313255641017
0.5243333333333333,84.22994095275797,84.13682748200695,True,0.09311347075102105
0.5246666666666666,83.92293754499731,84.1404179820439,True,0.21748043704658926
0.525,84.22994095275797,84.14414842009474,True,0.08579253266323406
0.5253333333333333,83.92293754499731,84.14803820800044,True,0.2251006630031327
0.5256666666666666,84.22994095275797,84.15208880506512,True,0.07785214769285176
0.526,83.92293754499731,84.1563133630078,True,0.23337581801048657
0.5263333333333333,84.22994095275797,84.16072430400243,True,0.06921664875554256
0.5266666666666666,83.92293754499731,84.1653388271477,True,0.24240128215039647
0.527,84.22994095275797,84.17017448320314,True,0.05976646955483034
0.5273333333333333,83.92293754499731,84.17525349787705,True,0.25231595287974073
0.5276666666666666,84.22994095275797,84.1806057307072,True,0.04933522205077168
0.528,83.92293754499731,84.18625701412246,True,0.26331946912515036
0.5283333333333333,84.22994095275797,84.19227282097317,True,0.03766813178479822
0.5286666666666666,83.92293754499731,84.19866947925331,True,0.27573193425600095
0.529,84.22994095275797,84.20563299539187,True,0.024307957366104915
0.5293333333333333,83.92293754499731,84.21310923556915,True,0.2901716905718388
0.5296666666666666,84.22994095275797,84.2217923861144,True,0.008148566643569666
0.53,83.92293754499731,84.23137520298403,True,0.3084376579867154
0.5303333333333333,84.22994095275797,84.20399329511199,True,0.025947657645986055
0.5306666666666666,83.92293754499731,84.20578334198697,True,0.28284579698966184
0.531,84.22994095275797,84.20762144611004,True,0.02231950664793203
0.5313333333333333,83.92293754499731,84.20950955542241,True,0.28657201042510394
0.5316666666666666,84.22994095275797,84.21144972604033,True,0.018491226717642917
0.532,83.92293754499731,84.21344413035996,True,0.2905065853626496
0.5323333333333333,84.22994095275797,84.21549506564506,True,0.01444588711291317
0.5326666666666666,83.92293754499731,84.21760496360343,True,0.29466741860612444
0.533,84.22994095275797,84.21977640118831,True,0.010164551569658897
0.5333333333333333,83.92293754499731,84.22201211148669,True,0.2990745664893808
0.5336666666666666,84.22994095275797,84.22431499834926,True,0.005625954408714051
0.534,83.92293754499731,84.22668814736016,True,0.3037506023628538
0.5343333333333333,84.22994095275797,84.22913484822253,True,0.0008061045354423868
0.5346666666666666,83.92293754499731,84.23165860138579,True,0.30872105638847813
0.535,84.22994095275797,84.23426315806041,True,0.004322205302443649
0.5353333333333333,83.92293754499731,84.23695775110271,True,0.31402020610539694
0.5356666666666666,84.22994095275797,84.23974196071534,True,0.00980100795736405
0.536,83.92293754499731,84.2426204298442,True,0.319682884846884
0.5363333333333333,84.22994095275797,84.24559820648062,True,0.01565725372265092
0.5366666666666666,83.92293754499731,84.2486806901601,True,0.32574314516278946
0.537,84.22994095275797,84.25187377537613,True,0.021932822618154546
0.5373333333333333,83.92293754499731,84.25518383909326,True,0.3322462940959525
0.5376666666666666,84.22994095275797,84.25861780641208,True,0.02867685365410466
0.538,83.92293754499731,84.26218340485421,True,0.33924585985690214
0.5383333333333333,84.22994095275797,84.26588875764119,True,0.03594780488322158
0.5386666666666666,83.92293754499731,84.26974366683169,True,0.3468061218343763
0.539,84.22994095275797,84.27375743285215,True,0.043816480094179155
0.5393333333333333,83.92293754499731,84.27794353183982,True,0.3550059868425137
0.5396666666666666,84.22994095275797,84.28231166639925,True,0.052370713641280986
0.54,83.92293754499731,84.28688290120309,True,0.3639453562057753
0.5403333333333333,84.22994095275797,84.29167869066112,True,0.06173773790314385
0.5406666666666666,83.92293754499731,84.29672256635604,True,0.37378502135872793
0.541,84.22994095275797,84.30202192458961,True,0.07208097183163886
0.5413333333333333,83.92293754499731,84.30763000849844,True,0.38469246350112485
0.5416666666666666,84.22994095275797,84.31356573360809,True,0.0836247808501156
0.542,83.92293754499731,84.31989935306632,True,0.39696180806900827
0.5423333333333333,84.22994095275797,84.32672121769052,True,0.09678026493254777
0.5426666666666666,83.92293754499731,84.33406750272422,True,0.41112995772691363
0.5429999999999999,84.22994095275797,84.34244521371548,True,0.11250426095750754
0.5433333333333333,83.92293754499731,84.3514690232637,True,0.42853147826639315
0.5436666666666666,84.22994095275797,84.33548040807338,True,0.10553945531540876
0.5439999999999999,83.92293754499731,84.33001566244243,True,0.4070781174451241
0.5443333333333333,84.22994095275797,84.33188168063239,True,0.1019407278744211
0.5446666666666666,83.92293754499731,84.33379945569926,True,0.41086191070195355
0.5449999999999999,84.22994095275797,84.33577115454636,True,0.1058302017883932
0.5453333333333333,83.92293754499731,84.33780251747852,True,0.4148649724812117
0.5456666666666666,84.22994095275797,84.33989280595578,True,0.10995185319781342
0.5459999999999999,83.92293754499731,84.34204461341939,True,0.419107068422079
0.5463333333333333,84.22994095275797,84.34426069249388,True,0.11431973973590459
0.5466666666666666,83.92293754499731,84.3465439660542,True,0.4236064210568884
0.5469999999999999,84.22994095275797,84.34889754360181,True,0.1189565908438368
0.5473333333333333,83.92293754499731,84.35132473589863,True,0.4283871909013186
0.5476666666666666,84.22994095275797,84.35382907307631,True,0.12388812031834107
0.5479999999999999,83.92293754499731,84.35641432790074,True,0.4334767829034263
0.5483333333333333,84.22994095275797,84.35908452950271,True,0.1291435767447382
0.5486666666666666,83.92293754499731,84.36184400995205,True,0.4389064649547407
0.5489999999999999,84.22994095275797,84.36469739273402,True,0.13475643997604436
0.5493333333333333,83.92293754499731,84.36764970394523,True,0.4447121589479224
0.5496666666666666,84.22994095275797,84.37070627291035,True,0.14076532015238286
0.5499999999999999,83.92293754499731,84.37387302122467,True,0.4509354762273574
0.5503333333333333,84.22994095275797,84.37716336268979,True,0.147222409931814
0.5506666666666666,83.92293754499731,84.38057796685598,True,0.45764042185867027
0.5509999999999999,84.22994095275797,84.38412418480027,True,0.15418323204229978
0.5513333333333333,83.92293754499731,84.38781069571375,True,0.46487315071644275
0.5516666666666666,84.22994095275797,84.39164642247428,True,0.16170546971630984
0.5519999999999999,84.53806742764586,84.39564188746971,True,0.1424255401761485
0.5523333333333333,84.22994095275797,84.39980854104913,True,0.16986758829115445
0.5526666666666666,84.53806742764586,84.40415885984643,True,0.1339085677994234
0.5529999999999999,84.22994095275797,84.40870922061026,True,0.17876826785229127
0.5533333333333333,84.53806742764586,84.41347290213362,True,0.12459452551223649
0.5536666666666666,84.22994095275797,84.41847786395589,True,0.1885369111979145
0.5539999999999999,84.53806742764586,84.42373224826231,True,0.11433517938354498
0.5543333333333333,84.22994095275797,84.4292953637569,True,0.1993544109989358
0.5546666666666666,84.53806742764586,84.43514744456904,True,0.10291998307681638
0.5549999999999999,84.22994095275797,84.44144188415976,True,0.21150093140178683
0.5553333333333333,84.53806742764586,84.44809398583072,True,0.08997344181513256
0.5556666666666666,84.22994095275797,84.45546334048261,True,0.22552238772463795
0.5559999999999999,84.53806742764586,84.46335215822141,True,0.07471526942444484
0.5563333333333333,84.22994095275797,84.47255409089524,True,0.2426131381372727
0.5566666666666666,84.53806742764586,84.4703960029934,True,0.06767142465245968
0.5569999999999999,84.22994095275797,84.45432166968266,True,0.22438071692468498
0.5573333333333333,84.53806742764586,84.45622125659415,True,0.08184617105170844
0.5576666666666666,84.22994095275797,84.45817476171518,True,0.22823380895721357
0.5579999999999999,84.53806742764586,84.46018449517764,True,0.07788293246821354
0.5583333333333333,84.22994095275797,84.462252903026,True,0.2323119502680271
0.5586666666666666,84.53806742764586,84.46438257728794,True,0.07368485035792105
0.5589999999999999,84.22994095275797,84.46657626853292,True,0.23663531577494723
0.5593333333333333,84.53806742764586,84.46883689697856,True,0.06923053066729778
0.5596666666666666,84.22994095275797,84.47116756982442,True,0.24122661706644521
0.5599999999999999,84.53806742764586,84.47357159172485,True,0.06449583592100794
0.5603333333333333,84.22994095275797,84.47605723484509,True,0.24611628208711522
0.5606666666666666,84.53806742764586,84.47862396182391,True,0.05944346582194271
0.5609999999999999,84.22994095275797,84.48127584773219,True,0.2513348949742209
0.5613333333333334,84.53806742764586,84.48401724701097,True,0.054050180634888534
0.5616666666666666,84.22994095275797,84.4868528483922,True,0.2569118956342322
0.5619999999999999,84.53806742764586,84.48978768365298,True,0.04827974399287882
0.5623333333333334,84.22994095275797,84.49282718569184,True,0.2628862329338659
0.5626666666666666,84.53806742764586,84.49597723396019,True,0.04209019368566658
0.563,84.22994095275797,84.49924416580183,True,0.2693032130438553
0.5633333333333334,84.53806742764586,84.50263496645599,True,0.03543246118987042
0.5636666666666666,84.22994095275797,84.50615705805538,True,0.2762161052974079
0.564,84.53806742764586,84.50981896793735,True,0.028248459708507312
0.5643333333333334,84.22994095275797,84.51362935000215,True,0.2836883972441768
0.5646666666666667,84.53806742764586,84.51759910873874,True,0.02046831890712042
0.565,84.22994095275797,84.52173805498265,True,0.2917971022246775
0.5653333333333334,84.53806742764586,84.52607270031032,True,0.01199472733553364
0.5656666666666667,84.22994095275797,84.53060430783528,True,0.3006633550773046
0.566,84.53806742764586,84.53535376786598,True,0.002713659779871591
0.5663333333333334,84.22994095275797,84.54033586281872,True,0.3103949100607508
0.5666666666666667,84.53806742764586,84.54557874332063,True,0.007511315674776142
0.567,84.22994095275797,84.55110679968203,True,0.32116584692406036
0.5673333333333334,84.53806742764586,84.55695463914456,True,0.018887211498707757
0.5676666666666667,84.22994095275797,84.56317909935956,True,0.33323814660158746
0.568,84.53806742764586,84.56980523644184,True,0.03173780879598098
0.5683333333333334,84.22994095275797,84.57701340869724,True,0.3470724559392693
0.5686666666666667,84.53806742764586,84.58473157867056,True,0.04666415102470012
0.569,84.22994095275797,84.59370303999935,True,0.36376208724138337
0.5693333333333334,84.53806742764586,84.60333056877211,True,0.06526314112625187
0.5696666666666667,84.22994095275797,84.5804805584304,True,0.3505396056724237
0.57,84.53806742764586,84.58057521896461,True,0.04250779131875504
0.5703333333333334,84.22994095275797,84.58256563811665,True,0.35262468535867697
0.5706666666666667,84.53806742764586,84.58461472023184,True,0.046547292585984223
0.571,84.22994095275797,84.58672507899179,True,0.35678412623381917
0.5713333333333334,84.53806742764586,84.5888994879398,True,0.05083206029394205
0.5716666666666667,84.22994095275797,84.59114089403093,True,0.3611999412729574
0.572,84.53806742764586,84.59345243155207,True,0.05538500390620982
0.5723333333333334,84.22994095275797,84.59583743853928,True,0.36589648578130607
0.5726666666666667,84.53806742764586,84.59829947463268,True,0.06023204698682605
0.573,84.22994095275797,84.60084234033205,True,0.3709013875740794
0.5733333333333334,84.53806742764586,84.60347010181898,True,0.06540267417312862
0.5736666666666667,84.22994095275797,84.60618711111545,True,0.37624615835747477
0.574,84.53806742764586,84.60899804536727,True,0.07093061772141596
0.5743333333333334,84.22994095275797,84.61190792023245,True,0.381966967474483
0.5746666666666667,84.53806742764586,84.61492216263149,True,0.07685473498563056
0.575,84.22994095275797,84.61804659349136,True,0.3881056407333858
0.5753333333333334,84.53806742764586,84.62129483942466,True,0.08322741177880744
0.5756666666666667,84.22994095275797,84.62466729181422,True,0.3947263390562483
0.576,84.53806742764586,84.62817161400076,True,0.0901041863549068
0.5763333333333334,84.22994095275797,84.63181604763344,True,0.40187509487546436
0.5766666666666667,84.53806742764586,84.63560981744187,True,0.09754238979601837
0.577,84.22994095275797,84.63956297152689,True,0.40962201876891413
0.5773333333333334,84.53806742764586,84.64368676772588,True,0.10561934008002538
0.5776666666666667,84.22994095275797,84.64799391109756,True,0.41805295833958667
0.578,84.53806742764586,84.6524982771721,True,0.1144308495262436
0.5783333333333334,84.22994095275797,84.65721695884119,True,0.42727600608321836
0.5786666666666667,84.53806742764586,84.66216698923077,True,0.12409956158491298
0.579,84.22994095275797,84.66737383749573,True,0.43743288473775976
0.5793333333333334,84.53806742764586,84.67285751353984,True,0.13479008589398234
0.5796666666666667,84.22994095275797,84.67866210398925,True,0.44872115123128253
0.58,84.53806742764586,84.68480740228979,True,0.1467399746439355
0.5803333333333334,84.22994095275797,84.69141105773612,True,0.46147010497814733
0.5806666666666667,84.53806742764586,84.69847982964843,True,0.1604124020025779
0.581,84.22994095275797,84.70620399645271,True,0.47626304369474326
0.5813333333333334,84.53806742764586,84.71471505949046,True,0.17664763184460242
0.5816666666666667,84.22994095275797,84.72456859142568,True,0.4946276386677084
0.582,84.53806742764586,84.7204150032933,True,0.18234757564744086
0.5823333333333333,84.22994095275797,84.7049117543764,True,0.47497080161842575
0.5826666666666667,84.53806742764586,84.7069360164421,True,0.16886858879624356
0.583,84.22994095275797,84.70902118364583,True,0.47908023088785967
0.5833333333333333,84.53806742764586,84.7111700231016,True,0.17310259545574525
0.5836666666666667,84.84732107801854,84.71338547440179,True,0.13393560361674872
0.584,84.53806742764586,84.71567066425997,True,0.17760323661411803
0.5843333333333333,84.84732107801854,84.7180289216273,True,0.12929215639124436
0.5846666666666667,84.53806742764586,84.72046379655418,True,0.18239636890832855
0.585,84.84732107801854,84.72297907765154,True,0.12434200036699394
0.5853333333333333,84.53806742764586,84.72558404110606,True,0.18751661346020398
0.5856666666666667,84.84732107801854,84.72827831693309,True,0.11904276108545275
0.586,84.53806742764586,84.7310666153137,True,0.1929991876678372
0.5863333333333333,84.84732107801854,84.73395399533662,True,0.11336708268191842
0.5866666666666667,84.53806742764586,84.73694591330072,True,0.1988784856548591
0.587,84.84732107801854,84.7400482557226,True,0.10727282229593982
0.5873333333333333,84.53806742764586,84.7432673977583,True,0.20519997011244584
0.5876666666666667,84.84732107801854,84.74661026291427,True,0.10071081510426438
0.588,84.53806742764586,84.75008437420514,True,0.21201694655928804
0.5883333333333333,84.84732107801854,84.75369799489935,True,0.09362308311918355
0.5886666666666667,84.53806742764586,84.75746010106606,True,0.2193926734202023
0.589,84.84732107801854,84.76138076771635,True,0.08594031030219185
0.5893333333333333,84.53806742764586,84.76547082368329,True,0.2274033960374311
0.5896666666666667,84.84732107801854,84.76974296854516,True,0.07757810947337873
0.59,84.53806742764586,84.77421036813405,True,0.23614294048819318
0.5903333333333333,84.84732107801854,84.7789033391445,True,0.06841773887403235
0.5906666666666667,84.53806742764586,84.78382712825501,True,0.24575970060915608
0.591,84.84732107801854,84.78900533709329,True,0.05831574092525216
0.5913333333333333,84.53806742764586,84.79446116989659,True,0.2563937422507365
0.5916666666666667,84.84732107801854,84.80022830671201,True,0.04709277130652367
0.592,84.53806742764586,84.80634410295926,True,0.2682766753134018
0.5923333333333333,84.84732107801854,84.81285819794543,True,0.03446288007310727
0.5926666666666667,84.53806742764586,84.81984967841466,True,0.28178225076879926
0.593,84.84732107801854,84.82739023109919,True,0.019930846919351097
0.5933333333333333,84.53806742764586,84.83573088089186,True,0.2976634532460025
0.5936666666666667,84.84732107801854,84.84494669891433,True,0.0023743791042107887
0.594,84.53806742764586,84.8566696425645,True,0.3186022149186414
0.5943333333333333,84.84732107801854,84.8333515500213,True,0.013969527997232944
0.5946666666666667,84.53806742764586,84.83120924680613,True,0.2931418191602688
0.595,84.84732107801854,84.8333281135218,True,0.013992964496736704
0.5953333333333333,84.53806742764586,84.83551707187027,True,0.29744964422441456
0.5956666666666667,84.84732107801854,84.83777552924336,True,0.009545548775179213
0.596,84.53806742764586,84.84010682918183,True,0.3020394015359784
0.5963333333333333,84.84732107801854,84.84251453536848,True,0.004806542650058532
0.5966666666666667,84.53806742764586,84.84500245551007,True,0.30693502786421334
0.597,84.84732107801854,84.84757465939701,True,0.00025358137847319995
0.5973333333333333,84.53806742764586,84.85023550689515,True,0.3121680792492896
0.5976666666666667,84.84732107801854,84.8529896758811,True,0.005668597862566571
0.598,84.53806742764586,84.85584218782722,True,0.31777476018136497
0.5983333333333333,84.84732107801854,84.85879846346056,True,0.011477385442020704
0.5986666666666667,84.53806742764586,84.86186432114046,True,0.3237968934946025
0.599,84.84732107801854,84.86504611207468,True,0.017725034056141453
0.5993333333333333,84.53806742764586,84.86835061353624,True,0.3302831858903801
0.5996666666666667,84.84732107801854,84.87178538916079,True,0.024464311142253337
0.6,84.53806742764586,84.87535835073477,True,0.33729092308891495
0.6003333333333333,84.84732107801854,84.87908795524952,True,0.03176687723097871
0.6006666666666667,84.53806742764586,84.8829754788506,True,0.3449080512047402
0.601,84.84732107801854,84.88703249119499,True,0.03971141317644822
0.6013333333333333,84.53806742764586,84.89127056043549,True,0.35320313278963056
0.6016666666666667,84.84732107801854,84.8957040969441,True,0.04838301892556274
0.602,84.53806742764586,84.90034807403083,True,0.36228064638497415
0.6023333333333333,84.84732107801854,84.9052202732395,True,0.05789919522095488
0.6026666666666667,84.53806742764586,84.91034241059299,True,0.37227498294713257
0.603,84.84732107801854,84.91573481319018,True,0.06841373517164584
0.6033333333333333,84.53806742764586,84.92143564073343,True,0.3833682130875786
0.6036666666666667,84.84732107801854,84.9274608387488,True,0.08013976073026186
0.604,84.53806742764586,84.93389590906317,True,0.3958284814173112
0.6043333333333333,84.84732107801854,84.94072111708252,True,0.09340003906397953
0.6046666666666667,84.53806742764586,84.94817910599771,True,0.41011167835185347
0.605,84.84732107801854,84.95608120182672,True,0.10876012380818167
0.6053333333333333,84.53806742764586,84.96532357457752,True,0.42725614693166847
0.6056666666666667,84.84732107801854,84.97548676181985,True,0.12816568380131343
0.606,84.53806742764586,84.98094642527344,True,0.442878997627588
0.6063333333333333,84.84732107801854,84.95534555360234,True,0.10802447558380379
0.6066666666666667,84.53806742764586,84.95749852925573,True,0.41943110160987374
0.607,84.84732107801854,84.9597201483215,True,0.11239907030295626
0.6073333333333333,84.53806742764586,84.96201371774347,True,0.42394629009761786
0.6076666666666667,84.84732107801854,84.96438276331617,True,0.11706168529762806
0.608,84.53806742764586,84.96683105047707,True,0.4287636228312124
0.6083333333333333,84.84732107801854,84.96936260119338,True,0.12204152317484329
0.6086666666666667,84.53806742764586,84.97198172855866,True,0.4339143009128037
0.609,84.84732107801854,84.974693043149,True,0.12737196513046456
0.6093333333333333,84.53806742764586,84.97750152253593,True,0.4394340948900748
0.6096666666666667,84.84732107801854,84.98041247677124,True,0.13309139875269693
0.61,84.53806742764586,84.98343170913206,True,0.44536428148620644
0.6103333333333333,84.84732107801854,84.98657249000276,True,0.13925141198421898
0.6106666666666667,84.53806742764586,84.98983534149146,True,0.45176791384560033
0.611,84.84732107801854,84.99322754639213,True,0.145906468373596
0.6113333333333333,84.53806742764586,84.99675733567113,True,0.45868990802527776
0.6116666666666667,84.84732107801854,85.0004333959789,True,0.15311231796036395
0.612,84.53806742764586,85.00426556088945,True,0.46619813324359427
0.6123333333333333,84.84732107801854,85.0082645180017,True,0.16094343998315708
0.6126666666666667,85.15770602726258,85.01244193904014,True,0.14526408822243297
0.613,84.84732107801854,85.01681179066819,True,0.16949071264964743
0.6133333333333333,85.15770602726258,85.02138733682298,True,0.13631869043959455
0.6136666666666667,84.84732107801854,85.02618895160133,True,0.17886787358278866
0.614,85.15770602726258,85.0312293702475,True,0.1264766570150755
0.6143333333333333,84.84732107801854,85.0365437656023,True,0.18922268758376504
0.6146666666666667,85.15770602726258,85.04213585861537,True,0.11557016864720993
0.615,84.84732107801854,85.04807967998741,True,0.20075860196887163
0.6153333333333333,85.15770602726258,85.05437006651022,True,0.10333596075236073
0.6156666666666667,84.84732107801854,85.0611446755234,True,0.2138235975048559
0.616,85.15770602726258,85.06834325840134,True,0.08936276886123551
0.6163333333333333,84.84732107801854,85.07623713095938,True,0.22891605294084627
0.6166666666666667,85.15770602726258,85.08485746006349,True,0.07284856719908817
0.617,84.84732107801854,85.09456157279024,True,0.2472404947717024
0.6173333333333333,85.15770602726258,85.10780576587129,True,0.04990026139128645
0.6176666666666667,84.84732107801854,85.09727730580296,True,0.2499562277844234
0.618,85.15770602726258,85.0814512443045,True,0.07625478295807397
0.6183333333333333,84.84732107801854,85.08369888565348,True,0.23637780763493765
0.6186666666666667,85.15770602726258,85.08602067106644,True,0.07168535619614147
0.619,84.84732107801854,85.08842029472989,True,0.2410992167113477
0.6193333333333333,85.15770602726258,85.09090171175797,True,0.06680431550461208
0.6196666666666667,84.84732107801854,85.09346914161452,True,0.24614806359598163
0.62,85.15770602726258,85.09612712841839,True,0.06157889884418921
0.6203333333333333,84.84732107801854,85.09888643347828,True,0.25156535545974634
0.6206666666666667,85.15770602726258,85.10174702047718,True,0.055959006785400334
0.621,84.84732107801854,85.10471455520765,True,0.25739347718911176
0.6213333333333333,85.15770602726258,85.10779523751013,True,0.04991078975244534
0.6216666666666667,84.84732107801854,85.11099569150063,True,0.2636746134820953
0.622,85.15770602726258,85.11432318628313,True,0.043382840979447224
0.6223333333333333,84.84732107801854,85.11778558608172,True,0.2704645080631849
0.6226666666666666,85.15770602726258,85.1213914329397,True,0.03631459432287443
0.623,84.84732107801854,85.12515031896855,True,0.2778292409500125
0.6233333333333333,85.15770602726258,85.12907218636182,True,0.028633840900752716
0.6236666666666666,84.84732107801854,85.13316933364594,True,0.2858482556273998
0.624,85.15770602726258,85.13745284846505,True,0.020253178797531746
0.6243333333333333,84.84732107801854,85.14193996553188,True,0.2946188875133373
0.6246666666666666,85.15770602726258,85.1466413395613,True,0.01106468770127833
0.625,84.84732107801854,85.15158471021236,True,0.30426363219382324
0.6253333333333333,85.15770602726258,85.15679220284628,True,0.0009138244163011677
0.6256666666666666,84.84732107801854,85.16229704769735,True,0.31497596967881236
0.626,85.15770602726258,85.168101388791,True,0.010395361528424019
0.6263333333333333,84.84732107801854,85.17427503932302,True,0.32695396130448273
0.6266666666666666,85.15770602726258,85.18083108072072,True,0.023125053458144862
0.627,84.84732107801854,85.18785518544564,True,0.34053410742710355
0.6273333333333333,85.15770602726258,85.19544897270474,True,0.03774294544216161
0.6276666666666666,84.84732107801854,85.2036241234345,True,0.3563030454159559
0.628,85.15770602726258,85.21301869866117,True,0.05531267139859608
0.6283333333333333,84.84732107801854,85.22292987725324,True,0.3756087992346977
0.6286666666666666,85.15770602726258,85.2424405952201,True,0.08473456795752554
0.629,84.84732107801854,85.2141207316121,True,0.36679965359356004
0.6293333333333333,85.15770602726258,85.20739298938992,True,0.04968696212733903
0.6296666666666666,84.84732107801854,85.20973368255562,True,0.36241260453708435
0.63,85.15770602726258,85.2121541676996,True,0.0544481404370174
0.6303333333333333,84.84732107801854,85.2146637580267,True,0.3673426800081643
0.6306666666666666,85.15770602726258,85.21726218022498,True,0.05955615296240069
0.631,84.84732107801854,85.21995422409168,True,0.3726331460731416
0.6313333333333333,85.15770602726258,85.22274501643341,True,0.06503898917083006
0.6316666666666666,84.84732107801854,85.22564010143095,True,0.3783190234124163
0.632,85.15770602726258,85.22864543863395,True,0.07093941137136994
0.6323333333333333,84.84732107801854,85.23176748364007,True,0.38444640562153154
0.6326666666666666,85.15770602726258,85.23501324194496,True,0.07730721468237789
0.633,84.84732107801854,85.23839026362737,True,0.39106918560882775
0.6333333333333333,85.15770602726258,85.24190692924529,True,0.08420090198271168
0.6336666666666666,84.84732107801854,85.2455720631429,True,0.3982509851243634
0.634,85.15770602726258,85.24939599479201,True,0.09168996752943315
0.6343333333333333,84.84732107801854,85.2533888894581,True,0.4060678114395557
0.6346666666666666,85.15770602726258,85.25756416557775,True,0.09985813831517021
0.635,84.84732107801854,85.2619329383064,True,0.414611860287863
0.6353333333333333,85.15770602726258,85.26652735573659,True,0.10882132847400783
0.6356666666666666,84.84732107801854,85.27134794252613,True,0.42402686450759575
0.636,85.15770602726258,85.27642113784282,True,0.11871511058023998
0.6363333333333333,84.84732107801854,85.28176223467767,True,0.4344411566591333
0.6366666666666666,85.15770602726258,85.28740614059915,True,0.12970011333656828
0.637,84.84732107801854,85.29337918044385,True,0.44605810242531163
0.6373333333333333,85.15770602726258,85.29972074142516,True,0.1420147141625847
0.6376666666666666,84.84732107801854,85.30649894488703,True,0.4591778668684867
0.638,85.15770602726258,85.31372628246356,True,0.1560202552009855
0.6383333333333333,84.84732107801854,85.32163752037319,True,0.47431644235464887
0.6386666666666666,85.15770602726258,85.33006257191118,True,0.17235654464860772
0.639,84.84732107801854,85.34000040245108,True,0.4926793244325438
0.6393333333333333,85.15770602726258,85.35028524881588,True,0.1925792215533022
0.6396666666666666,84.84732107801854,85.33014245607818,True,0.48282137805964
0.64,85.15770602726258,85.33074492683093,True,0.17303889956835405
0.6403333333333333,85.46922641384857,85.33309758679911,True,0.13612882704946117
0.6406666666666666,85.15770602726258,85.33553191302168,True,0.17782588575910552
0.641,85.46922641384857,85.33805219826786,True,0.13117421558071385
0.6413333333333333,85.15770602726258,85.34066303459029,True,0.18295700732771536
0.6416666666666666,85.46922641384857,85.34336936572247,True,0.12585704812610743
0.642,85.15770602726258,85.34617649849423,True,0.1884704712316534
0.6423333333333333,85.46922641384857,85.34909015809178,True,0.12013625575679043
0.6426666666666666,85.15770602726258,85.35211653066587,True,0.19441050340329014
0.643,85.46922641384857,85.35526227914947,True,0.11396413469910271
0.6433333333333333,85.15770602726258,85.3585347055174,True,0.20082867825482253
0.6436666666666666,85.46922641384857,85.36194158236994,True,0.10728483147863699
0.644,85.15770602726258,85.36549170300462,True,0.20778567574204487
0.6443333333333333,85.46922641384857,85.36919409030908,True,0.10003232353949443
0.6446666666666666,85.15770602726258,85.37305970275914,True,0.2153536754965586
0.645,85.46922641384857,85.37709876861634,True,0.09212764523223882
0.6453333333333333,85.15770602726258,85.38133746773948,True,0.22363144047690753
0.6456666666666666,85.46922641384857,85.38577720417376,True,0.08344920967481073
0.646,85.15770602726258,85.39043711581711,True,0.23273108855453017
0.6463333333333333,85.46922641384857,85.39533167883822,True,0.07389473501035582
0.6466666666666666,85.15770602726258,85.40048533668518,True,0.24277930942260184
0.647,85.46922641384857,85.405919119315,True,0.06330729453357264
0.6473333333333333,85.15770602726258,85.4116613611048,True,0.253955333842228
0.6476666666666666,85.46922641384857,85.41775272753908,True,0.05147368630949245
0.648,85.15770602726258,85.42421296528428,True,0.2665069380217062
0.6483333333333333,85.46922641384857,85.43114864102724,True,0.03807777282133884
0.6486666666666666,85.15770602726258,85.43851400453589,True,0.2808079772733123
0.649,85.46922641384857,85.4466554593712,True,0.02257095447737356
0.6493333333333333,85.15770602726258,85.45522015780024,True,0.29751413053766385
0.6496666666666666,85.46922641384857,85.46558114009028,True,0.0036452737582948203
0.65,85.15770602726258,85.47588752645879,True,0.3181814991962142
0.6503333333333333,85.46922641384857,85.4537066289313,True,0.015519784917273682
0.6506666666666666,85.15770602726258,85.45605269107489,True,0.29834666381231045
0.651,85.46922641384857,85.45848115051042,True,0.01074526333815129
0.6513333333333333,85.15770602726258,85.46099638201501,True,0.30329035475243415
0.6516666666666666,85.46922641384857,85.46360307094281,True,0.0056233429057641615
0.652,85.15770602726258,85.46630625927256,True,0.30860023200997944
0.6523333333333333,85.46922641384857,85.46911136877205,True,0.00011504507652659868
0.6526666666666666,85.15770602726258,85.4720242412615,True,0.31431821399891646
0.653,85.46922641384857,85.47505120637851,True,0.0058247925299355074
0.6533333333333333,85.15770602726258,85.47819906289433,True,0.32049303563175613
0.6536666666666666,85.46922641384857,85.48147529582721,True,0.012248881978635495
0.654,85.15770602726258,85.48488782971042,True,0.32718180244783923
0.6543333333333333,85.46922641384857,85.48844569961503,True,0.01921928576645371
0.6546666666666666,85.15770602726258,85.49215808321217,True,0.3344520559495976
0.655,85.46922641384857,85.4960362759132,True,0.026809862064624213
0.6553333333333333,85.15770602726258,85.50010187011377,True,0.3423958428511895
0.6556666666666666,85.46922641384857,85.50435981261184,True,0.03513339876326427
0.656,85.15770602726258,85.50882260743367,True,0.3511165801710945
0.6563333333333333,85.46922641384857,85.51350898792033,True,0.04428257407175806
0.6566666666666666,85.15770602726258,85.51843498783647,True,0.36072896057389414
0.657,85.46922641384857,85.52362366820466,True,0.054397254356089775
0.6573333333333333,85.15770602726258,85.52909926321054,True,0.3713932359479628
0.6576666666666666,85.46922641384857,85.53488623734873,True,0.06565982350015531
0.658,85.15770602726258,85.541032392074,True,0.383326364811424
0.6583333333333333,85.46922641384857,85.54754716881622,True,0.07832075496764901
0.6586666666666666,85.15770602726258,85.55455418457879,True,0.3968481573162137
0.659,85.46922641384857,85.56197983099534,True,0.09275341714676699
0.6593333333333333,85.15770602726258,85.57021438832824,True,0.4125083610656617
0.6596666666666666,85.46922641384857,85.5788233768189,True,0.10959696297032906
0.66,85.15770602726258,85.5893025295472,True,0.43159650228462
0.6603333333333333,85.46922641384857,85.60014447548426,True,0.13091806163568265
0.6606666666666666,85.15770602726258,85.61314823541315,True,0.455442208150572
0.661,85.46922641384857,85.5809533063992,True,0.11172689255062096
0.6613333333333333,85.15770602726258,85.58344541454242,True,0.4257393872798474
0.6616666666666666,85.46922641384857,85.58602892084942,True,0.11680250700084116
0.662,85.15770602726258,85.58870889644818,True,0.4310028691856047
0.6623333333333333,85.46922641384857,85.59149079799286,True,0.12226438414428742
0.6626666666666666,85.15770602726258,85.59438050765725,True,0.4366744803946716
0.6629999999999999,85.46922641384857,85.59738438899436,True,0.12815797514578264
0.6633333333333333,85.15770602726258,85.60050930514382,True,0.4428032778812394
0.6636666666666666,85.46922641384857,85.60376275282839,True,0.13453633897981376
0.6639999999999999,85.15770602726258,85.60715278115296,True,0.4494467538903848
0.6643333333333333,85.46922641384857,85.6106883515929,True,0.14146193774432447
0.6646666666666666,85.15770602726258,85.61437892736257,True,0.4566729000999885
0.6649999999999999,85.46922641384857,85.61823546885893,True,0.1490090550103531
0.6653333333333333,85.15770602726258,85.62228027928842,True,0.4645742520258409
0.6656666666666666,85.46922641384857,85.626517454366,True,0.15729104051742127
0.6659999999999999,85.15770602726258,85.63096061384256,True,0.47325458657998354
0.6663333333333333,85.46922641384857,85.6356272450329,True,0.16640083118431903
0.6666666666666666,85.78188639138631,85.64053462500378,True,0.14135176638252744
0.6669999999999999,85.46922641384857,85.64570467436144,True,0.17647826051286586
0.6673333333333333,85.78188639138631,85.65116148467455,True,0.1307249067117624
0.6676666666666666,85.46922641384857,85.65693123611902,True,0.18770482227044738
0.6679999999999999,85.78188639138631,85.66305396060537,True,0.11883243078094097
0.6683333333333333,85.46922641384857,85.66955460676462,True,0.20032819291604653
0.6686666666666666,85.78188639138631,85.67651822428998,True,0.10536816709633001
0.6689999999999999,85.46922641384857,85.68394116860271,True,0.2147147547541408
0.6693333333333333,85.78188639138631,85.69205673319874,True,0.08982965818756838
0.6696666666666666,85.46922641384857,85.7007135732189,True,0.2314871593703316
0.6699999999999999,85.78188639138631,85.7107410822124,True,0.07114530917391448
0.6703333333333333,85.46922641384857,85.72157853779974,True,0.25235212395116946
0.6706666666666666,85.78188639138631,85.7313334350399,True,0.050552956346407996
0.6709999999999999,85.46922641384857,85.70536208700265,True,0.2361356731540809
0.6713333333333333,85.78188639138631,85.70790151834932,True,0.07398487303699142
0.6716666666666666,85.46922641384857,85.71053622765889,True,0.24130981381031802
0.6719999999999999,85.78188639138631,85.71327162204115,True,0.0686147693451602
0.6723333333333333,85.46922641384857,85.71611352793235,True,0.24688711408377628
0.6726666666666666,85.78188639138631,85.71906823587275,True,0.06281815551355407
0.6729999999999999,85.46922641384857,85.72214256626734,True,0.25291615241876286
0.6733333333333333,85.78188639138631,85.72534387913116,True,0.056542512255148836
0.6736666666666666,85.46922641384857,85.72868024802254,True,0.25945383417396783
0.6739999999999999,85.78188639138631,85.73216032239294,True,0.0497260689933654
0.6743333333333333,85.46922641384857,85.73579381866907,True,0.266567404820492
0.6746666666666666,85.78188639138631,85.7395909067661,True,0.04229548462021171
0.6749999999999999,85.46922641384857,85.74356359449574,True,0.2743371806471657
0.6753333333333333,85.78188639138631,85.74773566275199,True,0.0341507286343159
0.6756666666666666,85.46922641384857,85.75211216202132,True,0.28288574817274537
0.6759999999999999,85.78188639138631,85.75670769908174,True,0.025178692304564265
0.6763333333333333,85.46922641384857,85.76154183594326,True,0.2923154220946884
0.6766666666666666,85.78188639138631,85.76663329990525,True,0.015253091481056913
0.6769999999999999,85.46922641384857,85.7720066952498,True,0.30278028140122615
0.6773333333333333,85.78188639138631,85.77768885477131,True,0.004197536614995556
0.6776666666666666,85.46922641384857,85.78370889562943,True,0.3144824817808569
0.6779999999999999,85.78188639138631,85.79011350799036,True,0.008227116604047069
0.6783333333333333,85.46922641384857,85.79692903584383,True,0.32770262199525746
0.6786666666666666,85.78188639138631,85.80425941717525,True,0.022373025788937184
0.6789999999999999,85.46922641384857,85.8120952502986,True,0.3428688364500232
0.6793333333333333,85.78188639138631,85.82072861093758,True,0.03884221955127032
0.6796666666666666,85.46922641384857,85.82998682302693,True,0.3607604091783543
0.6799999999999999,85.78188639138631,85.84091364488489,True,0.05902725349858429
0.6803333333333333,85.46922641384857,85.85047242411513,True,0.38124601026655114
0.6806666666666666,85.78188639138631,85.8291991203164,True,0.04731272893009475
0.6809999999999999,85.46922641384857,85.83176532742189,True,0.36253891357331725
0.6813333333333333,85.78188639138631,85.83442964747799,True,0.0525432560916812
0.6816666666666666,85.46922641384857,85.83719774485688,True,0.3679713310083059
0.6819999999999999,85.78188639138631,85.84007574051128,True,0.05818934912497298
0.6823333333333333,85.46922641384857,85.84307024991828,True,0.3738438360697103
0.6826666666666666,85.78188639138631,85.84618843806766,True,0.0643020466813482
0.6829999999999999,85.46922641384857,85.84943810157407,True,0.38021168772549174
0.6833333333333333,85.78188639138631,85.85282768068582,True,0.07094128929951182
0.6836666666666666,85.46922641384857,85.8563664785994,True,0.38714006475082385
0.6839999999999999,85.78188639138631,85.86006448828917,True,0.07817809690286026
0.6843333333333333,85.46922641384857,85.8639330183446,True,0.39470660449602235
0.6846666666666666,85.78188639138631,85.86798391117581,True,0.08609751978950442
0.6849999999999999,85.46922641384857,85.87223133076968,True,0.4030049169211054
0.6853333333333333,85.78188639138631,85.87670264381603,True,0.09481625242972314
0.6856666666666666,85.46922641384857,85.88140476884406,True,0.4121783549954898
0.6859999999999999,85.78188639138631,85.88635510631751,True,0.10446871493120113
0.6863333333333334,85.46922641384857,85.8915776302347,True,0.42235121638613293
0.6866666666666666,85.78188639138631,85.89709522700684,True,0.11520883562053541
0.6869999999999999,85.46922641384857,85.90293874782732,True,0.43371233397874676
0.6873333333333334,85.78188639138631,85.90914267409335,True,0.12725628270703737
0.6876666666666666,85.46922641384857,85.91574419354357,True,0.44651777969500017
0.688,85.78188639138631,85.92280902209151,True,0.14092263070520517
0.6883333333333334,85.46922641384857,85.93036899995194,True,0.4611425861033638
0.6886666666666666,85.78188639138631,85.9385924710147,True,0.15670607962839256
0.689,85.46922641384857,85.94744192115468,True,0.4782155073061034
0.6893333333333334,85.78188639138631,85.95750745727676,True,0.17562106589045356
0.6896666666666667,85.46922641384857,85.96833422135767,True,0.4991078075090911
0.69,85.78188639138631,85.98362724785069,True,0.201740856464383
0.6903333333333334,85.46922641384857,85.9549651730309,True,0.48573875918232545
0.6906666666666667,85.78188639138631,85.95763344777353,True,0.1757470563872232
0.691,86.0956901286801,85.96040716502847,True,0.13528296365163328
0.6913333333333334,85.78188639138631,85.96329264213007,True,0.1814062507437626
0.6916666666666667,86.0956901286801,85.96629668371843,True,0.12939344496167848
0.692,85.78188639138631,85.9694266995677,True,0.1875403081813971
0.6923333333333334,86.0956901286801,85.9726907241578,True,0.12299940452230373
0.6926666666666667,85.78188639138631,85.97609749481128,True,0.19421110342497627
0.693,86.0956901286801,85.97965663407514,True,0.11603349460496304
0.6933333333333334,85.78188639138631,85.98337846531484,True,0.2014920739285344
0.6936666666666667,86.0956901286801,85.98727478380374,True,0.10841534487636295
0.694,85.78188639138631,85.9913577003506,True,0.20947130896429655
0.6943333333333334,86.0956901286801,85.9956422679641,True,0.10004786071600336
0.6946666666666667,85.78188639138631,86.00014226050645,True,0.21825586912014217
0.695,86.0956901286801,86.00487827280382,True,0.09081185587628227
0.6953333333333334,85.78188639138631,86.0098810490838,True,0.2279946576974936
0.6956666666666667,86.0956901286801,86.01516657964075,True,0.08052354903935566
0.696,85.78188639138631,86.02075193654422,True,0.23886554515790692
0.6963333333333334,86.0956901286801,86.02667787080144,True,0.06901225787866849
0.6966666666666667,85.78188639138631,86.03296945736584,True,0.2510830659795289
0.697,86.0956901286801,86.0396781412474,True,0.0560119874326972
0.6973333333333334,85.78188639138631,86.04685887667416,True,0.26497248528785633
0.6976666666666667,86.0956901286801,86.05455580548545,True,0.0411343231946546
0.698,85.78188639138631,86.06294502793192,True,0.2810586365456089
0.6983333333333334,86.0956901286801,86.07195752950399,True,0.023732599176113922
0.6986666666666667,85.78188639138631,86.08232709297238,True,0.3004407015860693
0.699,86.0956901286801,86.09327329009957,True,0.0024168385805296566
0.6993333333333334,85.78188639138631,86.11020163012834,True,0.32831523874203583
0.6996666666666667,86.0956901286801,86.08241110432697,True,0.01327902435313888
0.7,85.78188639138631,86.08283953856491,True,0.30095314717860333
0.7003333333333334,86.0956901286801,86.08570006529455,True,0.009990063385558301
0.7006666666666667,85.78188639138631,86.08867924297803,True,0.3067928515917231
0.701,86.0956901286801,86.09178457351996,True,0.0039055551601450134
0.7013333333333334,85.78188639138631,86.09502412321189,True,0.31313773182557725
0.7016666666666667,86.0956901286801,86.09840677664059,True,0.0027166479604829874
0.702,85.78188639138631,86.10194214872297,True,0.3200557573366609
0.7023333333333334,86.0956901286801,86.10564082102735,True,0.009950692347246104
0.7026666666666667,85.78188639138631,86.10951446142595,True,0.327628070039637
0.703,86.0956901286801,86.1135756802788,True,0.017885551598695315
0.7033333333333333,85.78188639138631,86.11783908125196,True,0.33595268986564975
0.7036666666666667,86.0956901286801,86.1223194943202,True,0.02662936564009044
0.704,85.78188639138631,86.12703623425666,True,0.3451498428703559
0.7043333333333333,86.0956901286801,86.13200586497207,True,0.03631573629196794
0.7046666666666667,85.78188639138631,86.13725646408106,True,0.35537007269475396
0.705,86.0956901286801,86.14280352252425,True,0.04711339384414259
0.7053333333333333,85.78188639138631,86.14871449659513,True,0.3668281052088247
0.7056666666666667,86.0956901286801,86.15498360361973,True,0.059293474939622115
0.706,85.78188639138631,86.16168320565488,True,0.37979681426857326
0.7063333333333333,86.0956901286801,86.16883102607903,True,0.07314089739892893
0.7066666666666667,85.78188639138631,86.17652986475483,True,0.394643473368518
0.707,86.0956901286801,86.18484591829609,True,0.08915578961598669
0.7073333333333333,85.78188639138631,86.19388826433936,True,0.4120018729530557
0.7076666666666667,86.0956901286801,86.20402084143159,True,0.10833071275148143
0.708,85.78188639138631,86.21510429652518,True,0.4332179051388749
0.7083333333333333,86.0956901286801,86.23041089533099,True,0.1347207666508865
0.7086666666666667,85.78188639138631,86.21338216140869,True,0.43149577002238004
0.709,86.0956901286801,86.20728461038163,True,0.11159448170153041
0.7093333333333333,85.78188639138631,86.21019599454007,True,0.4283096031537639
0.7096666666666667,86.0956901286801,86.21323054946312,True,0.11754042078301552
0.71,85.78188639138631,86.21639615951177,True,0.4345097681254657
0.7103333333333333,86.0956901286801,86.21971016563208,True,0.1240200369519755
0.7106666666666667,85.78188639138631,86.2231743032288,True,0.44128791184249394
0.711,86.0956901286801,86.22679895893594,True,0.1311088302558403
0.7113333333333333,85.78188639138631,86.23059554252507,True,0.44870915113875753
0.7116666666666667,86.0956901286801,86.23457660836209,True,0.13888647968198597
0.712,85.78188639138631,86.23875603845768,True,0.4568696470713718
0.7123333333333333,86.0956901286801,86.243149228239,True,0.14745909955890113
0.7126666666666667,85.78188639138631,86.24777334544588,True,0.46588695405957026
0.713,86.0956901286801,86.25264762923511,True,0.15695750055500923
0.7133333333333333,85.78188639138631,86.25779379906913,True,0.4759074076828256
0.7136666666666667,86.0956901286801,86.26323651488926,True,0.1675463862091533
0.714,86.41064180978444,86.26900423390553,True,0.14163757587890302
0.7143333333333333,86.0956901286801,86.27512966943983,True,0.17943954075973068
0.7146666666666667,86.41064180978444,86.28165243116003,True,0.12898937862441073
0.715,86.0956901286801,86.28861792956148,True,0.19292780088137818
0.7153333333333333,86.41064180978444,86.29612159830741,True,0.11452021147702851
0.7156666666666667,86.0956901286801,86.30420980233752,True,0.2085196736574204
0.716,86.41064180978444,86.313000268164,True,0.09764154162043326
0.7163333333333333,86.0956901286801,86.32264612916617,True,0.22695600048606934
0.7166666666666667,86.41064180978444,86.33343408682842,True,0.07720772295601819
0.717,86.0956901286801,86.34611704334542,True,0.25042691466531153
0.7173333333333333,86.41064180978444,86.34266921547963,True,0.06797259430480551
0.7176666666666667,86.0956901286801,86.33085486990164,True,0.23516474122153852
0.718,86.41064180978444,86.33378823933353,True,0.07685357045090768
0.7183333333333333,86.0956901286801,86.33684799930415,True,0.24115787062405047
0.7186666666666667,86.41064180978444,86.3400423239375,True,0.07059948584694098
0.719,86.0956901286801,86.34338029648546,True,0.24769016780535935
0.7193333333333333,86.41064180978444,86.34687152029488,True,0.06377028948955399
0.7196666666666667,86.0956901286801,86.35052707801981,True,0.2548369493397047
0.72,86.41064180978444,86.35435816389806,True,0.05628364588638135
0.7203333333333333,86.0956901286801,86.35839066514424,True,0.2627005364641377
0.7206666666666667,86.41064180978444,86.36262744638184,True,0.04801436340260068
0.721,86.0956901286801,86.36708634947422,True,0.2713962207941165
0.7213333333333333,86.41064180978444,86.37178364083073,True,0.03885816895370908
0.7216666666666667,86.0956901286801,86.37674157157612,True,0.2810514428960147
0.722,86.41064180978444,86.3819816194749,True,0.02866019030953737
0.7223333333333333,86.0956901286801,86.38753023917374,True,0.2918401104936379
0.7226666666666667,86.41064180978444,86.39342051206143,True,0.01722129772301173
0.723,86.0956901286801,86.39967818963835,True,0.3039880609582468
0.7233333333333333,86.41064180978444,86.40636767821589,True,0.004274131568550388
0.7236666666666667,86.0956901286801,86.4134916727325,True,0.3178015440524007
0.724,86.41064180978444,86.42120965534767,True,0.010567845563230094
0.7243333333333333,86.0956901286801,86.42941623146797,True,0.33372610278786397
0.7246666666666667,86.41064180978444,86.43858863557892,True,0.02794682579448704
0.725,86.0956901286801,86.44818621900501,True,0.35249609032490525
0.7253333333333333,86.41064180978444,86.45991734904176,True,0.049275539257322976
0.7256666666666667,86.0956901286801,86.47257071322704,True,0.37688058454693874
0.726,86.41064180978444,86.4829649226027,True,0.07232311281826753
0.7263333333333333,86.0956901286801,86.45639186633366,True,0.3607017376535566
0.7266666666666667,86.41064180978444,86.4594332175224,True,0.04879140773796564
0.727,86.0956901286801,86.46260993039446,True,0.36691980171436
0.7273333333333333,86.41064180978444,86.4659311160303,True,0.05528930624586792
0.7276666666666667,86.0956901286801,86.46940670600466,True,0.3737165773245579
0.728,86.41064180978444,86.47304775525627,True,0.062405945471837754
0.7283333333333333,86.0956901286801,86.47686596612729,True,0.38117583744718786
0.7286666666666667,86.41064180978444,86.48087519144009,True,0.07023338165565463
0.729,86.0956901286801,86.48508889739061,True,0.3893987687105067
0.7293333333333333,86.41064180978444,86.48952546695513,True,0.07888365717069235
0.7296666666666667,86.0956901286801,86.49419926983184,True,0.3985091411517345
0.73,86.41064180978444,86.49913714438495,True,0.08849533460050907
0.7303333333333333,86.0956901286801,86.50436975283046,True,0.4086796241503521
0.7306666666666667,86.41064180978444,86.50992293400991,True,0.09928112422547031
0.731,86.0956901286801,86.51580899296378,True,0.4201188642836797
0.7313333333333333,86.41064180978444,86.52208479403892,True,0.11144298425448085
0.7316666666666667,86.0956901286801,86.52877073482212,True,0.4330806061420134
0.732,86.41064180978444,86.53593460077138,True,0.125292790986947
0.7323333333333333,86.0956901286801,86.543641479845,True,0.44795135116488893
0.7326666666666667,86.41064180978444,86.55192547061097,True,0.14128366082653088
0.733,86.0956901286801,86.56105565655785,True,0.46536552787775065
0.7333333333333333,86.41064180978444,86.57080377675605,True,0.16016196697161433
0.7336666666666667,86.0956901286801,86.58241447365396,True,0.486724344973851
0.734,86.41064180978444,86.59416243177684,True,0.18352062199240038
0.7343333333333333,86.0956901286801,86.62017759399261,True,0.5244874653125038
0.7346666666666667,86.41064180978444,86.5839888657599,True,0.1733470559754693
0.735,86.0956901286801,86.58405670674686,True,0.48836657806675987
0.7353333333333333,86.41064180978444,86.58730779603097,True,0.17666598624653318
0.7356666666666667,86.72674563405974,86.59071078011047,True,0.13603485394926906
0.736,86.41064180978444,86.59427616839156,True,0.1836343586071223
0.7363333333333333,86.72674563405974,86.59801606073437,True,0.12872957332537283
0.7366666666666667,86.41064180978444,86.60194318935991,True,0.19130137957547788
0.737,86.72674563405974,86.60607218272621,True,0.12067345133353058
0.7373333333333333,86.41064180978444,86.61041895071195,True,0.19977714092750887
0.7376666666666667,86.72674563405974,86.61500092444791,True,0.11174470961182692
0.738,86.41064180978444,86.61983922467759,True,0.20919741489315413
0.7383333333333333,86.72674563405974,86.62495342114595,True,0.10179221291379292
0.7386666666666667,86.41064180978444,86.63037478346602,True,0.2197329736815874
0.739,86.72674563405974,86.63612102422074,True,0.09062460983899712
0.7393333333333333,86.41064180978444,86.64224663182516,True,0.23160482204072252
0.7396666666666667,86.72674563405974,86.64875279240634,True,0.0779928416533977
0.74,86.41064180978444,86.65575392371541,True,0.245112113930972
0.7403333333333333,86.72674563405974,86.6632285667354,True,0.06351706732434081
0.7406666666666667,86.41064180978444,86.67138666459621,True,0.2607448548117759
0.741,86.72674563405974,86.68011576087001,True,0.046629873189729665
0.7413333333333333,86.41064180978444,86.68980602192728,True,0.27916421214284526
0.7416666666666667,86.72674563405974,86.7004427202362,True,0.02630291382354244
0.742,86.41064180978444,86.71249525699388,True,0.30185344720943874
0.7423333333333333,86.72674563405974,86.72891621111054,True,0.0021705770508049227
0.7426666666666667,86.41064180978444,86.72180296800296,True,0.31116115821852475
0.743,86.72674563405974,86.70757976399888,True,0.019165870060859902
0.7433333333333333,86.41064180978444,86.71084720794951,True,0.3002053981650761
0.7436666666666666,86.72674563405974,86.71426931945979,True,0.01247631459995091
0.744,86.41064180978444,86.7178571816035,True,0.3072153718190691
0.7443333333333333,86.72674563405974,86.7216229907686,True,0.005122643291144868
0.7446666666666666,86.41064180978444,86.72558017163695,True,0.3149383618525121
0.745,86.72674563405974,86.72974360516444,True,0.0029979711047047886
0.7453333333333333,86.41064180978444,86.73414394061662,True,0.32350213083218193
0.7456666666666666,86.72674563405974,86.73878769769966,True,0.01204206363992455
0.746,86.41064180978444,86.74369582484059,True,0.33305401505614896
0.7463333333333333,86.72674563405974,86.74889203159927,True,0.022146397539529517
0.7466666666666666,86.41064180978444,86.7544031623122,True,0.3437613525277641
0.747,86.72674563405974,86.76026004816909,True,0.03351441410934797
0.7473333333333333,86.41064180978444,86.76649825167756,True,0.35585644189312404
0.7476666666666666,86.72674563405974,86.77315976237979,True,0.04641412832005187
0.748,86.41064180978444,86.7802939813773,True,0.3696521715928611
0.7483333333333333,86.72674563405974,86.78796337222266,True,0.06121773816292375
0.7486666666666666,86.41064180978444,86.79624126763095,True,0.38559945784651006
0.749,86.72674563405974,86.80523955188917,True,0.07849391782943371
0.7493333333333333,86.41064180978444,86.81507712476078,True,0.40443531497633955
0.7496666666666666,86.72674563405974,86.8260491918259,True,0.09930355776616295
0.75,86.41064180978444,86.83837523581039,True,0.4277334260259522
0.7503333333333333,86.72674563405974,86.8513214744987,True,0.12457584043896475
0.7506666666666666,86.41064180978444,86.82988080103027,True,0.41923899124583386
0.751,86.72674563405974,86.83311528802355,True,0.10636965396381015
0.7513333333333333,86.41064180978444,86.83650448623983,True,0.4258626764553952
0.7516666666666666,86.72674563405974,86.8400595273933,True,0.11331389333355446
0.752,86.41064180978444,86.84379277705571,True,0.4331509672712741
0.7523333333333333,86.72674563405974,86.84771780522952,True,0.12097217116978243
0.7526666666666666,86.41064180978444,86.85184956903608,True,0.4412077592516397
0.753,86.72674563405974,86.85620501353787,True,0.1294593794781349
0.7533333333333333,86.41064180978444,86.86080215214245,True,0.45016034235801783
0.7536666666666666,86.72674563405974,86.86566304643394,True,0.13891741237419808
0.754,86.41064180978444,86.87080881860004,True,0.4601670088156027
0.7543333333333333,86.72674563405974,86.87627035358551,True,0.14952471952577184
0.7546666666666666,86.41064180978444,86.8820702715936,True,0.4714284618091682
0.755,86.72674563405974,86.88825714283551,True,0.16151150877577436
0.7553333333333333,86.41064180978444,86.8948769663583,True,0.4842351565738596
0.7556666666666666,86.72674563405974,86.90198874009982,True,0.1752431060400852
0.756,87.04400581622832,86.9096122669648,True,0.1343935492635211
0.7563333333333333,86.72674563405974,86.91787110416615,True,0.1911254701064138
0.7566666666666666,87.04400581622832,86.9268161659817,True,0.11718965024661543
0.757,86.72674563405974,86.93661624563535,True,0.20987061157561016
0.7573333333333333,87.04400581622832,86.94753363314341,True,0.0964721830849129
0.7576666666666666,86.72674563405974,86.95966801766805,True,0.23292238360831163
0.758,87.04400581622832,86.9753859574549,True,0.06861985877341681
0.7583333333333333,86.72674563405974,86.96416487352961,True,0.23741923946987242
0.7586666666666666,87.04400581622832,86.95741206116394,True,0.08659375506438494
0.759,86.72674563405974,86.96085662549251,True,0.2341109914327717
0.7593333333333333,87.04400581622832,86.96447314493645,True,0.07953267129187225
0.7596666666666666,86.72674563405974,86.96827453236843,True,0.24152889830868673
0.76,87.04400581622832,86.97227528121164,True,0.07173053501668392
0.7603333333333333,86.72674563405974,86.97650477448342,True,0.2497591404236772
0.7606666666666666,87.04400581622832,86.98096950984642,True,0.06303630638190327
0.761,86.72674563405974,86.98568923242087,True,0.2589435983611281
0.7613333333333333,87.04400581622832,86.99068700796008,True,0.05331880826824431
0.7616666666666666,86.72674563405974,86.99598793620235,True,0.26924230214261513
0.762,87.04400581622832,87.00162145407454,True,0.04238436215378272
0.7623333333333333,86.72674563405974,87.00762089316441,True,0.2808752591046755
0.7626666666666666,87.04400581622832,87.01402406717422,True,0.02998174905410167
0.763,86.72674563405974,87.02087903345144,True,0.294133399391697
0.7633333333333333,87.04400581622832,87.02823350109176,True,0.015772315136558746
0.7636666666666666,86.72674563405974,87.03616793856924,True,0.30942230450949637
0.764,87.04400581622832,87.04473656749228,True,0.0007307512639584957
0.7643333333333333,86.72674563405974,87.05411085637955,True,0.3273652223198127
0.7646666666666666,87.04400581622832,87.06432241495409,True,0.02031659872577052
0.765,86.72674563405974,87.07588826862087,True,0.34914263456113304
0.7653333333333333,87.04400581622832,87.08889392833241,True,0.04488811210408983
0.7656666666666666,86.72674563405974,87.10034252518324,True,0.3735968911234977
0.766,87.04400581622832,87.0803426474224,True,0.03633683119407749
0.7663333333333333,86.72674563405974,87.08378556372026,True,0.357039929660516
0.7666666666666666,87.04400581622832,87.0874029210889,True,0.04339710486057413
0.767,86.72674563405974,87.09120827447396,True,0.3644626404142173
0.7673333333333333,87.04400581622832,87.09521640326452,True,0.051210587036194966
0.7676666666666666,86.72674563405974,87.09944354076407,True,0.37269790670433167
0.768,87.04400581622832,87.1039087544788,True,0.05990293825047388
0.7683333333333333,86.72674563405974,87.10863078559639,True,0.38188515153665037
0.7686666666666666,87.04400581622832,87.1136362346769,True,0.06963041844858253
0.769,86.72674563405974,87.11894426992502,True,0.3921986358652845
0.7693333333333333,87.04400581622832,87.12459698032522,True,0.08059116409690148
0.7696666666666666,86.72674563405974,87.13060586978892,True,0.4038602357291836
0.77,87.04400581622832,87.13704937038057,True,0.09304355415224563
0.7703333333333333,86.72674563405974,87.14393957555667,True,0.417193941496933
0.7706666666666666,87.04400581622832,87.15139918855415,True,0.10739337232583068
0.771,86.72674563405974,87.15938173526526,True,0.4326361012055173
0.7713333333333333,87.04400581622832,87.16810967033008,True,0.12410385410176161
0.7716666666666666,86.72674563405974,87.17756192467829,True,0.45081629061854755
0.772,87.04400581622832,87.18799294615889,True,0.14398712993056506
0.7723333333333333,86.72674563405974,87.19978810142267,True,0.4730424673629301
0.7726666666666666,87.04400581622832,87.21272448739332,True,0.16871867116499573
0.773,86.72674563405974,87.23354605943528,True,0.5068004253755447
0.7733333333333333,87.04400581622832,87.21879985791544,True,0.17479404168712165
0.7736666666666666,86.72674563405974,87.20877147084286,True,0.48202583678312294
0.774,87.04400581622832,87.21248550014097,True,0.16847968391265056
0.7743333333333333,86.72674563405974,87.21639687222289,True,0.48965123816314815
0.7746666666666666,87.04400581622832,87.22052282959268,True,0.17651701336436076
0.775,87.36242658643066,87.2248789756242,True,0.1375476108064646
0.7753333333333333,87.04400581622832,87.22950468011915,True,0.18549886389082815
0.7756666666666666,87.36242658643066,87.23440411566426,True,0.12802247076639617
0.776,87.04400581622832,87.23960875521637,True,0.1956029389880456
0.7763333333333333,87.36242658643066,87.24514090693566,True,0.11728567949499791
0.7766666666666666,87.04400581622832,87.25104071297741,True,0.20703489674909292
0.777,87.36242658643066,87.25734096323312,True,0.10508562319753878
0.7773333333333333,87.04400581622832,87.26408705727786,True,0.22008124104954163
0.7776666666666666,87.36242658643066,87.27134288707778,True,0.09108369935287897
0.778,87.04400581622832,87.27913628278,True,0.23513046655168068
0.7783333333333333,87.36242658643066,87.28763317652785,True,0.07479340990281003
0.7786666666666666,87.04400581622832,87.29674866447915,True,0.2527428482508327
0.779,87.36242658643066,87.3070062052339,True,0.055420381196753965
0.7793333333333333,87.04400581622832,87.3178336327297,True,0.273827816501381
0.7796666666666666,87.36242658643066,87.33119919518053,True,0.031227391250126857
0.78,87.04400581622832,87.3443446607175,True,0.30033884448917547
0.7803333333333333,87.36242658643066,87.32864274515552,True,0.033783841275138116
0.7806666666666666,87.04400581622832,87.33219575777748,True,0.2881899415491631
0.781,87.36242658643066,87.33593716055626,True,0.026489425874402173
0.7813333333333333,87.04400581622832,87.33988161001547,True,0.2958757937871468
0.7816666666666666,87.36242658643066,87.34404630455745,True,0.018380281873206172
0.782,87.04400581622832,87.34844956323758,True,0.3044437470092589
0.7823333333333333,87.36242658643066,87.35311237363365,True,0.009314212797008281
0.7826666666666666,87.04400581622832,87.35805876183099,True,0.3140529456026684
0.783,87.36242658643066,87.36331341460094,True,0.000886828170280296
0.7833333333333333,87.04400581622832,87.3689107851413,True,0.3249049689129748
0.7836666666666666,87.36242658643066,87.37487641323106,True,0.012449826800406072
0.7839999999999999,87.04400581622832,87.38126730473171,True,0.3372614885033869
0.7843333333333333,87.36242658643066,87.38809779009947,True,0.025671203668807152
0.7846666666666666,87.04400581622832,87.39548092847622,True,0.35147511224789696
0.7849999999999999,87.36242658643066,87.40337839742962,True,0.040951810998961946
0.7853333333333333,87.04400581622832,87.41209062780686,True,0.3680848115785409
0.7856666666666666,87.36242658643066,87.42143940786292,True,0.05901282143226183
0.7859999999999999,87.04400581622832,87.431907312718,True,0.3879014964896754
0.7863333333333333,87.36242658643066,87.44333675773763,True,0.08091017130696798
0.7866666666666666,87.04400581622832,87.45649018389548,True,0.4124843676671617
0.7869999999999999,87.36242658643066,87.47305793566763,True,0.11063134923696794
0.7873333333333333,87.04400581622832,87.47172177659998,True,0.42771596037165693
0.7876666666666666,87.36242658643066,87.45767958102155,True,0.09525299459089354
0.7879999999999999,87.04400581622832,87.46154952147076,True,0.4175437052424371
0.7883333333333333,87.36242658643066,87.46563631467609,True,0.10320972824543162
0.7886666666666666,87.04400581622832,87.46995718482923,True,0.42595136860090577
0.7889999999999999,87.36242658643066,87.47453481799839,True,0.11210823156773131
0.7893333333333333,87.04400581622832,87.47938835209547,True,0.4353825358671486
0.7896666666666666,87.36242658643066,87.48455065885274,True,0.12212407242208201
0.7899999999999999,87.04400581622832,87.49003929690613,True,0.4460334806778121
0.7903333333333333,87.36242658643066,87.49593080942701,True,0.13350422299635056
0.7906666666666666,87.04400581622832,87.50221826352325,True,0.45821244729492605
0.7909999999999999,87.36242658643066,87.50898107243692,True,0.14655448600626642
0.7913333333333333,87.04400581622832,87.51623507816085,True,0.4722292619325259
0.7916666666666666,87.36242658643066,87.52408514027914,True,0.1616585538484827
0.7919999999999999,87.04400581622832,87.5325813349039,True,0.48857551867557447
0.7923333333333333,87.36242658643066,87.54182212844883,True,0.17939554201817032
0.7926666666666666,87.68201219028174,87.55203611477071,True,0.1299760755110242
0.7929999999999999,87.36242658643066,87.5631237132244,True,0.20069712679374163
0.7933333333333333,87.68201219028174,87.57620510565758,True,0.10580708462416055
0.7936666666666666,87.36242658643066,87.58995774402787,True,0.22753115759721254
0.7939999999999999,87.68201219028174,87.58139010354694,True,0.100622086734802
0.7943333333333333,87.36242658643066,87.58143594676207,True,0.2190093603314125
0.7946666666666666,87.68201219028174,87.58534117049683,True,0.09667101978490678
0.7949999999999999,87.36242658643066,87.58946959190891,True,0.22704300547825085
0.7953333333333333,87.68201219028174,87.5938532038513,True,0.08815898643044306
0.7956666666666666,87.36242658643066,87.59850422856154,True,0.2360776421308799
0.7959999999999999,87.68201219028174,87.60344280591855,True,0.07856938436319183
0.7963333333333333,87.36242658643066,87.60870176082199,True,0.24627517439132873
0.7966666666666666,87.68201219028174,87.61430751083316,True,0.06770467944858183
0.7969999999999999,87.36242658643066,87.62030040133048,True,0.2578738148998241
0.7973333333333333,87.68201219028174,87.62672152221242,True,0.05529066806931837
0.7976666666666666,87.36242658643066,87.63361194934323,True,0.27118536291257556
0.7979999999999999,87.68201219028174,87.64105452449887,True,0.04095766578286941
0.7983333333333333,87.36242658643066,87.64905809856769,True,0.28663151213703486
0.7986666666666666,87.68201219028174,87.65783631372405,True,0.024175876557691822
0.7989999999999999,87.36242658643066,87.66723981448781,True,0.3048132280571565
0.7993333333333333,87.68201219028174,87.67792280500628,True,0.004089385275463542
0.7996666666666666,87.36242658643066,87.68910120123451,True,0.3266746148038493
0.7999999999999999,87.68201219028174,87.70314133299931,True,0.021129142717569493
0.8003333333333333,87.36242658643066,87.71739832439721,True,0.3549717379665509
0.8006666666666666,87.68201219028174,87.73717610531163,True,0.05516391502989393
0.8009999999999999,87.36242658643066,87.70725410441152,True,0.3448275179808604
0.8013333333333333,87.68201219028174,87.71132856763532,True,0.029316377353580947
0.8016666666666666,87.36242658643066,87.71564385472763,True,0.353217268296973
0.8019999999999999,87.68201219028174,87.72022146681036,True,0.03820927652861883
0.8023333333333333,87.36242658643066,87.72508573323145,True,0.3626591468007945
0.8026666666666666,87.68201219028174,87.73026424055247,True,0.04825205027073309
0.8029999999999999,87.36242658643066,87.73578773828038,True,0.3733611518497213
0.8033333333333333,87.68201219028174,87.74169291662571,True,0.059680726343970036
0.8036666666666666,87.36242658643066,87.74801872007946,True,0.3855921336487995
0.8039999999999999,87.68201219028174,87.75481681109686,True,0.07280462081511985
0.8043333333333333,87.36242658643066,87.76213607414829,True,0.3997094877176295
0.8046666666666666,87.68201219028174,87.77005590449245,True,0.08804371421071266
0.8049999999999999,87.36242658643066,87.7786362693793,True,0.41620968294864724
0.8053333333333333,87.68201219028174,87.78806644080672,True,0.10605425052497708
0.8056666666666666,87.36242658643066,87.7984003789267,True,0.43597379249604273
0.8059999999999999,87.68201219028174,87.80989641454897,True,0.127884224267234
0.8063333333333333,87.36242658643066,87.8228153133969,True,0.46038872696624367
0.8066666666666666,87.68201219028174,87.83796432453134,True,0.15595213424960264
0.8069999999999999,87.36242658643066,87.84097674324329,True,0.4785501568126307
0.8073333333333333,87.68201219028174,87.83119860648321,True,0.14918641620147355
0.8076666666666666,87.36242658643066,87.83532356041876,True,0.4728969739880995
0.8079999999999999,87.68201219028174,87.83969680659311,True,0.15768461631137143
0.8083333333333333,87.36242658643066,87.84434136174856,True,0.48191477531790383
0.8086666666666666,87.68201219028174,87.84928210142441,True,0.1672699111426681
0.8089999999999999,88.0027668889277,87.8545492427004,True,0.1482176462272946
0.8093333333333333,87.68201219028174,87.86017338979853,True,0.17816119951679354
0.8096666666666666,88.0027668889277,87.86619631340392,True,0.13657057552377694
0.8099999999999999,87.68201219028174,87.87265450027672,True,0.19064230999498477
0.8103333333333333,88.0027668889277,87.87964205793128,True,0.12312483099641724
0.8106666666666666,87.68201219028174,87.88717865156705,True,0.2051664612853159
0.8109999999999999,88.0027668889277,87.8953572816638,True,0.10740960726388948
0.8113333333333334,87.68201219028174,87.9042465124253,True,0.22223432214356365
0.8116666666666666,88.0027668889277,87.91398466124625,True,0.08878222768144894
0.8119999999999999,87.68201219028174,87.92470817455266,True,0.24269598427092376
0.8123333333333334,88.0027668889277,87.93664542880981,True,0.06612146011788411
0.8126666666666666,87.68201219028174,87.95020370299368,True,0.26819151271193675
0.813,88.0027668889277,87.96617347924685,True,0.036593409680847344
0.8133333333333334,87.68201219028174,87.96042975746859,True,0.2784175671868496
0.8136666666666666,88.0027668889277,87.95718961062828,True,0.04557727829941882
0.814,87.68201219028174,87.9614897821674,True,0.2794775918856658
0.8143333333333334,88.0027668889277,87.96605937001098,True,0.036707518916713866
0.8146666666666667,87.68201219028174,87.97091927573092,True,0.288907085449182
0.815,88.0027668889277,87.97610567140973,True,0.026661217517968794
0.8153333333333334,87.68201219028174,87.98166208142881,True,0.2996498911470695
0.8156666666666667,88.0027668889277,87.98762422734052,True,0.015142661587177031
0.816,87.68201219028174,87.99401513538729,True,0.31200294510554727
0.8163333333333334,88.0027668889277,88.00090999821998,True,0.0018568907077138874
0.8166666666666667,87.68201219028174,88.008344331257,True,0.32633214097526775
0.817,88.0027668889277,88.01640937935417,True,0.013642490426477138
0.8173333333333334,87.68201219028174,88.02519328433125,True,0.3431810940495126
0.8176666666666667,88.0027668889277,88.03475724473955,True,0.03199035581185683
0.818,87.68201219028174,88.04540649876765,True,0.36339430848590837
0.8183333333333334,88.0027668889277,88.0569421151174,True,0.05417522618969883
0.8186666666666667,87.68201219028174,88.07063387806002,True,0.3886216877782829
0.819,88.0027668889277,88.08485657329281,True,0.08208968436511555
0.8193333333333334,87.68201219028174,88.1087357708809,True,0.42672358059915894
0.8196666666666667,88.0027668889277,88.08339165682163,True,0.08062476789393713
0.82,87.68201219028174,88.0854413428678,True,0.4034291525860567
0.8203333333333334,88.0027668889277,88.09008907106615,True,0.08732218213845044
0.8206666666666667,87.68201219028174,88.09503983121391,True,0.4130276409321709
0.821,88.0027668889277,88.10033108420205,True,0.09756419527435867
0.8213333333333334,87.68201219028174,88.10599027149638,True,0.4239780812146421
0.8216666666666667,88.0027668889277,88.11206557218149,True,0.10929868325379744
0.822,87.68201219028174,88.11859733006537,True,0.4365851397836309
0.8223333333333334,88.0027668889277,88.1256409060827,True,0.12287401715499868
0.8226666666666667,87.68201219028174,88.13327265052389,True,0.45126046024215327
0.823,88.0027668889277,88.14152996544446,True,0.13876307651676711
0.8233333333333333,87.68201219028174,88.15060264725844,True,0.468590456976699
0.8236666666666667,88.0027668889277,88.1604051870576,True,0.15763829812991048
0.824,87.68201219028174,88.1715132037586,True,0.48950101347685404
0.8243333333333333,88.0027668889277,88.18330899583877,True,0.18054210691107642
0.8246666666666667,88.32469495910257,88.19787263781139,True,0.1268223212911863
0.825,88.0027668889277,88.21221012013676,True,0.2094432312090646
0.8253333333333333,88.32469495910257,88.23575275033585,True,0.0889422087667242
0.8256666666666667,88.0027668889277,88.20708093494886,True,0.20431404602116743
0.826,88.32469495910257,88.21163801617563,True,0.11305694292694568
0.8263333333333333,88.0027668889277,88.21649655088201,True,0.21372966195431786
0.8266666666666667,88.32469495910257,88.22168664894954,True,0.10300831015302947
0.827,88.0027668889277,88.22724301812237,True,0.2244761291946702
0.8273333333333333,88.32469495910257,88.23320522309292,True,0.09148973600964894
0.8276666666666667,88.0027668889277,88.23961889317683,True,0.23685200424912978
0.828,88.32469495910257,88.24653781689396,True,0.07815714220861025
0.8283333333333333,88.0027668889277,88.25402352369433,True,0.2512566347666336
0.8286666666666667,88.32469495910257,88.26215283130539,True,0.06254212779718671
0.829,88.0027668889277,88.27101289162826,True,0.26824600270056465
0.8293333333333333,88.32469495910257,88.2807213183507,True,0.04397364075187227
0.8296666666666667,88.0027668889277,88.29141888138142,True,0.28865199245372253
0.83,88.32469495910257,88.3033031414732,True,0.021391817629378806
0.8303333333333333,88.0027668889277,88.31681787159629,True,0.31405098266859
0.8306666666666667,88.32469495910257,88.33245643909821,True,0.007761479995636478
0.831,88.0027668889277,88.34410212319165,True,0.3413352342639513
0.8313333333333333,88.32469495910257,88.33077172720981,True,0.006076768107234898
0.8316666666666667,88.0027668889277,88.33537231732267,True,0.3326054283949702
0.832,88.32469495910257,88.34028277553253,True,0.015587816429956547
0.8323333333333333,88.0027668889277,88.3455347859243,True,0.34276789699660526
0.8326666666666667,88.32469495910257,88.35116461092565,True,0.02646965182307781
0.833,88.0027668889277,88.35721371365608,True,0.3544468247283845
0.8333333333333333,88.32469495910257,88.36373061065625,True,0.039035651553675166
0.8336666666666667,88.0027668889277,88.37077062048293,True,0.368003731555234
0.834,88.32469495910257,88.37840178855356,True,0.053706829450987925
0.8343333333333333,88.0027668889277,88.38669921369339,True,0.38393232476569494
0.8346666666666667,88.32469495910257,88.39576735169807,True,0.07107239259549658
0.835,88.0027668889277,88.40570842257299,True,0.40294153364528995
0.8353333333333333,88.32469495910257,88.41678565191552,True,0.09209069281294546
0.8356666666666667,88.0027668889277,88.4291160797288,True,0.4263491908011048
0.836,88.32469495910257,88.44314748802785,True,0.11845252892527469
0.8363333333333333,88.0027668889277,88.45957074473183,True,0.4568038558041394
0.8366666666666667,88.32469495910257,88.46690356158012,True,0.1422086024775524
0.837,88.0027668889277,88.45652350654608,True,0.4537566176183816
0.8373333333333333,88.32469495910257,88.46130817503538,True,0.13661321593281173
0.8376666666666667,88.0027668889277,88.4664270181505,True,0.4636601292228022
0.838,88.32469495910257,88.47191153621941,True,0.14721657711683633
0.8383333333333333,88.0027668889277,88.47781102426234,True,0.47504413533464174
0.8386666666666667,88.32469495910257,88.48415405900069,True,0.1594590998981147
0.839,88.0027668889277,88.49102991658337,True,0.48826302765567675
0.8393333333333333,88.32469495910257,88.49843801568605,True,0.17374305658347566
0.8396666666666667,88.64780069318543,88.50657051294554,True,0.1412301802398872
0.84,88.32469495910257,88.51531216020845,True,0.19061720110587999
0.8403333333333333,88.64780069318543,88.52517569126769,True,0.12262500191773995
0.8406666666666667,88.32469495910257,88.53577345598201,True,0.2110784968794377
0.841,88.64780069318543,88.54794959993026,True,0.09985109325516817
0.8413333333333333,88.32469495910257,88.56126404227521,True,0.2365690831726397
0.8416666666666667,88.64780069318543,88.57694819057602,True,0.07085250260941223
0.842,88.32469495910257,88.59810233591352,True,0.27340737681095106
0.8423333333333333,88.64780069318543,88.60008072819686,True,0.04771996498857334
0.8426666666666667,88.32469495910257,88.58453365604053,True,0.2598386969379618
0.843,88.64780069318543,88.58967310432324,True,0.058127588862191715
0.8433333333333333,88.32469495910257,88.59518433705114,True,0.2704893779485644
0.8436666666666667,88.64780069318543,88.60112118622372,True,0.046679506961709194
0.844,88.32469495910257,88.60750918820902,True,0.2828142291064495
0.8443333333333333,88.64780069318543,88.61444682435,True,0.033353868835433786
0.8446666666666667,88.32469495910257,88.6219250853288,True,0.2972301262262249
0.845,88.64780069318543,88.63015583048235,True,0.01764486270307941
0.8453333333333333,88.32469495910257,88.63906876636148,True,0.31437380725890307
0.8456666666666667,88.64780069318543,88.64905759401705,True,0.0012569008316205554
0.846,88.32469495910257,88.65988012814823,True,0.3351851690456584
0.8463333333333333,88.64780069318543,88.67221863071806,True,0.02441793753263255
0.8466666666666667,88.32469495910257,88.68593811607677,True,0.3612431569741972
0.847,88.64780069318543,88.70177198337866,True,0.05397129019323188
0.8473333333333333,88.32469495910257,88.72399735645755,True,0.3993023973549725
0.8476666666666667,88.64780069318543,88.72226690935935,True,0.07446621617391713
0.848,88.32469495910257,88.70993273505526,True,0.3852377759526888
0.8483333333333333,88.64780069318543,88.71525097343729,True,0.06745028025186173
0.8486666666666667,88.32469495910257,88.7209694801308,True,0.39627452102823213
0.849,88.64780069318543,88.72713710280597,True,0.079336409620538
0.8493333333333333,88.32469495910257,88.73380252772273,True,0.40910756862015774
0.8496666666666667,88.64780069318543,88.7410370757739,True,0.09323638258847211
0.85,88.32469495910257,88.74890028817458,True,0.42420532907200936
0.8503333333333333,88.64780069318543,88.75755332974371,True,0.10975263655828371
0.8506666666666667,88.32469495910257,88.76703813623696,True,0.44234317713439
0.851,88.64780069318543,88.77753530989061,True,0.1297346167051785
0.8513333333333333,88.32469495910257,88.78918450967114,True,0.46448955056857244
0.8516666666666667,88.64780069318543,88.80229447437218,True,0.15449378118674417
0.852,88.32469495910257,88.81723114252226,True,0.49253618341968775
0.8523333333333333,88.64780069318543,88.83497498811602,True,0.18717429493058546
0.8526666666666667,88.32469495910257,88.83665193573026,True,0.5119569766276868
0.853,88.64780069318543,88.83239825013445,True,0.18459755694901503
0.8533333333333333,88.9720883992575,88.83768250745301,True,0.1344058918044908
0.8536666666666667,88.64780069318543,88.8433670578322,True,0.19556636464676558
0.854,88.9720883992575,88.84950682598587,True,0.12258157327163133
0.8543333333333333,88.64780069318543,88.85614139686496,True,0.20834070367952506
0.8546666666666667,88.9720883992575,88.86336074704451,True,0.10872765221299119
0.855,88.64780069318543,88.87119453476424,True,0.2233938415788117
0.8553333333333333,88.9720883992575,88.87985623815756,True,0.09223216109994326
0.8556666666666667,88.64780069318543,88.88931699872919,True,0.24151630554375458
0.856,88.9720883992575,88.89985049086683,True,0.0722379083906759
0.8563333333333333,88.64780069318543,88.91148976927863,True,0.26368907609320047
0.8566666666666667,88.9720883992575,88.92464874905727,True,0.04743965020023211
0.857,88.64780069318543,88.9396291714398,True,0.29182847825437364
0.8573333333333333,88.9720883992575,88.9571445067117,True,0.014943892545801418
0.8576666666666667,88.64780069318543,88.95980168674541,True,0.3120009935599768
0.858,88.9720883992575,88.95697283508649,True,0.015115564171011897
0.8583333333333333,88.64780069318543,88.96237974704137,True,0.31457905385593676
0.8586666666666667,88.9720883992575,88.96821316230641,True,0.003875236951088823
0.859,88.64780069318543,88.9745151688878,True,0.32671447570237433
0.8593333333333333,88.9720883992575,88.98136010507625,True,0.009271705818747478
0.8596666666666667,88.64780069318543,88.98878945328562,True,0.3409887601001884
0.86,88.9720883992575,88.99693476270419,True,0.02484636344668445
0.8603333333333333,88.64780069318543,89.00586734365032,True,0.3580666504648917
0.8606666666666667,88.9720883992575,89.01578848700467,True,0.043700087747168936
0.861,88.64780069318543,89.02670710091029,True,0.3789064077248554
0.8613333333333333,88.9720883992575,89.03901016187625,True,0.0669217626187475
0.8616666666666667,88.64780069318543,89.0528254949136,True,0.40502480172817457
0.862,88.9720883992575,89.06869519428078,True,0.09660679502327696
0.8623333333333333,88.64780069318543,89.08843780817388,True,0.4406371149884478
0.8626666666666667,88.9720883992575,89.08989282566546,True,0.11780442640795741
0.863,88.64780069318543,89.08375127525068,True,0.43595058206524584
0.8633333333333333,88.9720883992575,89.0894629113284,True,0.11737451207089578
0.8636666666666666,88.64780069318543,89.09564322950057,True,0.44784253631513593
0.864,88.9720883992575,89.1023444114593,True,0.13025601220179794
0.8643333333333333,88.64780069318543,89.10964542244996,True,0.46184472926452713
0.8646666666666666,88.9720883992575,89.11760842908294,True,0.145520029825434
0.865,88.64780069318543,89.1263630629094,True,0.47856236972397426
0.8653333333333333,88.9720883992575,89.13603688502698,True,0.16394848576948107
0.8656666666666666,88.64780069318543,89.14680950544262,True,0.49900881225718763
0.866,88.9720883992575,89.15879040214695,True,0.18670200288944727
0.8663333333333333,89.29756240115965,89.17236040725916,True,0.12520199390048958
0.8666666666666666,88.9720883992575,89.18783781194094,True,0.2157494126834365
0.867,89.29756240115965,89.20622812156302,True,0.0913342795966372
0.8673333333333333,88.9720883992575,89.21154826443434,True,0.23945986517684048
0.8676666666666666,89.29756240115965,89.20728625348428,True,0.09027614767536818
0.868,88.9720883992575,89.21305260221885,True,0.2409642029613508
0.8683333333333333,89.29756240115965,89.21929704700105,True,0.07826535415860292
0.8686666666666666,88.9720883992575,89.22608753976984,True,0.2539991405123345
0.869,89.29756240115965,89.23348239029711,True,0.0640800108625399
0.8693333333333333,88.9720883992575,89.24159241930916,True,0.26950402005165586
0.8696666666666666,89.29756240115965,89.25047398103125,True,0.04708842012840364
0.87,88.9720883992575,89.26033714858217,True,0.2882487493246657
0.8703333333333333,89.29756240115965,89.27127229264148,True,0.026290108518168154
0.8706666666666666,88.9720883992575,89.28364762052986,True,0.31155922127236124
0.871,89.29756240115965,89.29748079143368,True,8.160972596726879e-05
0.8713333333333333,88.9720883992575,89.31356308259275,True,0.34147468333524955
0.8716666666666666,89.29756240115965,89.33274402604168,True,0.03518162488202847
0.872,88.9720883992575,89.34072206916568,True,0.3686336699081778
0.8723333333333333,89.29756240115965,89.33299049241842,True,0.03542809125876545
0.8726666666666666,88.9720883992575,89.33899484442725,True,0.3669064451697466
0.873,89.29756240115965,89.3455101023486,True,0.04794770118894576
0.8733333333333333,88.9720883992575,89.3526279273826,True,0.38053952812509806
0.8736666666666666,89.29756240115965,89.3603809367688,True,0.06281853560915351
0.874,88.9720883992575,89.3689596817803,True,0.39687128252279535
0.8743333333333333,89.29756240115965,89.37830764434928,True,0.08074524318962517
0.8746666666666666,88.9720883992575,89.38888870613978,True,0.41680030688227987
0.875,89.29756240115965,89.40031314537528,True,0.10275074421562636
0.8753333333333333,88.9720883992575,89.4138975696673,True,0.4418091704097975
0.8756666666666666,89.29756240115965,89.42852075894852,True,0.13095835778887022
0.876,88.9720883992575,89.4467189700064,True,0.4746305707489
0.8763333333333333,89.29756240115965,89.45825229131059,True,0.16068989015093393
0.8766666666666666,88.9720883992575,89.45513139324393,True,0.48304299398643025
0.877,89.29756240115965,89.46107215054289,True,0.1635097493832376
0.8773333333333333,88.9720883992575,89.46753066551868,True,0.49544226626117904
0.8776666666666666,89.29756240115965,89.47458344285867,True,0.177021041699021
0.878,89.62422703855009,89.48228700505881,True,0.14194003349128081
0.8783333333333333,89.29756240115965,89.49079956574994,True,0.19323716459028617
0.8786666666666666,89.62422703855009,89.50011490831088,True,0.12411213023921164
0.879,89.29756240115965,89.51062644808775,True,0.21306404692809622
0.8793333333333333,89.62422703855009,89.52205274573704,True,0.10217429281304646
0.8796666666666666,89.29756240115965,89.5355165780561,True,0.23795417689645149
0.88,89.62422703855009,89.54971673630286,True,0.07451030224723354
0.8803333333333333,89.29756240115965,89.5683174033045,True,0.2707550021448526
0.8806666666666666,89.62422703855009,89.58319140160393,True,0.04103563694616241
0.881,89.29756240115965,89.57934993577886,True,0.28178753461921247
0.8813333333333333,89.62422703855009,89.58540900971202,True,0.03881802883806529
0.8816666666666666,89.29756240115965,89.59200964090651,True,0.2944472397468587
0.882,89.62422703855009,89.59922746688689,True,0.024999571663201436
0.8823333333333333,89.29756240115965,89.6071507732499,True,0.30958837209024637
0.8826666666666666,89.62422703855009,89.6158818054117,True,0.00834523313838531
0.883,89.29756240115965,89.62556325612832,True,0.32800085496866416
0.8833333333333333,89.62422703855009,89.63632438141022,True,0.012097342860130311
0.8836666666666666,89.29756240115965,89.64844260661428,True,0.3508802054546294
0.884,89.62422703855009,89.66203612813243,True,0.037809089582339084
0.8843333333333333,89.29756240115965,89.67784142981074,True,0.3802790286510884
0.8846666666666666,89.62422703855009,89.69571514076148,True,0.07148810221139001
0.885,89.29756240115965,89.71943733497739,True,0.4218749338177332
0.8853333333333333,89.62422703855009,89.70571315394399,True,0.0814861153939006
0.8856666666666666,89.29756240115965,89.71209343325863,True,0.4145310320989779
0.886,89.62422703855009,89.71905589604965,True,0.09482885749956438
0.8863333333333333,89.29756240115965,89.72671238037901,True,0.4291499792193605
0.8866666666666666,89.62422703855009,89.73513714971129,True,0.11091011116120342
0.887,89.29756240115965,89.74447615517239,True,0.4469137540127406
0.8873333333333333,89.62422703855009,89.7548804936823,True,0.1306534551322045
0.8876666666666666,89.29756240115965,89.76649730748888,True,0.4689349063292241
0.888,89.62422703855009,89.77973254655986,True,0.15550550800976737
0.8883333333333333,89.29756240115965,89.79456473193336,True,0.4970023307737108
0.8886666666666666,89.62422703855009,89.81238048626392,True,0.18815344771383025
0.889,89.95208666696215,89.83245617575497,True,0.11963049120717528
0.8893333333333333,89.62422703855009,89.8299339305775,True,0.20570689202740766
0.8896666666666666,89.95208666696215,89.83453592324724,True,0.11755074371490082
0.89,89.62422703855009,89.84143578904902,True,0.2172087504989264
0.8903333333333333,89.95208666696215,89.8490663381487,True,0.10302032881344303
0.8906666666666666,89.62422703855009,89.85747657550382,True,0.23324953695373551
0.891,89.95208666696215,89.86681825115747,True,0.08526841580467703
0.8913333333333333,89.62422703855009,89.87722022426537,True,0.2529931857152832
0.8916666666666666,89.95208666696215,89.88891012374745,True,0.0631765432146949
0.892,89.62422703855009,89.90212257588239,True,0.27789553733229866
0.8923333333333333,89.95208666696215,89.91722757302355,True,0.03485909393859288
0.8926666666666666,89.62422703855009,89.9347913809894,True,0.31056434243930653
0.893,89.95208666696215,89.955997513529,True,0.003910846566853365
0.8933333333333333,89.62422703855009,89.95802156268302,True,0.33379452413292654
0.8936666666666666,89.95208666696215,89.95928758248915,True,0.007200915527008078
0.894,89.62422703855009,89.96641052288172,True,0.3421834843316276
0.8943333333333333,89.95208666696215,89.97419878465689,True,0.022112117694746303
0.8946666666666666,89.62422703855009,89.98291059441546,True,0.35868355586536893
0.895,89.95208666696215,89.99242077546657,True,0.04033410850442465
0.8953333333333333,89.62422703855009,90.00340476126435,True,0.3791777227142603
0.8956666666666666,89.95208666696215,90.01540968179097,True,0.06332301482882485
0.896,89.62422703855009,90.029525230574,True,0.40529819202390627
0.8963333333333333,89.95208666696215,90.04523989859298,True,0.09315323163083633
0.8966666666666666,89.62422703855009,90.06410686729131,True,0.4398798287412262
0.897,89.95208666696215,90.08876298000226,True,0.13667631304011252
0.8973333333333333,89.62422703855009,90.09661253756926,True,0.47238549901916826
0.8976666666666666,89.95208666696215,90.08642761594714,True,0.13434094898499893
0.898,89.62422703855009,90.09397462932203,True,0.46974759077194506
0.8983333333333333,89.95208666696215,90.10235133602626,True,0.1502646690641143
0.8986666666666666,89.62422703855009,90.11160222036808,True,0.48737518181799544
0.899,89.95208666696215,90.1220581889411,True,0.16997152197895105
0.8993333333333333,90.28114565786237,90.13359775337625,True,0.14754790448611743
0.8996666666666666,89.95208666696215,90.14709425532875,True,0.19500758836660737
0.9,90.28114565786237,90.16174751626909,True,0.11939814159327966
0.9003333333333333,89.95208666696215,90.18032122646905,True,0.22823455950690175
0.9006666666666666,90.28114565786237,90.2006923649393,True,0.08045329292306747
0.901,89.95208666696215,90.22219167985709,True,0.2701050128949447
0.9013333333333333,90.28114565786237,90.20877915341323,True,0.0723665044491355
0.9016666666666666,89.95208666696215,90.21631387591368,True,0.26422720895153873
0.902,90.28114565786237,90.224649095418,True,0.05649656244436585
0.9023333333333333,89.95208666696215,90.23392206237702,True,0.28183539541487335
0.9026666666666666,90.28114565786237,90.24435706012164,True,0.03678859774072407
0.903,89.95208666696215,90.2559735518082,True,0.303886884846051
0.9033333333333333,90.28114565786237,90.26950663524158,True,0.01163902262078409
0.9036666666666666,89.95208666696215,90.2843051845993,True,0.33221851763715904
0.9039999999999999,90.28114565786237,90.30309941196121,True,0.02195375409884548
0.9043333333333333,89.95208666696215,90.32207475933188,True,0.36998809236973784
0.9046666666666666,90.28114565786237,90.35817147110161,True,0.07702581323924562
0.9049999999999999,89.95208666696215,90.33336906024707,True,0.38128239328491986
0.9053333333333333,90.28114565786237,90.34110103176882,True,0.05995537390644756
0.9056666666666666,89.95208666696215,90.34969422054674,True,0.3976075535845922
0.9059999999999999,90.28114565786237,90.35929206005841,True,0.0781464021960403
0.9063333333333333,89.95208666696215,90.37008262519444,True,0.4179959582322965
0.9066666666666666,90.28114565786237,90.38229418729706,True,0.10114852943469543
0.9069999999999999,89.95208666696215,90.39623075591675,True,0.44414408895460156
0.9073333333333333,90.28114565786237,90.41234171938626,True,0.1311960615238945
0.9076666666666666,89.95208666696215,90.43114837010323,True,0.47906170314108465
0.9079999999999999,90.28114565786237,90.4545447001032,True,0.17339904224083114
0.9083333333333333,89.95208666696215,90.45826553949945,True,0.5061788725373049
0.9086666666666666,90.28114565786237,90.46049006702708,True,0.17934440916471317
0.9089999999999999,90.61140839870887,90.46865744156914,True,0.1427509571397394
0.9093333333333333,90.28114565786237,90.47781084895587,True,0.19666519109350133
0.9096666666666666,90.61140839870887,90.48800353790307,True,0.12340486080580604
0.9099999999999999,90.28114565786237,90.49964723803738,True,0.21850158017501542
0.9103333333333333,90.61140839870887,90.51279877753815,True,0.09860962117072347
0.9106666666666666,90.28114565786237,90.52822647991353,True,0.24708082205116
0.9109999999999999,90.61140839870887,90.54588368196032,True,0.06552471674855553
0.9113333333333333,90.28114565786237,90.56744742425556,True,0.28630176639319416
0.9116666666666666,90.61140839870887,90.58230615666884,True,0.029102242040039528
0.9119999999999999,90.28114565786237,90.58225766436496,True,0.30111200650259207
0.9123333333333333,90.61140839870887,90.59035158525718,True,0.0210568134516933
0.9126666666666666,90.28114565786237,90.59938815430282,True,0.31824249644044755
0.9129999999999999,90.61140839870887,90.6095565990921,True,0.0018517996167730644
0.9133333333333333,90.28114565786237,90.62102540282031,True,0.3398797449579405
0.9136666666666666,90.61140839870887,90.6341714592999,True,0.022763060591032058
0.9139999999999999,90.28114565786237,90.64914473569375,True,0.3679990778313851
0.9143333333333333,90.61140839870887,90.66692359349938,True,0.05551519479050171
0.9146666666666666,90.28114565786237,90.68728229145646,True,0.40613663359408747
0.9149999999999999,90.61140839870887,90.7148420130033,True,0.10343361429443121
0.9153333333333333,90.28114565786237,90.7062428159822,True,0.42509715811982574
0.9156666666666666,90.61140839870887,90.71444217538932,True,0.10303377668044789
0.9159999999999999,90.28114565786237,90.72375154644347,True,0.44260588858109884
0.9163333333333333,90.61140839870887,90.73411225017895,True,0.12270385147007801
0.9166666666666666,90.28114565786237,90.74600877620479,True,0.46486311834242144
0.9169999999999999,90.61140839870887,90.75956078533065,True,0.1481523866217742
0.9173333333333333,90.28114565786237,90.77512490514899,True,0.49397924728661735
0.9176666666666666,90.61140839870887,90.79401474494466,True,0.18260634623578653
0.9179999999999999,90.94287929300975,90.81479341270384,True,0.1280858803059175
0.9183333333333333,90.61140839870887,90.85180458300346,True,0.24039618429458187
0.9186666666666666,90.94287929300975,90.84312339757022,True,0.09975589543952879
0.9189999999999999,90.61140839870887,90.84130443965368,True,0.22989604094480853
0.9193333333333333,90.94287929300975,90.85095111428149,True,0.09192817872826708
0.9196666666666666,90.61140839870887,90.86212663166452,True,0.25071823295564855
0.9199999999999999,90.94287929300975,90.87441242296919,True,0.06846687004056662
0.9203333333333333,90.61140839870887,90.889440268488,True,0.2780318697791273
0.9206666666666666,90.94287929300975,90.90591971686925,True,0.036959576140503714
0.9209999999999999,90.61140839870887,90.92685311442165,True,0.315444715712772
0.9213333333333333,90.94287929300975,90.95173885047463,True,0.008859557464873546
0.9216666666666666,90.61140839870887,90.97130270685953,True,0.3598943081506576
0.9219999999999999,90.94287929300975,90.96164490274698,True,0.018765609737229738
0.9223333333333333,90.61140839870887,90.97111081890914,True,0.35970242020026433
0.9226666666666666,90.94287929300975,90.98190050369361,True,0.03902121068385611
0.9229999999999999,90.61140839870887,90.99404123247572,True,0.38263283376684853
0.9233333333333333,90.94287929300975,91.00844078789028,True,0.06556149488052654
0.9236666666666666,90.61140839870887,91.02431620983666,True,0.41290781112778063
0.9239999999999999,90.94287929300975,91.04499090404741,True,0.10211161103765676
0.9243333333333333,90.61140839870887,91.06586882745917,True,0.4544604287502949
0.9246666666666666,90.94287929300975,91.10669947432847,True,0.16382018131871234
0.9249999999999999,90.61140839870887,91.08431376591841,True,0.4729053672095347
0.9253333333333333,90.94287929300975,91.09386363315951,True,0.15098434014976192
0.9256666666666666,90.61140839870887,91.1046254858509,True,0.4932170871420283
0.9259999999999999,90.94287929300975,91.11705498535528,True,0.17417569234552843
0.9263333333333333,91.27556276038183,91.13130092269334,True,0.14426183768848944
0.9266666666666666,90.94287929300975,91.14806865411647,True,0.2051893611067186
0.9269999999999999,91.27556276038183,91.16790668766892,True,0.10765607271291344
0.9273333333333333,90.94287929300975,91.19212811700054,True,0.24924882399078285
0.9276666666666666,91.27556276038183,91.20485565525773,True,0.07070710512410017
0.9279999999999999,90.94287929300975,91.20970611637159,True,0.26682682336183916
0.9283333333333333,91.27556276038183,91.21945834423067,True,0.056104416151157466
0.9286666666666666,90.94287929300975,91.23084925123781,True,0.2879699582280608
0.9289999999999999,91.27556276038183,91.24340864254006,True,0.03215411784177036
0.9293333333333333,90.94287929300975,91.25900769997014,True,0.316128406960388
0.9296666666666666,91.27556276038183,91.2753815568741,True,0.00018120350773642713
0.9299999999999999,90.94287929300975,91.29874012206429,True,0.3558608290545351
0.9303333333333333,91.27556276038183,91.32173505775589,True,0.04617229737405637
0.9306666666666666,90.94287929300975,91.36446412715024,True,0.4215848341404893
0.9309999999999999,91.27556276038183,91.33754069079454,True,0.06197793041270927
0.9313333333333333,90.94287929300975,91.34807072864447,True,0.4051914356347197
0.9316666666666666,91.27556276038183,91.36032317897799,True,0.08476041859616146
0.9319999999999999,90.94287929300975,91.37444145770547,True,0.43156216469571973
0.9323333333333333,91.27556276038183,91.39086575042649,True,0.11530299004465405
0.9326666666666666,90.94287929300975,91.41113647613125,True,0.46825718312149434
0.9329999999999999,91.27556276038183,91.43363051011079,True,0.1580677497289571
0.9333333333333333,90.94287929300975,91.47399829473487,True,0.5311190017251164
0.9336666666666666,91.27556276038183,91.46848283214217,True,0.19292007176034076
0.9339999999999999,91.60946323660963,91.46845882726966,True,0.1410044093399705
0.9343333333333333,91.27556276038183,91.4804027984265,True,0.2048400380446651
0.9346666666666666,91.60946323660963,91.49386289497629,True,0.1156003416333391
0.9349999999999999,91.27556276038183,91.51030245395023,True,0.2347396935684003
0.9353333333333333,91.60946323660963,91.52891980867123,True,0.08054342793839453
0.9356666666666666,91.27556276038183,91.5531681201929,True,0.27760535981106216
0.9359999999999999,91.60946323660963,91.5751206188747,True,0.03434261773492153
0.9363333333333334,91.27556276038183,91.58135599130418,True,0.30579323092234745
0.9366666666666666,91.60946323660963,91.59174826850186,True,0.01771496810776796
0.9369999999999999,91.27556276038183,91.60375837013765,True,0.3281956097558236
0.9373333333333334,91.60946323660963,91.61777446152269,True,0.008311224913057913
0.9376666666666666,91.27556276038183,91.63402900703433,True,0.3584662466524975
0.938,91.60946323660963,91.65414045679164,True,0.04467722018200959
0.9383333333333334,91.27556276038183,91.67681694249161,True,0.40125418210978125
0.9386666666666666,91.60946323660963,91.7119675614573,True,0.10250432484767202
0.939,91.27556276038183,91.71135915622082,True,0.43579639583899166
0.9393333333333334,91.60946323660963,91.71769515548229,True,0.10823191887266148
0.9396666666666667,91.27556276038183,91.73011456820122,True,0.4545518078193851
0.94,91.60946323660963,91.74487829424852,True,0.1354150576388946
0.9403333333333334,91.27556276038183,91.76210367529914,True,0.4865409149173132
0.9406666666666667,91.60946323660963,91.78350937584526,True,0.17404613923562806
0.941,91.94458517370443,91.80926623411271,True,0.1353189395917127
0.9413333333333334,91.60946323660963,91.83410780882386,True,0.22464457221423118
0.9416666666666667,91.94458517370443,91.83511677136906,True,0.10946840233536648
0.942,91.60946323660963,91.84688103556446,True,0.23741779895483717
0.9423333333333334,91.94458517370443,91.86063896896928,True,0.0839462047351418
0.9426666666666667,91.60946323660963,91.8767806620691,True,0.267317425459467
0.943,91.94458517370443,91.8964447082884,True,0.04814046541602579
0.9433333333333334,91.60946323660963,91.91959538858681,True,0.3101321519771858
0.9436666666666667,91.94458517370443,91.95186933186132,True,0.0072841581568923175
0.944,91.60946323660963,91.95774749673843,True,0.348284260128807
0.9443333333333332,91.94458517370443,91.9666294407652,True,0.02204426706077811
0.9446666666666667,91.60946323660963,91.97945065647703,True,0.3699874198673996
0.945,91.94458517370443,91.99570957503039,True,0.051124401325964186
0.9453333333333332,91.60946323660963,92.01348933090772,True,0.40402609429808933
0.9456666666666667,91.94458517370443,92.0379551557278,True,0.09336998202337554
0.946,91.60946323660963,92.0659552618137,True,0.45649202520407073
0.9463333333333332,91.94458517370443,92.0973400295132,True,0.15275485580878012
0.9466666666666667,91.60946323660963,92.08912290142177,True,0.4796596648121465
0.947,91.94458517370443,92.10245923869005,True,0.15787406498562007
0.9473333333333332,91.60946323660963,92.11826697331992,True,0.5088037367102913
0.9476666666666667,91.94458517370443,92.13722389667933,True,0.19263872297490536
0.948,92.28093303996367,92.16055363491155,True,0.12037940505211964
0.9483333333333333,91.94458517370443,92.19003377733463,True,0.2454486036302086
0.9486666666666667,92.28093303996367,92.20376151394083,True,0.07717152602283761
0.949,91.94458517370443,92.21450822610493,True,0.2699230524005003
0.9493333333333333,92.28093303996367,92.22790257110542,True,0.053030468858253244
0.9496666666666667,91.94458517370443,92.2450449706192,True,0.30045979691477953
0.95,92.28093303996367,92.26354092380265,True,0.017392116161019544
0.9503333333333333,91.94458517370443,92.29045774122724,True,0.34587256752281803
0.9506666666666667,92.28093303996367,92.31523488128519,True,0.03430184132152192
0.951,91.94458517370443,92.33001056126292,True,0.38542538755849876
0.9513333333333333,92.28093303996367,92.3427990004908,True,0.061865960527129005
0.9516666666666667,91.94458517370443,92.35773506379834,True,0.4131498900939192
0.952,92.28093303996367,92.37586436023348,True,0.09493132026980788
0.9523333333333333,91.94458517370443,92.39837453217545,True,0.4537893584710275
0.9526666666666667,92.28093303996367,92.42533860383818,True,0.1444055638745141
0.953,91.94458517370443,92.44641440506076,True,0.5018292313563393
0.9533333333333333,92.28093303996367,92.46061447602328,True,0.17968143605961018
0.9536666666666667,92.61851132003058,92.47468634513878,True,0.14382497489179968
0.954,92.28093303996367,92.4917136145929,True,0.21078057462922573
0.9543333333333333,92.61851132003058,92.512245055653,True,0.10626626437758091
0.9546666666666667,92.28093303996367,92.53823113358142,True,0.2572980936177487
0.955,92.61851132003058,92.57137186298101,True,0.04713945704956757
0.9553333333333333,92.28093303996367,92.58128795782812,True,0.30035491786445334
0.9556666666666667,92.61851132003058,92.5948043646644,True,0.023706955366179727
0.956,92.28093303996367,92.61191503768308,True,0.3309819977194053
0.9563333333333333,92.61851132003058,92.63193280472774,True,0.013421484697161645
0.9566666666666667,92.28093303996367,92.65781620245437,True,0.3768831624906994
0.957,92.61851132003058,92.6929235358577,True,0.07441221582712387
0.9573333333333333,92.28093303996367,92.71674029184913,True,0.4358072518854641
0.9576666666666667,92.61851132003058,92.7185873992719,True,0.1000760792413189
0.958,92.28093303996367,92.73545272265625,True,0.4545196826925775
0.9583333333333333,92.61851132003058,92.75645215800903,True,0.13794083797844792
0.9586666666666667,92.28093303996367,92.7821549285419,True,0.5012218885782289
0.959,92.61851132003058,92.81785442308187,True,0.19934310305129088
0.9593333333333333,92.95732451495387,92.8309726328805,True,0.12635188207336512
0.9596666666666667,92.61851132003058,92.84479115659707,True,0.22627983656649064
0.96,92.95732451495387,92.86278043277618,True,0.09454408217769128
0.9603333333333333,92.61851132003058,92.88481673412274,True,0.2663054140921588
0.9606666666666667,92.95732451495387,92.91374097284167,True,0.04358354211220217
0.961,92.61851132003058,92.94487765579498,True,0.3263663357644049
0.9613333333333333,92.95732451495387,92.95911020372887,True,0.0017856887750014039
0.9616666666666667,92.61851132003058,92.97526870833461,True,0.3567573883040325
0.962,92.95732451495387,92.99525372148562,True,0.03792920653175713
0.9623333333333333,92.61851132003058,93.02034463055296,True,0.4018333105223775
0.9626666666666667,92.95732451495387,93.05372636024545,True,0.09640184529158091
0.963,92.61851132003058,93.07700994198713,True,0.4584986219565508
0.9633333333333333,92.95732451495387,93.09171714480186,True,0.13439262984799427
0.9636666666666667,92.61851132003058,93.10961742510655,True,0.4911061050759713
0.964,92.95732451495387,93.13403239348945,True,0.17670787853558068
0.9643333333333333,93.29737714224785,93.16113060854909,True,0.13624653369876683
0.9646666666666667,92.95732451495387,93.20958161495717,True,0.25225710000330537
0.965,93.29737714224785,93.21042602568885,True,0.08695111655900689
0.9653333333333333,92.95732451495387,93.22920577821581,True,0.27188126326194606
0.9656666666666667,93.29737714224785,93.25077141022524,True,0.046605732022612756
0.966,92.95732451495387,93.28133865665288,True,0.3240141416990099
0.9663333333333333,93.29737714224785,93.31123403520625,True,0.01385689295840109
0.9666666666666667,92.95732451495387,93.33352970357204,True,0.3762051886181723
0.967,93.29737714224785,93.35161786269941,True,0.05424072045155981
0.9673333333333333,92.95732451495387,93.37489067333549,True,0.4175661583816179
0.9676666666666667,93.29737714224785,93.40311093807671,True,0.10573379582885423
0.968,92.95732451495387,93.45101879066353,True,0.4936942757096574
0.9683333333333333,93.29737714224785,93.46807685270662,True,0.17069971045876287
0.9686666666666667,93.63867373595257,93.47715865468835,True,0.16151508126421277
0.969,93.29737714224785,93.50283699609531,True,0.2054598538474579
0.9693333333333333,93.63867373595257,93.53061161001956,True,0.10806212593300302
0.9696666666666667,93.29737714224785,93.58405887450071,True,0.286681732252859
0.97,93.63867373595257,93.58775011806438,True,0.05092361788818778
0.9703333333333333,93.29737714224785,93.60673447472747,True,0.30935733247962105
0.9706666666666667,93.63867373595257,93.63581110296342,True,0.0028626329891494606
0.971,93.29737714224785,93.66983168983465,True,0.3724545475867984
0.9713333333333333,93.63867373595257,93.71558281548094,True,0.07690907952837733
0.9716666666666667,93.29737714224785,93.72007149370829,True,0.42269435146043577
0.972,93.63867373595257,93.74401341036408,True,0.10533967441151049
0.9723333333333333,93.29737714224785,93.77449593079093,True,0.47711878854308054
0.9726666666666667,93.63867373595257,93.83201389217777,True,0.1933401562252044
0.973,93.98121884669436,93.8537906337055,True,0.12742821298886042
0.9733333333333333,93.63867373595257,93.85803503011908,True,0.21936129416651795
0.9736666666666667,93.98121884669436,93.88652841531487,True,0.09469043137949029
0.974,93.63867373595257,93.92768013796478,True,0.2890064020122196
0.9743333333333333,93.98121884669436,93.95514460567229,True,0.026074241022072897
0.9746666666666667,93.63867373595257,93.97453262628372,True,0.3358588903311528
0.975,93.98121884669436,94.00664869284785,True,0.02542984615348587
0.9753333333333333,93.63867373595257,94.03875480084116,True,0.40008106488859596
0.9756666666666667,93.98121884669436,94.1104575962233,True,0.12923874952893755
0.976,93.63867373595257,94.09822534207487,True,0.4595516061223037
0.9763333333333333,93.98121884669436,94.12752808940499,True,0.14630924271062895
0.9766666666666667,94.3250170417464,94.1677976419244,True,0.1572193998220115
0.977,93.98121884669436,94.20948169277713,True,0.22826284608277092
0.9773333333333333,94.3250170417464,94.22518363292474,True,0.09983340882166658
0.9776666666666667,93.98121884669436,94.25448386493787,True,0.2732650182435066
0.978,94.3250170417464,94.30075289104043,True,0.02426415070597443
0.9783333333333333,93.98121884669436,94.33172623569874,True,0.3505073890043775
0.9786666666666667,94.3250170417464,94.35601208297426,True,0.030995041227853903
0.979,93.98121884669436,94.3866173798275,True,0.40539853313313756
0.9793333333333333,94.3250170417464,94.44375258905302,True,0.1187355473066134
0.9796666666666667,93.98121884669436,94.46148660907417,True,0.4802677623798104
0.98,94.3250170417464,94.49332086090729,True,0.168303819160883
0.9803333333333333,94.67007290508975,94.52653493215523,True,0.1435379729345243
0.9806666666666667,94.3250170417464,94.59876605017928,True,0.27374900843287264
0.981,94.67007290508975,94.6001130564272,True,0.069959848662549
0.9813333333333333,94.3250170417464,94.63642820672871,True,0.31141116498230303
0.9816666666666667,94.67007290508975,94.67772550031786,True,0.007652595228108794
0.982,94.3250170417464,94.71547727162806,True,0.3904602298816542
0.9823333333333333,94.67007290508975,94.74672531803026,True,0.07665241294050418
0.9826666666666667,94.3250170417464,94.80045728602155,True,0.4754402442751484
0.983,94.67007290508975,94.83952799177604,True,0.16945508668628406
0.9833333333333333,95.01639103747436,94.86412656936713,True,0.1522644681072336
0.9836666666666667,94.67007290508975,94.91139129382549,True,0.24131838873573486
0.984,95.01639103747436,94.95152595122259,True,0.06486508625177123
0.9843333333333333,94.67007290508975,94.98727190791074,True,0.3171990028209848
0.9846666666666666,95.01639103747436,95.02842216174508,True,0.012031124270720284
0.985,94.67007290508975,95.07800199751583,True,0.4079290924260732
0.9853333333333333,95.01639103747436,95.11443032836087,True,0.0980392908865042
0.9856666666666666,94.67007290508975,95.15578231253681,True,0.4857094074470609
0.986,95.01639103747436,95.20873473458751,True,0.19234369711314514
0.9863333333333333,95.36397605648044,95.24623174294415,True,0.11774431353629211
0.9866666666666666,95.01639103747436,95.29510463163881,True,0.27871359416444363
0.987,95.36397605648044,95.34294776565943,True,0.021028290821007545
0.9873333333333333,95.01639103747436,95.38780348583231,True,0.37141244835794396
0.9876666666666666,95.36397605648044,95.44278655953777,True,0.07881050305732629
0.988,95.01639103747436,95.4812116615052,True,0.46482062403083546
0.9883333333333333,95.36397605648044,95.54878220954694,True,0.1848061530665035
0.9886666666666666,95.71283259658007,95.59293292003366,True,0.1198996765464102
0.989,95.36397605648044,95.63366843444174,True,0.26969237796130585
0.9893333333333333,95.71283259658007,95.6986231156962,True,0.014209480883877745
0.9896666666666666,95.36397605648044,95.73500769878693,True,0.371031642306491
0.99,95.71283259658007,95.82551073698966,True,0.11267814040958513
0.9903333333333333,95.36397605648044,95.8525663559928,True,0.4885902995123672
0.9906666666666666,95.71283259658007,95.91817953446788,True,0.20534693788781055
0.991,96.06296530919897,95.97408569318135,True,0.08887961601762129
0.9913333333333333,95.71283259658007,96.03173517442154,True,0.31890257784147025
0.9916666666666666,96.06296530919897,96.09759823902078,True,0.034632929821810876
0.992,95.71283259658007,96.1575213922089,True,0.444688795628835
0.9923333333333333,96.06296530919897,96.22532122285581,True,0.16235591365683888
0.9926666666666666,96.41437886277848,96.29161341113826,True,0.12276545164021968
0.993,96.06296530919897,96.36069776296883,True,0.2977324537698536
0.9933333333333333,96.41437886277848,96.43243195426604,True,0.01805309148755896
0.9936666666666666,96.06296530919897,96.50941925055369,True,0.4464539413547186
0.994,96.41437886277848,96.57447717489642,True,0.16009831211793824
0.9943333333333333,96.76707794283786,96.6906384352441,True,0.07643950759376139
0.9946666666666666,96.41437886277848,96.73571294100708,True,0.3213340782286025
0.995,96.76707794283786,96.82291157379495,True,0.05583363095709615
0.9953333333333333,97.12106725203672,96.94485860081525,True,0.17620865122147222
0.9956666666666666,96.76707794283786,97.00417455475453,True,0.23709661191666953
0.996,97.12106725203672,97.0937676861884,True,0.027299565848323937
0.9963333333333333,97.47635151023778,97.21837640426013,True,0.25797510597764983
0.9966666666666666,97.12106725203672,97.36068470800703,True,0.23961745597030415
0.997,97.47635151023778,97.46364333004833,True,0.012708180189449081
0.9973333333333333,97.83293545456974,97.58630282210571,True,0.24663263246402778
0.9976666666666666,97.47635151023778,97.72482646104635,True,0.2484749508085713
0.998,97.83293545456974,97.87827660742566,True,0.04534115285592577
0.9983333333333333,98.19082383949046,98.04692877512481,True,0.14389506436565114
0.9986666666666666,98.5500214368504,98.18360542569766,True,0.3664160111527366
0.999,98.91053303595615,98.33070035660882,True,0.5798326793473336
0.9993333333333333,99.2723634436344,98.45987241539945,True,0.8124910282349589
0.9996666666666666,99.63551748429593,98.72370821079747,True,0.9118092734984629
1.0,99.2723634436344,100.0,True,0.7276365563655958
